{"type": "Feature", "properties": {}, "geometry": {"type": "MultiLineString", "coordinates": [[[127.00849067527633, 34.7264226942033], [127.00843728820226, 34.73544020279503]], [[127.00827698460408, 34.76249264788115], [127.00822350257818, 34.77151010267489]], [[127.00784846242733, 34.834631909445456], [127.0077947899997, 34.843649256567204]], [[127.00617348118996, 35.114163401454725], [127.00611906462188, 35.123180330401844]], [[127.00606462388008, 35.132197245834725], [127.00584661896238, 35.16826477239307]], [[127.00579205719198, 35.17728162023171], [127.00573747118378, 35.18629845454694]], [[127.00414388518789, 35.4477807601859], [127.00403322431475, 35.46581360243464]], [[127.00358959659148, 35.537944428448945], [127.00353403221919, 35.54696072059101]], [[127.00191188358754, 35.808427277368104], [127.00168649476453, 35.844490731441496]], [[127.00157365009828, 35.86252237668788], [127.00134765980553, 35.89858550354299]], [[126.99975443431138, 36.15102127521322], [126.99958255318687, 36.17806732943418]], [[126.9986619744721, 36.32231087098688], [126.99860422070489, 36.33132597588698]], [[126.99831506658971, 36.37640129474325], [126.99825715862886, 36.38541631737621]], [[126.9978510815247, 36.44852109168586], [126.99779296731452, 36.457536004553845]], [[126.99377996769736, 37.0705178079897], [126.99354010791549, 37.10657357574653]], [[126.99311932461627, 37.16967063722462], [126.99305910564121, 37.17868444784753]], [[126.9927576084223, 37.223753293497566], [126.99269722842213, 37.23276702112609]], [[126.99245543948213, 37.2688217932611], [126.99233438347248, 37.28684909628411]], [[126.99203127148274, 37.33191711155051], [126.99197056807537, 37.3409306730585]], [[126.99117895919116, 37.45810571176099], [126.99111787617119, 37.46711907924226]], [[126.9908732718559, 37.50317241047546], [126.99075080617769, 37.52119899286036]], [[126.99056690297101, 37.54823876237151], [126.99050554726688, 37.557251991119536]], [[126.99019835840241, 37.60231792663914], [126.990075291122, 37.620344203655556]], [[126.99001371634411, 37.62935732133238], [126.98995211412385, 37.63837042512004]], [[126.98982882730432, 37.656396591023245], [126.989643690933, 37.683435735680426]], [[126.98777864642989, 37.95382029858116], [126.98765342080738, 37.971845490679144]], [[127.0417540687428, 34.6363742395059], [127.04160518018016, 34.663427256025905]], [[127.04065759712236, 34.83476021966434], [127.04060750243342, 34.84377760960743]], [[127.03761218354208, 35.3757797444838], [127.03750926548219, 35.39381289053017]], [[127.03730315491524, 35.42987902000911], [127.03709667787653, 35.46594493259048]], [[127.03678627375639, 35.52004339457249], [127.03673445927294, 35.5290597574134]], [[127.0345901293272, 35.898718931414635], [127.03443168862717, 35.92576626517874]], [[127.03320993634848, 36.133125077516674], [127.03315653298145, 36.14214051416249]], [[127.03267483348374, 36.22327882870028], [127.03256752731743, 36.241309414803446]], [[127.02990851174769, 36.68304164958932], [127.02985364081592, 36.692056249947825]], [[127.02707874641426, 37.14276870912826], [127.02691028176278, 37.16981036003358]], [[127.02657267693263, 37.223893288739056], [127.02651632175639, 37.23290706181023]], [[127.02634710564283, 37.25994829806271], [127.02629065003762, 37.268962015822474]], [[127.02617766340575, 37.28698940984814], [127.02612113235554, 37.296003086111625]], [[127.02583809929104, 37.34107125988732], [127.02578141703287, 37.350084853125686]], [[127.02572470953206, 37.35909843252233], [127.02561121875515, 37.37712554978566]], [[127.02509925761943, 37.45824689199013], [127.02504224628183, 37.46726030519307]], [[127.02487105983884, 37.49430046165401], [127.02469964449963, 37.521340493368434]], [[127.02464245513151, 37.53035380954631], [127.0245852402826, 37.53936711185876]], [[127.02447073409434, 37.55739367488273], [127.02429878340558, 37.58443341539879]], [[127.02378155017767, 37.665551887710684], [127.02372395167194, 37.67456498190207]], [[127.02204237738522, 37.93593866928697], [127.02198400335044, 37.944951346464144]], [[126.96404484308572, 34.84346435105673], [126.96398637452057, 34.85248162301095]], [[126.96251618799495, 35.07790903648867], [126.96245704029737, 35.08692595742974]], [[126.96180467888028, 35.18611119502116], [126.96162620831046, 35.21316143014268]], [[126.95946591097687, 35.53775473268123], [126.9594054083, 35.54677096208149]], [[126.958250737278, 35.718076735262564], [126.95818969479242, 35.72709269241031]], [[126.95702472136136, 35.898393287254656], [126.95696313420851, 35.907408971568685]], [[126.95528989764318, 36.150827281152644], [126.95522753966344, 36.15984258254316]], [[126.95410034531467, 36.32211566418895], [126.95403745867705, 36.3311307051163]], [[126.95188259839503, 36.63763392302022], [126.95175482488119, 36.65566302893933]], [[126.94884967226763, 37.0613033300512], [126.9487844505499, 37.07031724134008]], [[126.94747390276824, 37.250592561227755], [126.94740806866146, 37.259606181832055]], [[126.94694640843068, 37.32270113803349], [126.94681424104738, 37.340728143616595]], [[126.94661576917599, 37.3677685479879], [126.94654955295132, 37.3767819883726]], [[126.94648330723648, 37.38579541488574], [126.9464170320177, 37.39480882752613]], [[126.94621802919907, 37.42184898219863], [126.94608521287954, 37.43987568259438]], [[126.94555276300277, 37.51198192888218], [126.94535260465572, 37.53902154209544]], [[126.9448845269387, 37.60211348661254], [126.94481753945058, 37.6111265659475]], [[126.9447505221096, 37.620139631379914], [126.94468347490164, 37.62915268290862]], [[126.9443477903634, 37.67421773195536], [126.94428056365716, 37.68323070003718]], [[126.94353908901962, 37.7823724304967], [126.94347150178568, 37.791385231559275]], [[126.94299754652373, 37.85447444901165], [126.94265810023312, 37.89953775777316]], [[126.94204518624764, 37.980650835264235], [126.94197693269271, 37.989663329697]], [[127.01972547931666, 34.67236085124611], [127.0196734174324, 34.681378455032934]], [[127.0193605599423, 34.73548379557448], [127.0192038181959, 34.76253628437262]], [[127.0191515245091, 34.77155375374324], [127.01883727407969, 34.825658287454374]], [[127.01709384589572, 35.12322455241603], [127.01698736004447, 35.14125839917492]], [[127.01682745381035, 35.16830906795345], [127.01677410436866, 35.177325930510904]], [[127.01462058104445, 35.537989330118975], [127.01456625127643, 35.5470056371123]], [[127.0138030955246, 35.6732325082865], [127.01374840260985, 35.68224861140252]], [[127.01303517977378, 35.79945671346906], [127.01298014571609, 35.80847262600517]], [[127.01275976488114, 35.84453613989899], [127.01264942754723, 35.862567815075565]], [[127.00906636954835, 36.43955256836964], [127.0090095718425, 36.44856751015032]], [[127.00775361387956, 36.64689275534187], [127.00763882564183, 36.66492199327445]], [[127.00479438482257, 37.10662111236013], [127.0046769630498, 37.124648944227786]], [[127.0043240700416, 37.17873210815161], [127.00420622948371, 37.196759718867]], [[127.00284349574011, 37.40407326404714], [127.00278392931027, 37.41308673028022]], [[127.00164711194749, 37.584339954491426], [127.00158701251445, 37.593353143355856]], [[127.0014065534722, 37.62039262665988], [127.00134634683491, 37.62940575999425]], [[127.00062177060843, 37.73756227661257], [127.00044002024265, 37.7646010931114]], [[126.99891594257463, 37.98991969508939], [126.9987932806896, 38.00794480734748]], [[126.97600891245446, 34.68119856803305], [126.97583837865717, 34.70825111827068]], [[126.97498229218928, 34.84351205256899], [126.97492501668033, 34.85252934044077]], [[126.97342688863937, 35.0869740899197], [126.97336892211499, 35.09599101334961]], [[126.97144151232364, 35.39354189286821], [126.97120596157228, 35.42960766305819]], [[126.97043752533658, 35.546819915557506], [126.97037823089077, 35.555836147548625]], [[126.96640599167614, 36.1508773273047], [126.96634490610926, 36.159892645128046]], [[126.96294305189751, 36.65571400108823], [126.96275509364338, 36.68275760662608]], [[126.9626923851615, 36.691772114265795], [126.96262964879301, 36.700786608133534]], [[126.96111557645472, 36.91713032598824], [126.96105213872556, 36.92614447513518]], [[126.95887837702024, 37.23261732357374], [126.9587494815655, 37.25064464013316]], [[126.95842674044687, 37.29571268912601], [126.95836210597601, 37.30472625735953]], [[126.95810328015341, 37.340780391702886], [126.95790885807276, 37.36782084690611]], [[126.95751923392275, 37.42190138288856], [126.95745419529662, 37.430914757001794]], [[126.957063354696, 37.48499471026899], [126.95699811299473, 37.49400798723368]], [[126.95686754238261, 37.51203449951244], [126.95680221344438, 37.52104773482416]], [[126.95667146823519, 37.53907416378628], [126.95660605193682, 37.54808735743435]], [[126.95647513188386, 37.566113703058534], [126.95608167108568, 37.620192406470785]], [[126.9559502835725, 37.63821852975676], [126.9558187789184, 37.65624459743475]], [[126.9556213020558, 37.68328359466633], [126.95555541774448, 37.69229656592943]], [[126.95403194470013, 37.899591063768376], [126.9538987289848, 37.91761632409225]], [[126.99318176339693, 35.43871857493596], [126.99312524123172, 35.44773500126566]], [[126.9925586368101, 35.53789851786273], [126.99250183784457, 35.54691479481985]], [[126.99164681932764, 35.682157317771775], [126.9914751310323, 35.70920545504596]], [[126.99038244322757, 35.88050747741288], [126.99026688612288, 35.89853898293374]], [[126.98846256040726, 36.17802033230375], [126.98822792892975, 36.214081484612535]], [[126.98769848095922, 36.29521827610051], [126.98752152727066, 36.32226362660656]], [[126.98746249026767, 36.33127871602382], [126.98716691141372, 36.376353957413144]], [[126.98663321157527, 36.4574885275613], [126.98657377971311, 36.466503411166926]], [[126.98537957809316, 36.646798197887684], [126.9853195888565, 36.655812792852196]], [[126.98350745208377, 36.926244237859756], [126.98344663015341, 36.93525840568257]], [[126.9803707686318, 37.38594917668014], [126.98018403097736, 37.41298952250636]], [[126.97980980641643, 37.46706983978197], [126.97955976724379, 37.50312310721284]], [[126.97893271673779, 37.59325530426858], [126.97886985790907, 37.60226844760793]], [[126.97874405620125, 37.62029469261709], [126.97849211621369, 37.65634701592453]], [[126.9783028663051, 37.68338611249647], [126.97823972675661, 37.69239911688881]], [[126.97652427634655, 37.93574497711619], [126.97639638248434, 37.953770192642914]], [[127.03069133783343, 34.663385733478734], [127.03064048163047, 34.672403364914395]], [[127.02977246043788, 34.82570104325886], [127.02972119593674, 34.834718432714595]], [[127.0280166293542, 35.13228472528604], [127.02796458479251, 35.1413016562848]], [[127.02649791295467, 35.39377023323279], [127.02644519374988, 35.40278677179732]], [[127.02570466119859, 35.52901688777785], [127.02565158962089, 35.538033222865664]], [[127.02490610733392, 35.66426048785254], [127.02485268101967, 35.67327661913305]], [[127.02377915647521, 35.853596387077275], [127.02372522951165, 35.86261223248065]], [[127.0220962312662, 36.13308125078693], [127.02198685753052, 36.15111208161875]], [[127.02160328320319, 36.2142195587357], [127.02154838942154, 36.223234857887185]], [[127.02116344925516, 36.286341568699406], [127.0211083599988, 36.29535675833506]], [[127.02055611895203, 36.38550790121011], [127.02022359442138, 36.43959792898448]], [[127.01882849057279, 36.66496772606199], [127.01871621103446, 36.68299693884632]], [[127.01719062350843, 36.92638592303504], [127.01713376770448, 36.93540013698876]], [[127.01593393440207, 37.12469544292158], [127.01587651937226, 37.133709353237165]], [[127.01454889618752, 37.341025474793874], [127.01443280701535, 37.359052617736104]], [[127.01338333878178, 37.52129441071553], [127.01314897882513, 37.557347532548825]], [[127.01303164215044, 37.575374010235315], [127.01297293459592, 37.584387228266934]], [[127.01279665491577, 37.61142679910129], [127.0127378426424, 37.62043996162204]], [[127.01256124850902, 37.647479365895876], [127.01244338786864, 37.6655055659932]], [[127.01238441814584, 37.67451864521283], [127.01197089341055, 37.73760981083418]], [[127.01090160002214, 37.89984110927327], [127.01066281153255, 37.935891896856056]], [[127.01042359665998, 37.97194246171249], [127.01030382907615, 37.98996766059608]], [[126.98675802063553, 34.70829760292296], [126.98664657591839, 34.726332600239424]], [[126.98597582426436, 34.834541453729265], [126.98591976672935, 34.84355877066305]], [[126.98434000365675, 35.09603816921711], [126.98422640987361, 35.114072006887376]], [[126.98416957513248, 35.123088905444305], [126.98405582989544, 35.14112266199417]], [[126.98222209820365, 35.429655401498486], [126.98216437311446, 35.43867182592082]], [[126.98146966870091, 35.546867859806184], [126.98141160937396, 35.5558841076531]], [[126.9804206454025, 35.70915824011126], [126.9803621200733, 35.718174243058435]], [[126.97632078607042, 36.331230417602406], [126.9762604390333, 36.34024547748165]], [[126.9741313067492, 36.655763922395224], [126.9740086386571, 36.67379303912696]], [[126.9739472636963, 36.682807576845086], [126.97388586144226, 36.69182210079629]], [[126.96977233063635, 37.286750178514495], [126.96970907067606, 37.29576377717204]], [[126.96964578254799, 37.30477736197684], [126.969455749025, 37.33181803326259]], [[126.96926546151671, 37.35885857982991], [126.96907491966603, 37.38589900164615]], [[126.96888412311503, 37.412939298678765], [126.96882046760268, 37.42195270328767]], [[126.96875678373715, 37.43096609402691], [126.96856556188835, 37.45800618301477]], [[126.96843793864568, 37.47603283963649], [126.96837408438124, 37.48504614713272]], [[126.9682462904993, 37.50307272048999], [126.96818235085506, 37.51208598634863]], [[126.96792630727683, 37.54813891095577], [126.96779811429904, 37.5661652899463]], [[126.96734853829938, 37.62925717885902], [126.96728419861766, 37.6382702502685]], [[126.96527537803155, 37.91766856481273], [126.965079498511, 37.9447064013122]], [[126.96475244963491, 37.98976918339201], [126.9646214257073, 38.007794198634464]], [[127.07332731944639, 34.86193193078362], [127.07328074055268, 34.87094932024541]], [[127.07201525787333, 35.1144137453744], [127.07196809607242, 35.12343075756531]], [[127.07182648492618, 35.150481713154626], [127.0716373763177, 35.18654946492228]], [[127.07082990619914, 35.33983499779538], [127.07068677754702, 35.36688498018721]], [[127.06905125481894, 35.67344292301653], [127.06890575476973, 35.7004914000402]], [[127.06885721165568, 35.70950753186805], [127.06880864697676, 35.7185236501035]], [[127.0687114528855, 35.73655584579139], [127.06861417241863, 35.75458798709241]], [[127.0685654997701, 35.76360403734426], [127.06822418524345, 35.826716008199085]], [[127.0667988076889, 36.0881727771306], [127.06674932847586, 36.097188323204385]], [[127.06665030408028, 36.11521937439171], [127.06660075887785, 36.124234879502495]], [[127.06585493327457, 36.259465816545976], [127.06565520550956, 36.29552688019957]], [[127.06205030250105, 36.935574250270406], [127.06199871208533, 36.94458850711957]], [[127.06096206930776, 37.124870749338896], [127.06090999462108, 37.1338847166162]], [[127.06059705937113, 37.18796823038015], [127.0605448222069, 37.196982101012765]], [[127.0603356408974, 37.23303744541851], [127.06028328735259, 37.24205124698269]], [[127.05996867621907, 37.29613376616183], [127.05986361896424, 37.31416116197131]], [[127.05938970194568, 37.395283758542064], [127.05933692717129, 37.40429731121072]], [[127.05864871204093, 37.52147223613743], [127.05854247865155, 37.53949893991685]], [[127.05843615057327, 37.557525588270366], [127.05838295099794, 37.5665388916595]], [[127.0581165973122, 37.61160520068249], [127.05806325533494, 37.62061842089446]], [[127.05795650005064, 37.63864481971655], [127.05784964958512, 37.65667116306183]], [[127.05768919522531, 37.683710574040624], [127.0576356627506, 37.692723683285216]], [[127.05655998700068, 37.872982952692006], [127.0565059510255, 37.88199577030125]], [[127.06248275622657, 34.843858261011356], [127.06238727366218, 34.86189305435671]], [[127.06070252468274, 35.17749321520315], [127.06065400311282, 35.18651011982052]], [[127.0599724335552, 35.312745365258856], [127.05992358766301, 35.32176206707244]], [[127.05967903253777, 35.36684537312642], [127.05958105833123, 35.38487860078035]], [[127.0578523472709, 35.70045130531999], [127.057802559592, 35.70946742391258]], [[127.0571032052049, 35.83569165604518], [127.05705308471602, 35.84470757055723]], [[127.05680214806439, 35.88978693883763], [127.05675189382244, 35.89880277162783]], [[127.05665131834652, 35.91683439633103], [127.05660099709247, 35.925850188241235]], [[127.05564063381921, 36.09714764333761], [127.05553907060558, 36.11517866779031]], [[127.05548825514796, 36.12419415952927], [127.05543741710957, 36.13320963760812]], [[127.05477446308997, 36.25040960894001], [127.05472330784237, 36.25942489563359]], [[127.05250198687057, 36.6470692638271], [127.05244982140026, 36.656083947308865]], [[127.05218864587978, 36.701157158606605], [127.05213634106714, 36.71017175963486]], [[127.04970499934471, 37.12482852600284], [127.04965158955535, 37.13384247956064]], [[127.04906251042286, 37.23299505723641], [127.04900881462642, 37.242008845042506]], [[127.04857838668964, 37.314118649850094], [127.04852447533392, 37.32313231322781]], [[127.04830858972767, 37.35918682841284], [127.04825455822402, 37.36820042262165]], [[127.04803819146277, 37.404254661071334], [127.04798403952934, 37.41326818608144]], [[127.04787566329158, 37.4312951945705], [127.0478214389646, 37.44030867804712]], [[127.0476586210152, 37.4673490453911], [127.04754995479495, 37.48537588770376]], [[127.04727786535851, 37.53044275104185], [127.04722337471387, 37.53945608213835]], [[127.0470597570596, 37.566495992264585], [127.04700516922993, 37.57550926791504]], [[127.0468959205845, 37.5935357776215], [127.04684125974579, 37.6025490116752]], [[127.04673186497891, 37.620575438177774], [127.0466223726828, 37.638601809199514]], [[127.04651278276538, 37.6566281247312], [127.04629330969752, 37.69268058928765]], [[127.04513463422879, 37.881952383177804], [127.04502371734195, 37.89997794870219]], [[127.04469037247415, 37.95405431151178], [127.04452336521506, 37.98109230511976]], [[127.08637788133188, 34.43813678123204], [127.08633343454399, 34.44715481372026]], [[127.08422200124035, 34.87098722517828], [127.08390374340455, 34.93410866320385]], [[127.0829889637489, 35.11445199265612], [127.08294301110955, 35.12346901756498]], [[127.08289703805619, 35.132486028980374], [127.08280503067162, 35.15052001132465]], [[127.08234376584475, 35.24068911292214], [127.08229752658868, 35.2497059487845]], [[127.0820196593831, 35.30380668009876], [127.08197327615237, 35.31282342132716]], [[127.08076005324398, 35.54725394160212], [127.08071311047514, 35.55627031713194]], [[127.08061916236919, 35.57430302749522], [127.08057215701344, 35.58331936232577]], [[127.0801953616699, 35.655449552352124], [127.08010095346421, 35.67348196407841]], [[127.07986456573269, 35.71856275565229], [127.07976986355574, 35.736594977154944]], [[127.07929508874129, 35.82675526880844], [127.0792474951741, 35.83577122315268]], [[127.078961489405, 35.889866663368764], [127.07891374762691, 35.8988825224167]], [[127.07881820042786, 35.916914199652965], [127.07877039498777, 35.92593001783849]], [[127.07795444498525, 36.07919684143903], [127.0779062557587, 36.08821241418602]], [[127.0767919738284, 36.295566817562964], [127.07674326799716, 36.30458206236458]], [[127.07492585023533, 36.63813649076827], [127.07487631480248, 36.647151214743026]], [[127.07452894944227, 36.71025389800968], [127.07447923750757, 36.719268512095624]], [[127.07327949502822, 36.935615124651015], [127.07322922731073, 36.94462939480721]], [[127.07201606859715, 37.160967743613384], [127.07186351078471, 37.188009478530205]], [[127.07165978325155, 37.22406493178359], [127.07150674939403, 37.25110637670441]], [[127.07140461323115, 37.26913393757674], [127.07130238609618, 37.287161443177915]], [[127.07094387348893, 37.350257277382994], [127.07089256613169, 37.35927091267902]], [[127.07048128378416, 37.431379497076406], [127.07042977039347, 37.44039300786197]], [[127.07027509250018, 37.46743345717152], [127.07022348725937, 37.47644691258842]], [[127.07006853355662, 37.503487195763796], [127.06996511599633, 37.52151398197293]], [[127.06986160626145, 37.53954071277828], [127.06970616864193, 37.56658070508389]], [[127.06960242809059, 37.58460729733912], [127.06939466946382, 37.6206603155315]], [[127.06734949267253, 37.972165607088584], [127.06729658315643, 37.98117828541346]], [[127.05001832938864, 35.12335125651662], [127.04996872726723, 35.132368228778816]], [[127.04892197761181, 35.32172152464489], [127.04882177706753, 35.339754860779635]], [[127.04862110877741, 35.37582137057885], [127.04857088598028, 35.38483796417197]], [[127.04847037344722, 35.40287111071977], [127.04831943715193, 35.42992072892309]], [[127.04786541979276, 35.51106885150753], [127.04781486130791, 35.520085241760334]], [[127.04700286431203, 35.66434563958762], [127.0469519226592, 35.67336179898891]], [[127.04649242821462, 35.75450662176116], [127.04644125980468, 35.76352264517178]], [[127.04628761814406, 35.79057063375612], [127.04623635874627, 35.79958660273029]], [[127.04608244387698, 35.826634427971], [127.0460310933278, 35.83565034248587]], [[127.04597971996517, 35.84466624338238], [127.04592832377885, 35.85368213065909]], [[127.04572251059108, 35.88974554353952], [127.04567100013213, 35.89876136269596]], [[127.04432366515117, 36.13316787312605], [127.04427153314768, 36.14218332382696]], [[127.04369654982406, 36.24135237928326], [127.04364413913102, 36.250367665902466]], [[127.04348676725301, 36.277413443660485], [127.0434342633254, 36.286428675542126]], [[127.04104727221863, 36.692099923024465], [127.04099368376538, 36.70111452388698]], [[127.03964619852464, 36.92647507378724], [127.03959198686401, 36.935489316767416]], [[127.03844795314343, 37.12478523381649], [127.03833843901448, 37.14281309898928]], [[127.03778940384342, 37.23295159603126], [127.0371273276254, 37.341115967787786]], [[127.03690584836787, 37.37717031568828], [127.03673947986279, 37.40421093127797]], [[127.03668397428758, 37.413224442118526], [127.03657288895732, 37.431251422258484]], [[127.03651730917905, 37.44026489155553], [127.03635042125227, 37.467305216340684]], [[127.03623903869132, 37.485332030264], [127.03618331019297, 37.4943454164421]], [[127.0357365874347, 37.56645200690629], [127.03568063506789, 37.57546526832671]], [[127.03562465776815, 37.58447851587932], [127.03556865552382, 37.59349174956297]], [[127.03545657615408, 37.61151817531876], [127.03540049900518, 37.62053136738856]], [[127.03534439686452, 37.62954454558478], [127.03523211756077, 37.64757086035179]], [[127.03495098111902, 37.6926364044007], [127.03489467861903, 37.701649471566675]], [[127.03336498492304, 37.94499703319896], [127.0333079751571, 37.95400971118675]], [[127.11915430045619, 34.41118858755015], [127.11911341688185, 34.42020669572981]], [[127.11671081708727, 34.94323405353097], [127.11662685960034, 34.96126867411056]], [[127.11407314058356, 35.50228220471107], [127.1140299994166, 35.51129868455675]], [[127.11351080816061, 35.619495385416506], [127.1134240069469, 35.637527979021854]], [[127.11246408732028, 35.83588292369155], [127.11242023134525, 35.84489890123915]], [[127.11180419786751, 35.97112115797817], [127.11167169153136, 35.99816843718282]], [[127.11153900848998, 36.02521559374875], [127.11149474150031, 36.03423128534455]], [[127.10788888430972, 36.75544232947204], [127.10784299474903, 36.76445691250861]], [[127.10770520356786, 36.79150057917544], [127.10765923230969, 36.800515107245864]], [[127.10742906911085, 36.845587541401976], [127.10733686043109, 36.86361641881602]], [[127.10682824389204, 36.96277426094482], [127.10678188250235, 36.97178852765029]], [[127.10650328063198, 37.02587383869988], [127.10641024795663, 37.04390216552165]], [[127.10631713246063, 37.061930437229584], [127.10622393406693, 37.07995865381385]], [[127.10603728827797, 37.11601492157207], [127.10599057489908, 37.125028954044]], [[127.10589708575556, 37.14305697761819], [127.10585030997157, 37.152070968718]], [[127.10500477602517, 37.31432044871536], [127.10495760297457, 37.32333417753904]], [[127.10491040891733, 37.33234789254673], [127.10486319384361, 37.34136159373724]], [[127.10410488636963, 37.48557893268367], [127.10405731250407, 37.49459239880148]], [[127.1038668049947, 37.530646124877535], [127.1038191250557, 37.53965952179194]], [[127.1037237014337, 37.55768627408715], [127.10358040649061, 37.584726298678554]], [[127.10338904839293, 37.6207794708961], [127.10334115555627, 37.62979272931706]], [[127.10329324137453, 37.638805973882356], [127.10324530583773, 37.64781920459084]], [[127.10295724359412, 37.70189829778503], [127.10290915828871, 37.710911431464]], [[127.10257196037453, 37.77400297890825], [127.10252370329675, 37.78301600162843]], [[127.10170003247495, 37.93623526410028], [127.10160271885951, 37.954260795808516]], [[127.10145658556738, 37.981298989148414], [127.10140783099685, 37.99031169246471]], [[127.09988559770298, 38.269698595356616], [127.09983614182875, 38.27871085332919]], [[127.12758016949644, 34.96130275454554], [127.12753936287612, 34.970320056003914]], [[127.12601670543779, 35.303950736672476], [127.12597520426053, 35.312967525687185]], [[127.12514129832876, 35.49330046592399], [127.12509940827962, 35.50231697081942]], [[127.12438442357642, 35.655595480370785], [127.12434219730297, 35.66461174122236]], [[127.124299952271, 35.673627988502226], [127.12421540589804, 35.691660442341075]], [[127.12362147373639, 35.817886098060484], [127.12353632439486, 35.83591811714778]], [[127.12276656671436, 35.998203839810756], [127.12263767431963, 36.025251031320515]], [[127.12259467200182, 36.03426673456949], [127.12255165057653, 36.043282424188995]], [[127.12246555036889, 36.061313762534155], [127.12242247156922, 36.07032941125703]], [[127.12120846169779, 36.322762034710934], [127.12116482423869, 36.33177728746661]], [[127.11904725259541, 36.764493314448075], [127.1189133979894, 36.791537016740214]], [[127.1177458129445, 37.02591058605465], [127.11770063558983, 37.03492476830651]], [[127.11765543813081, 37.04393893678392], [127.11761022055815, 37.05295309148566]], [[127.11742914894381, 37.08900957251128], [127.1172931335809, 37.11605178857578]], [[127.11724775476185, 37.125065833027975], [127.11715693652029, 37.14309388057105]], [[127.11583094625044, 37.40449436685743], [127.11569279516846, 37.431535133424305]], [[127.11555445939165, 37.4585757755453], [127.11541593865961, 37.48561629318883]], [[127.1151383412856, 37.53969695491774], [127.11504564382916, 37.557723731442785]], [[127.1149064426912, 37.58476379240051], [127.11472055151856, 37.62081701314682]], [[127.11467402693613, 37.629830283707186], [127.11462748161846, 37.638843540414776]], [[127.11425437143144, 37.710949095238945], [127.11420763905507, 37.71996222722038]], [[127.11392680694846, 37.774040727922824], [127.11373916782095, 37.810092784322]], [[127.11364522270253, 37.82811872927399], [127.1134570809589, 37.86417045263825]], [[127.113174238381, 37.91824762120231], [127.1130797892121, 37.93627323295973]], [[127.11284329735281, 37.98133701924482], [127.11279593565425, 37.990349734817364]], [[127.11255880997425, 38.035413104197765], [127.11241628045313, 38.062450959001154]], [[127.11150914860228, 38.23368779853641], [127.11131719110932, 38.269737019127284]], [[127.10580307370854, 34.93418168988612], [127.10575992443178, 34.94319900868269]], [[127.1045876198724, 35.18666152420764], [127.10445649390121, 35.21371230792334]], [[127.10300251837526, 35.51126289896427], [127.10282482649934, 35.54732863545973]], [[127.1026022672847, 35.592410501011486], [127.10251310512417, 35.61044315228497]], [[127.1018418584222, 35.74568630608982], [127.10179694943892, 35.75470240767866]], [[127.10139186972106, 35.83584671020306], [127.10134676082474, 35.84486267581585]], [[127.10084923829123, 35.944037399290615], [127.10071312789042, 35.971084765188074]], [[127.09892708548539, 36.322689349390615], [127.09888088133519, 36.331704578325706]], [[127.09725073084333, 36.647228963369], [127.09720378143396, 36.656243699001344]], [[127.09673313748225, 36.746390300124844], [127.0966859578894, 36.75540488468894]], [[127.09644974497694, 36.8004776013664], [127.096213006262, 36.84554997435562]], [[127.0959757405292, 36.8906220034983], [127.09592822403324, 36.899636368051375]], [[127.09588068639803, 36.90865071884304], [127.09583312761377, 36.917665055872035]], [[127.0956903242687, 36.944707984370446], [127.0955950161137, 36.9627365345331]], [[127.09473341582832, 37.12499100617677], [127.09463725580224, 37.14301900508739]], [[127.09458914368531, 37.15203298385111], [127.09454101015251, 37.16104694881878]], [[127.09386488642298, 37.28724100910476], [127.09371945376516, 37.3142822413038]], [[127.0935738267376, 37.3413233491434], [127.0935252411546, 37.3503370241156]], [[127.09303819360775, 37.440473013406184], [127.0928916559, 37.467513540478436]], [[127.0925979924317, 37.521594220970925], [127.09254897217168, 37.53060761926969]], [[127.09235267261606, 37.56666107399363], [127.0923035430468, 37.57567440305103]], [[127.09190971748492, 37.64778053675113], [127.09166286263982, 37.692846419871]], [[127.09071978083216, 37.864093612936166], [127.0906699233114, 37.87310648428492]], [[127.09022020367658, 37.954221701282904], [127.0900698955254, 37.98125985680666]], [[127.08840315760531, 38.27867130319388], [127.08835226611475, 38.28768353451922]], [[127.09391794656061, 35.123506283873375], [127.09387318321494, 35.13252330767909]], [[127.09364906802716, 35.17760822429273], [127.09360418523627, 35.18662516712187]], [[127.09346941719858, 35.21367591459486], [127.09333446947831, 35.2407265405146]], [[127.09328944693425, 35.24974338880231], [127.09301889135882, 35.30384419472544]], [[127.09174672217809, 35.556308181230285], [127.09165524616415, 35.57434091663811]], [[127.09160947767805, 35.58335726399507], [127.09156368886045, 35.592373597785446]], [[127.09147205019434, 35.61040622466068], [127.09124259709147, 35.65548755433225]], [[127.09087441062694, 35.72761697566826], [127.09078215941894, 35.74564919513453]], [[127.09004119215659, 35.88990499258897], [127.08999470662489, 35.89892086426087]], [[127.08985512607454, 35.925968397571474], [127.08976196898514, 35.944000018343566]], [[127.08910754681523, 36.07021983728121], [127.08906064644859, 36.079235436356036]], [[127.08788133956632, 36.304620975225966], [127.08778642788491, 36.32265144929693]], [[127.08611174409107, 36.63817587750757], [127.08606351209906, 36.6471906143455]], [[127.08567688321821, 36.719308014709796], [127.08553154246894, 36.74635181318936]], [[127.08489948722756, 36.8635401769097], [127.08475310865634, 36.8905833153387]], [[127.08470427238001, 36.89959766729054], [127.08465541437728, 36.90861200547807]], [[127.08460653463814, 36.917626329899996], [127.08450870991024, 36.93565493744205]], [[127.08298124286168, 37.21509130518615], [127.08293161804869, 37.22410516084032]], [[127.08278261101078, 37.251146644945834], [127.08268316238308, 37.269174231956605]], [[127.08198453714415, 37.39536579324718], [127.08193446850352, 37.40437937249953]], [[127.08158336301302, 37.46747403988755], [127.08153311567341, 37.476487508446226]], [[127.08143255382976, 37.49451440403644], [127.0813822393047, 37.503527831065625]], [[127.0810294093839, 37.566621432530845], [127.08092839858196, 37.58464805114138]], [[127.08032043983354, 37.69280659858379], [127.08026962970358, 37.70181972074491]], [[127.07991332399297, 37.76491118742608], [127.0798623323625, 37.773924198588865]], [[126.94064051861693, 35.06879292617041], [126.94057898446461, 35.077809827634844]], [[126.93952871164721, 35.23109508162001], [126.93946668360188, 35.240111739360174]], [[126.93778147098068, 35.483556369644695], [126.93759297472455, 35.51060516174841]], [[126.93613946290375, 35.71797516517404], [126.9360759293096, 35.72699108880118]], [[126.93479931351916, 35.907306695981774], [126.93473518455369, 35.916322332961556]], [[126.93312266717571, 36.141708812411984], [126.93305779323632, 36.15072409362298]], [[126.9318851200039, 36.31299681096529], [126.93181969608457, 36.322011831593656]], [[126.92990969938333, 36.58344145233014], [126.92971070473577, 36.61048523555741]], [[126.92750415565985, 36.90795866279273], [126.92743678373265, 36.91697277445454]], [[126.92485431292604, 37.25949876823813], [126.92464856761075, 37.28653944232599]], [[126.92375382240124, 37.40371425405382], [126.92368478109266, 37.4127276039598]], [[126.92347747260251, 37.43976757036511], [126.92333911299431, 37.457794145196026]], [[126.92306202378148, 37.493847128160276], [126.92292329394485, 37.511873536274436]], [[126.92257592816587, 37.556939313326545], [126.92250636211857, 37.56595242703029]], [[126.92236713701574, 37.583978612721644], [126.92229747793098, 37.592991684706874]], [[126.92152917601808, 37.69213455832116], [126.92117870091847, 37.73719894410827]], [[126.92082744388718, 37.78226298171329], [126.92075709848612, 37.7912757474397]], [[126.9204049006892, 37.83633936703534], [126.92033436686728, 37.84535204913915]], [[126.91927257647471, 37.980540607123956], [126.91920153756375, 37.98955306603336]], [[126.92035852422056, 34.83424649248258], [126.92029531163209, 34.84326371097883]], [[126.918577915047, 35.086723504597146], [126.91832172979908, 35.12279078367547]], [[126.91825761234308, 35.13180756959319], [126.91812929197044, 35.14984110079553]], [[126.91806508902869, 35.158857846077055], [126.91800085756654, 35.16787457781011]], [[126.91742148891052, 35.24902455347175], [126.91735697155093, 35.25804114963534]], [[126.91632078749126, 35.40230484232463], [126.91625578119333, 35.41132120766975]], [[126.9157999278595, 35.474435384448086], [126.91573469019349, 35.48345164102161]], [[126.91210163004237, 35.9793247626588], [126.9119008990633, 36.006371199184635]], [[126.9109606092869, 36.132586273508814], [126.91089322168692, 36.14160153319976]], [[126.90844721873614, 36.46614174113788], [126.90837871406264, 36.475156492676476]], [[126.90769199008207, 36.56530325104882], [126.90762314965198, 36.57431785115511]], [[126.90665616345944, 36.700520805701366], [126.90651753060284, 36.71854957860127]], [[126.90151530309862, 37.358535187592615], [126.90144371436607, 37.36754857056214]], [[126.90101351192898, 37.4216285767067], [126.90079797929529, 37.448668392220455]], [[126.90058215851104, 37.47570808265159], [126.90043811770393, 37.49373447343259]], [[126.90007745381115, 37.538800207042435], [126.90000522459025, 37.54781331203893]], [[126.8997883437703, 37.574852543556], [126.89971598572734, 37.583865592900224]], [[126.89964359544089, 37.592878628328414], [126.89942623096859, 37.619917651104835]], [[126.89855386156262, 37.728072489021585], [126.89840801254485, 37.7460981003073]], [[126.8965738847089, 37.971413534576904], [126.8963524120734, 37.99845080047206]], [[126.93135666636604, 34.825280861153246], [126.93129467380074, 34.83429811036428]], [[126.92961042343526, 35.07775873527981], [126.92954765506974, 35.0867756062203]], [[126.92929630264531, 35.12284295464332], [126.92923339473715, 35.131859757906575]], [[126.92904450329077, 35.15891008644967], [126.92898148352694, 35.16792683554333]], [[126.92847631656575, 35.240060340498076], [126.92841304440353, 35.24907696762008]], [[126.92746058224064, 35.384324746389176], [126.9273331072161, 35.402357552761565]], [[126.9265658747622, 35.510553249363134], [126.92643760469258, 35.528585675079434]], [[126.92501908862745, 35.726938763154415], [126.92488944402373, 35.74497053496353]], [[126.92207404611013, 36.132640411025434], [126.92200792974134, 36.14165568849622]], [[126.92074612131128, 36.31294335491774], [126.92067941480174, 36.32195835802593]], [[126.9196752517994, 36.45718175596838], [126.91960806929322, 36.46619653919078]], [[126.91879954580206, 36.5743728646311], [126.91873197397705, 36.58338746894135]], [[126.91634793351326, 36.89888993410041], [126.91627927135694, 36.90790404179412]], [[126.91510732954853, 37.06114175723811], [126.91503811538729, 37.07015561599459]], [[126.9132276934867, 37.30451108148802], [126.91308756052848, 37.32253803678499]], [[126.91273668174922, 37.36760518216353], [126.91266641221057, 37.37661856959565]], [[126.91224413726692, 37.43069860258118], [126.91217364835381, 37.43971189279957]], [[126.91203257631871, 37.4577384315576], [126.91189137857327, 37.47576491473591]], [[126.91182073252226, 37.48477813547966], [126.91175005499936, 37.49379134232488]], [[126.91118350004903, 37.5658964965956], [126.91111253861166, 37.574909578300165]], [[126.91075725682065, 37.61997477814211], [126.91054370752515, 37.64701373106003]], [[126.91032987257016, 37.6740525586986], [126.91018715703377, 37.69207837417567]], [[126.90939994357826, 37.791219363355175], [126.90896892466911, 37.845295555775024]], [[126.90781388723252, 37.989496280486215], [126.9077414233488, 37.99850870713754]], [[126.95322666369161, 34.825381114269994], [126.9531074199484, 34.843415666133815]], [[126.9516079006286, 35.068843009912754], [126.95154757282978, 35.077859928040446]], [[126.95112452717764, 35.14097797618927], [126.95100341522425, 35.15901158244598]], [[126.95063943322903, 35.213112076269255], [126.95051789020184, 35.23114546585385]], [[126.9484967651747, 35.528688560023895], [126.94843505536319, 35.53770478650533]], [[126.94719508626173, 35.71802645800087], [126.94713279821566, 35.72704239855588]], [[126.94588120990365, 35.90735834508459], [126.94581833815712, 35.91637399907148]], [[126.94199445843944, 36.4572881863758], [126.94192985942945, 36.466303004424766]], [[126.94089236079401, 36.61053822277689], [126.94069700697705, 36.63758193399894]], [[126.93592946403912, 37.28659373893289], [126.93566009558926, 37.32264784737703]], [[126.93525514241205, 37.37672859396877], [126.93518754497667, 37.38574200317644]], [[126.9351199174354, 37.39475539850724], [126.93505225977408, 37.40376877996001]], [[126.93498457197859, 37.41278214753351], [126.9349168540348, 37.42179550122655]], [[126.93478132764565, 37.43982216696638], [126.93471351917196, 37.44883547901078]], [[126.93362446604286, 37.59304658250975], [126.9335561421478, 37.60205965834202]], [[126.93321406567102, 37.64712482889724], [126.93314555887471, 37.65613782127885]], [[126.93252762194737, 37.73725412650834], [126.93211428476017, 37.79133103684413]], [[126.93176899157328, 37.836394745727524], [126.93163065862984, 37.85442013173908]], [[126.90935799765776, 34.84321109249177], [126.90916461074931, 34.87026261432626]], [[126.90767338552747, 35.077653574754045], [126.90760820344428, 35.08667041071097]], [[126.90715111737649, 35.149787883204986], [126.90708570328697, 35.15880461079916]], [[126.90550701803254, 35.375202003826764], [126.9054408736175, 35.38421839215249]], [[126.90524226403078, 35.411267475580296], [126.90510971055784, 35.4293001298926]], [[126.90504338965762, 35.43831643665236], [126.90497703929744, 35.447332729812516]], [[126.90477781132607, 35.47438152768029], [126.90471134299499, 35.48339776642699]], [[126.9027708641604, 35.744862764941125], [126.90270350430752, 35.75387859482815]], [[126.90155379747056, 35.90714561304484], [126.90148589692618, 35.91616119698312]], [[126.90107785967798, 35.97025441333452], [126.90100974767921, 35.97926990150001]], [[126.90080523005453, 36.00631628386544], [126.90073699692459, 36.015331717272176]], [[126.89721660165716, 36.47510063274063], [126.89700702454824, 36.50214474995445]], [[126.89672715334892, 36.53820338014711], [126.89651692316036, 36.56524720817514]], [[126.89532030842764, 36.71849322377086], [126.89524963728508, 36.72750757113936]], [[126.89036949905193, 37.34045074631889], [126.89007780718961, 37.3765042311961]], [[126.88978559535259, 37.41255749378904], [126.88971246103296, 37.42157077469622]], [[126.88949286256462, 37.44861053401971], [126.88934630050818, 37.46663697072491]], [[126.8892729705107, 37.475650168220746], [126.8891996078466, 37.48466335181045]], [[126.88912621250054, 37.493676521492816], [126.88897932370095, 37.51170281913076]], [[126.8888323039889, 37.52972906112495], [126.88861152869019, 37.556768319763194]], [[126.88839045814426, 37.58380745314906], [126.88831670227961, 37.59282046977159]], [[126.87970897709185, 34.41922688479987], [126.87964236998901, 34.42824465078072]], [[126.87884077178188, 34.536456794206664], [126.87850550897713, 34.58154461566712]], [[126.87823676195615, 34.617614630525], [126.8781022092349, 34.63564955714784]], [[126.87620586430582, 34.88813286572276], [126.87600128202196, 34.91518402085948]], [[126.87593302732436, 34.92420104553011], [126.87586474230322, 34.93321805667727]], [[126.87579642694516, 34.94223505429941], [126.87559129871654, 34.96928596599973]], [[126.87524881035445, 35.0143705481852], [126.87518022136469, 35.02338742401083]], [[126.87338617321316, 35.25782143807534], [126.87324730954518, 35.27585444384396]], [[126.87276031425107, 35.338969536047394], [126.87269061982586, 35.34798592342282]], [[126.87185186803825, 35.45618151096048], [126.87178177008074, 35.46519772146198]], [[126.86973532793965, 35.72666189683939], [126.86966428978774, 35.73567769820207]], [[126.86952211879726, 35.75370925994316], [126.86945098593044, 35.762725020318626]], [[126.86830855280216, 35.90697532684838], [126.8682368808011, 35.91599085471495]], [[126.8681651769577, 35.92500636889148], [126.86809344125766, 35.934021869376515]], [[126.8673022419031, 36.03319147066259], [126.86694132580273, 36.078268013923115]], [[126.86165423624738, 36.72733213030329], [126.86150494376919, 36.7453606691418]], [[126.8611311312134, 36.79043177441395], [126.86098137332507, 36.80846011976546]], [[126.85917384979366, 37.024795947154885], [126.85909811674564, 37.033809766867016]], [[126.85711718265442, 37.26816421121883], [126.85704053416677, 37.2771776562978]], [[126.85596386472166, 37.40336442808675], [126.85588670264724, 37.41237766464255]], [[126.8552681674605, 37.48448305617616], [126.85519069549566, 37.493496167485496]], [[126.8551131890176, 37.50250926487249], [126.85503564801009, 37.511522348335895]], [[126.85456967593578, 37.565600556653884], [126.8544918927665, 37.57461354261855]], [[126.85355578659365, 37.68276828706214], [126.85339928167303, 37.70079388259301]], [[126.85095552736783, 37.98018347216669], [126.85087613276063, 37.989195815982484]], [[126.88728290812651, 34.870154318923134], [126.8872159993973, 34.87917142974169]], [[126.88654527499101, 34.96934179453144], [126.88647803855174, 34.978358756636]], [[126.88634347604933, 34.99639264025669], [126.88627614995993, 35.00540956176968]], [[126.8861414080391, 35.023443364193106], [126.88593907060553, 35.05049396629827]], [[126.8854659001714, 35.11361156385124], [126.88519485586292, 35.14967846433361]], [[126.88512701951656, 35.15869515556146], [126.88505915303595, 35.167711833229106]], [[126.88444699647253, 35.248861321773425], [126.88437882791666, 35.257877863754004]], [[126.88390079940653, 35.320993277371315], [126.88376394665899, 35.339026130422425]], [[126.88369547468906, 35.34804253656234], [126.88355843948958, 35.3660753080632]], [[126.88294027263136, 35.44722210666413], [126.88287143478426, 35.45623834959424]], [[126.8807222270732, 35.73573512212273], [126.88051266460286, 35.762782501092985]], [[126.87917893148702, 35.93407971110595], [126.87903788264728, 35.952110709080046]], [[126.87847243254365, 36.0242341531999], [126.87840160988814, 36.033249522066434]], [[126.87804702430769, 36.07832616080443], [126.87762048066283, 36.132417674794716]], [[126.874166883405, 36.565131980347886], [126.87409414715488, 36.57414652447697]], [[126.87034138583199, 37.03386996359397], [126.87019247711322, 37.051897600599226]], [[126.86794286969413, 37.3223054987419], [126.86786736421497, 37.33131888016917]], [[126.86764064597776, 37.358358941071984], [126.86756500591292, 37.36737226690914]], [[126.86726210863712, 37.40342543123947], [126.86718629998502, 37.41243868756136]], [[126.8661977091211, 37.52960975379074], [126.86604510951909, 37.54763586290129]], [[126.86596875872041, 37.55664889656983], [126.86589237390187, 37.565661916312244]], [[126.86451161144822, 37.72789388895257], [126.86443457719423, 37.7369066438728]], [[126.86241958457038, 37.97123337199965], [126.86234161732452, 37.98024574986657]], [[126.89743324509595, 34.97841361548355], [126.89730108501865, 34.99644753565466]], [[126.8969038996665, 35.050548971442126], [126.89670490972068, 35.07759950659998]], [[126.89543846440466, 35.24891673053985], [126.89537151290116, 35.25793329091275]], [[126.89456577133484, 35.3661309562427], [126.89449843217666, 35.37514734004517]], [[126.89409376860603, 35.429245357354056], [126.89402621978321, 35.438261645973746]], [[126.89012592240483, 35.952167564643204], [126.8899872686578, 35.9701985452782]], [[126.88964009489591, 36.01527575726167], [126.88957056756459, 36.02429115857195]], [[126.8887338259987, 36.13247490538446], [126.88866389597729, 36.14149012850001]], [[126.88584106290179, 36.502087790211846], [126.88555600995662, 36.538146345861975]], [[126.88143843783408, 37.05195677054446], [126.88129205744598, 37.06998439060619]], [[126.87959928595836, 37.27729803550025], [126.87952529338678, 37.28631150573986]], [[126.87915483603898, 37.33137864863888], [126.87908064556343, 37.34039203555025]], [[126.87885787584658, 37.36743211292534], [126.87856038630164, 37.40348535487526]], [[126.87803850285336, 37.466577993055246], [126.8778143399945, 37.49361748651517]], [[126.87773955245709, 37.5026306231773], [126.87751498987231, 37.529669949673334]], [[126.87736511468171, 37.54769609774996], [126.87729012699903, 37.55670915090848]], [[126.87714005138034, 37.57473521545988], [126.87698984198549, 37.59276122431584]], [[126.84692364853751, 34.43709237674141], [126.84671303206837, 34.46414538257958]], [[126.8466427641604, 34.47316302428867], [126.84629095587546, 34.5182510309823]], [[126.84480479654714, 34.707616981342746], [126.84459135393175, 34.73466877441711]], [[126.84344817684115, 34.87894295076211], [126.84337645814543, 34.88795997186496]], [[126.84171810557284, 35.095347719876315], [126.84164561829114, 35.1043644158335]], [[126.84113730490549, 35.16748090755738], [126.84106455962069, 35.17649749493113]], [[126.84070034819473, 35.221580228069406], [126.84055443702343, 35.23961322622153]], [[126.83871957025502, 35.465021112237935], [126.83857189897103, 35.483053375448726]], [[126.83686421826606, 35.690420480105466], [126.83671489829007, 35.70845206084584]], [[126.83664018854971, 35.71746783071246], [126.83656544562132, 35.72648358690806]], [[126.8350635945856, 35.90679583763899], [126.83498815125691, 35.91581130640373]], [[126.83354834239626, 36.087102607673025], [126.83339607544954, 36.105132982793315]], [[126.83331989122836, 36.11414814975407], [126.83324367315485, 36.12316330298001]], [[126.83117293270512, 36.36656724315869], [126.83109576050121, 36.375582011237704]], [[126.82977857210956, 36.52883095980731], [126.82954509223885, 36.55587447813482]], [[126.82774469778504, 36.76320398889216], [126.8275085035066, 36.79024642938671]], [[126.82616410080522, 36.943484572063724], [126.82608470129229, 36.95249845577893]], [[126.82600526645369, 36.96151232563279], [126.82592579627305, 36.97052618162404]], [[126.82320266392857, 37.27698902787737], [126.82304119287134, 37.29501575395156]], [[126.8224749106689, 37.35810885698857], [126.82239386904988, 37.36712210175851]], [[126.82158146505678, 37.45725378367025], [126.82150002550378, 37.466266875255556]], [[126.82141854967296, 37.475279952907606], [126.82076543497675, 37.54738407238038]], [[126.82035605481704, 37.5924486939034], [126.82027406930099, 37.60146157636206]], [[126.81986359335298, 37.64652577935921], [126.81978138836901, 37.65553857809103]], [[126.81969914674657, 37.66455136286417], [126.81961686846837, 37.67356413367743]], [[126.81696450509415, 37.961965421804905], [126.81688100738378, 37.970977731280286]], [[126.87577856038793, 33.47223330170935], [126.87571387746155, 33.48125245052819]], [[126.86801195968772, 34.52738329557024], [126.86794382191839, 34.536400881500526]], [[126.86760267857021, 34.58148860924889], [126.86746600888472, 34.599523606096184]], [[126.86732921770044, 34.6175585490655], [126.86726077651329, 34.62657600034184]], [[126.86719230491182, 34.63559343814381], [126.86691811409845, 34.6716630545751]], [[126.86540132435816, 34.87004208616785], [126.86533202654337, 34.87905915954911]], [[126.86505452727008, 34.91512731786263], [126.86498507538073, 34.92414432363017]], [[126.864915592636, 34.933161315870194], [126.8648460790223, 34.942178294581105]], [[126.86435861825815, 35.0052967666095], [126.86428885720494, 35.01431363703056]], [[126.863589539913, 35.104481596098346], [126.86351943720732, 35.11349831745631]], [[126.86309816652296, 35.16759836077719], [126.86302784553894, 35.17661498717831]], [[126.86295749331725, 35.185631600007945], [126.86288710984411, 35.194648199264556]], [[126.86253472322335, 35.23973099189783], [126.8624641519514, 35.24874750968371]], [[126.86225224999065, 35.27579698153204], [126.86189845207328, 35.32087916282254]], [[126.86076100493982, 35.46513985785926], [126.86061825492234, 35.48317219969747]], [[126.85722686749106, 35.90691651965634], [126.85708097684041, 35.92494752296725]], [[126.85383836966504, 36.321615715395275], [126.85354043180261, 36.35767514117983]], [[126.8503039237604, 36.74530004229573], [126.85022791756273, 36.754314271213396]], [[126.84977116996401, 36.808399354388456], [126.8496949268164, 36.817413486516834]], [[126.84916027435509, 36.88051202403745], [126.84908375946827, 36.88952604547068]], [[126.84800896986985, 37.01572089145365], [126.84793194275255, 37.0247347051091]], [[126.84552702208335, 37.30415604647457], [126.84529252203549, 37.33119611307419]], [[126.84505770857908, 37.3582360545284], [126.84497936770448, 37.367249340530606]], [[126.84458713967707, 37.412315561867175], [126.84435138334743, 37.43935512768525]], [[126.8440365512228, 37.47540768722633], [126.84395775551911, 37.484420792302885]], [[126.84380005878926, 37.502446960677105], [126.84372115773007, 37.51146002397231]], [[126.8431678651453, 37.574551076943514], [126.84308868240991, 37.58356402876846]], [[126.84205608991861, 37.70073113358905], [126.84173716381136, 37.73678207611791]], [[126.83973093908398, 37.96209540365554], [126.83948868565196, 37.989132415798416]], [[126.86508246160541, 33.463159494680255], [126.86501669298748, 33.472178638158674]], [[126.85787662062708, 34.428132306059894], [126.85780764629983, 34.437150020907545]], [[126.85760053931584, 34.46420308478071], [126.85753144227618, 34.47322074584297]], [[126.85718549614259, 34.51830884936382], [126.85711621463562, 34.52732642969833]], [[126.85656085297515, 34.599466587661745], [126.85635208290032, 34.62651892462967]], [[126.85600351382598, 34.671605883318854], [126.85572410054215, 34.70767520752118]], [[126.85467186760845, 34.84293324966871], [126.85446057837046, 34.86998449330524]], [[126.85290249117145, 35.06835655862891], [126.85283130664361, 35.07737331491128]], [[126.8520461866918, 35.17655673881142], [126.8519746217743, 35.1855733322885]], [[126.85190302506676, 35.19458991218834], [126.85168804406318, 35.2216395704089]], [[126.84495427137917, 36.05110286608944], [126.84487955600987, 36.060118135538346]], [[126.84473002566209, 36.07814863326946], [126.84465521065357, 36.08716386154881]], [[126.84450548089208, 36.105194276928], [126.844430566109, 36.114209464025016]], [[126.8423952343633, 36.35761432097486], [126.84231938177231, 36.366629123091954]], [[126.84224349546675, 36.375643911439546], [126.8421675754312, 36.384658686016245]], [[126.84071866552878, 36.555936784678266], [126.84056543571087, 36.573965768620646]], [[126.8390256211988, 36.75425257006185], [126.83894827047263, 36.763266765031496]], [[126.83879346579953, 36.781295113482365], [126.83871601182084, 36.79030926696092]], [[126.83848344312564, 36.8173516443933], [126.837939574698, 36.88045004071396]], [[126.83731593393298, 36.952561662857576], [126.83723782268895, 36.96157555328465]], [[126.83456125615332, 37.26803957397887], [126.83448191888343, 37.27705297861943]], [[126.83400515288042, 37.33113311446916], [126.83376629188741, 37.35817299462783]], [[126.83304779156086, 37.43929188363781], [126.83288773339517, 37.45731815027817]], [[126.83280765083569, 37.46633126270831], [126.8327275326028, 37.475344361210134]], [[126.83248696369591, 37.50238357313345], [126.83240670260157, 37.511396615909774]], [[126.83224607312395, 37.529422659658], [126.83208530048219, 37.54744864765887]], [[126.83176332516652, 37.58350045637978], [126.83168274164905, 37.59251337370279]], [[126.83095587204075, 37.67362900192774], [126.83087492866723, 37.68264177974389]], [[126.8221801067963, 33.44489340396341], [126.82210994287128, 33.45391249642601]], [[126.81159855315366, 34.761539534722495], [126.81152368301905, 34.77055667112985]], [[126.81107376311338, 34.82465920556587], [126.81099865981037, 34.83367624728874]], [[126.8087299787046, 35.104181199004294], [126.80865383416428, 35.113197820465594]], [[126.80331734815238, 35.73531181534889], [126.80323879929759, 35.74432748232818]], [[126.7996677465828, 36.15001830582375], [126.79942712871774, 36.17706337184495]], [[126.79789574512941, 36.34834591280778], [126.7977337935031, 36.36637536463145]], [[126.78877105746484, 37.33988357534247], [126.78860098586205, 37.35790997774546]], [[126.78757736959237, 37.46606722138854], [126.78749182107126, 37.47508023438945]], [[126.78689191337246, 37.538170934733444], [126.78680605947845, 37.54718383610181]], [[126.7866342369149, 37.56520959695856], [126.78646226119716, 37.58323530196724]], [[126.7862040101404, 37.610273754743794], [126.78611784972115, 37.6192865444014]], [[126.78516754691323, 37.71842630839517], [126.7850809245309, 37.7274389303415]], [[126.8328694617545, 33.4539708571979], [126.83280038051937, 33.46298995625207]], [[126.82267214432075, 34.74356646452165], [126.82252487844407, 34.76160081882459]], [[126.82245119642678, 34.77061797570361], [126.82237748167115, 34.779635119065524]], [[126.82015074445184, 35.05014312647545], [126.82007600767177, 35.0591598500098]], [[126.81962688926973, 35.11325990622644], [126.81940188087464, 35.140309751056435]], [[126.81925170864085, 35.15834291303344], [126.81917657248871, 35.167359473644346]], [[126.81872505415492, 35.22145855192507], [126.81864968405807, 35.23047501739318]], [[126.81667826667355, 35.46489834212557], [126.81652567423973, 35.48293052404437]], [[126.81452958956936, 35.717343919249], [126.81437508779142, 35.73537533617224]], [[126.81297837854348, 35.89765562411777], [126.81290045569025, 35.90667106550891]], [[126.81180589365661, 36.03288580467465], [126.81172744987848, 36.04190104024929]], [[126.81094109252903, 36.1320526404634], [126.81086226448953, 36.14106772490012]], [[126.80888013799931, 36.366440363918144], [126.80880039404593, 36.375455090438344]], [[126.80533765794608, 36.76307527206612], [126.80525633898998, 36.77208939075404]], [[126.79997596207492, 37.34896413246763], [126.7998922570552, 37.35797734853653]], [[126.79896903776638, 37.45712180573978], [126.79888488427775, 37.466134854584745]], [[126.7984635541836, 37.51119988963454], [126.79837917551107, 37.520212854800924]], [[126.79821030537096, 37.53823874328031], [126.79812581386793, 37.54725166659089]], [[126.79778747122269, 37.58330322027724], [126.79753331827662, 37.61034173897425]], [[126.79736369415902, 37.62836734829325], [126.79719391881886, 37.6463929017511]], [[126.83366852499302, 34.73460951044729], [126.83359612765459, 34.74362672799928]], [[126.83287038269125, 34.83379816031433], [126.83279763072747, 34.84281522918983]], [[126.8325791808401, 34.86986635465558], [126.83250629949852, 34.878883369418574]], [[126.83104185399137, 35.059220820807894], [126.83096828968358, 35.06823755106148]], [[126.83037859754779, 35.14037090460038], [126.83023084685357, 35.15840410723594]], [[126.82588848828611, 35.68134330230709], [126.82581263482045, 35.69035909291679]], [[126.82566082678701, 35.70839063312152], [126.82558487218905, 35.71740638271358]], [[126.8228279170028, 36.04196424871901], [126.82275070383727, 36.050979491341195]], [[126.82213176213978, 36.12310093793933], [126.82205423964766, 36.13211605694525]], [[126.81994805983712, 36.37551907090056], [126.8198695668776, 36.384533804590276]], [[126.81175928334389, 37.29495068642578], [126.81167714774352, 37.303964007493555]], [[126.81126592081536, 37.349030404067946], [126.8111835655245, 37.358043641621215]], [[126.80986088133645, 37.502253548043484], [126.80977790022256, 37.511266548730134]], [[126.8095287349973, 37.538305467118946], [126.80944560590301, 37.54731841202077]], [[126.80844516275792, 37.65547266245426], [126.80836155079672, 37.66448542592139]], [[126.80549645466488, 37.970911066894274], [126.80532656307955, 37.988935600868665]], [[126.78951416089848, 34.78846526836243], [126.78943681156264, 34.79748232224787]], [[126.7887391192324, 34.878635197932496], [126.78866142555226, 34.887652116391756]], [[126.78725702216093, 35.04995432979642], [126.78717867005696, 35.058970990503084]], [[126.78710028314673, 35.067987637627866], [126.78694340484611, 35.08602089112548]], [[126.78361656667585, 35.464706641208565], [126.78353659747113, 35.473722675527746]], [[126.78176825985561, 35.6720719735313], [126.7816874696301, 35.68108769343693]], [[126.78103985449918, 35.753212959779795], [126.7808775908684, 35.771244139393566]], [[126.77401492319825, 36.519489616753546], [126.77384641481626, 36.537518456619914]], [[126.77333998994455, 36.591604644384965], [126.77308627056134, 36.61864755154307]], [[126.76531511652315, 37.4298766971568], [126.76513886433631, 37.44790273115698]], [[126.76496245509873, 37.46592870933051], [126.76487419153979, 37.474941677479194]], [[126.76452074393855, 37.51099341045773], [126.76407804797586, 37.55605776245201]], [[126.76336768025142, 37.628159999063094], [126.76327870612857, 37.63717271573673]], [[126.76265477594067, 37.700261340875734], [126.76256548407042, 37.70927394565589]], [[126.80052011084604, 34.77951148797169], [126.8004439850059, 34.78852857652643]], [[126.80036782534224, 34.797545651552], [126.80013914326261, 34.82459679543731]], [[126.79975732861298, 34.86968176451131], [126.79968086387207, 34.87869871770134]], [[126.79822156218027, 35.05001825286856], [126.79814441516929, 35.05903493484749]], [[126.79791276844986, 35.086084899314265], [126.79775816574727, 35.10411814105132]], [[126.79281721948038, 35.672137375307024], [126.79273767184152, 35.681153116808126]], [[126.79217984806559, 35.74426292409535], [126.79210001729255, 35.753278556087004]], [[126.7909786555832, 35.8794959652827], [126.79081789108824, 35.89752680437697]], [[126.78863353370083, 36.14093775643593], [126.78855212735213, 36.149952784445176]], [[126.78830769119837, 36.17699778591072], [126.7882261400565, 36.186012758873765]], [[126.78675200658772, 36.34827991700424], [126.78666976407395, 36.357294628188626]], [[126.78301466681742, 36.753928246727604], [126.78293076270776, 36.762942335913934]], [[126.77644358902859, 37.44797248293999], [126.77618298694881, 37.475011497049955]], [[126.77583497543583, 37.51106332048703], [126.77574787563736, 37.52007624144947]], [[126.77539908821505, 37.55612778567509], [126.77531179421092, 37.565140636819315]], [[126.77478721272756, 37.61921745032839], [126.77461204037951, 37.637242943047426]], [[126.77434898898846, 37.66428107729511], [126.77382183005047, 37.71835696827979]], [[127.13853349751398, 34.9613358472012], [127.1384938910022, 34.97035315968545]], [[127.13628821861205, 35.46628458377627], [127.13616635266274, 35.49333421321194]], [[127.13551365154912, 35.63759684423346], [127.1354317373068, 35.65562942906382]], [[127.13539075289167, 35.66464570112802], [127.13534975026968, 35.673661959623004]], [[127.13526769037259, 35.69169443589951], [127.13514446377175, 35.71874304850926]], [[127.13497990601772, 35.754807675226225], [127.13493872087828, 35.76382379795025]], [[127.13469122552176, 35.81792024896133], [127.13464991213229, 35.82693627656111]], [[127.13365286542796, 36.04331685728104], [127.1336110906911, 36.0523325445902]], [[127.13356929739192, 36.06134821826972], [127.13344380603625, 36.088395157516466]], [[127.1323915144528, 36.31378154209983], [127.13234917916942, 36.322796819925784]], [[127.13081250996613, 36.647337706904146], [127.13076947270416, 36.65635247804728]], [[127.13055399914693, 36.70142612795386], [127.13051084692435, 36.71044081676437]], [[127.13012161226558, 36.79157239820922], [127.1300349039245, 36.80960148744442]], [[127.12929476071625, 36.96284652582518], [127.12916356524256, 36.98988935521107]], [[127.12885676067333, 37.05298880859205], [127.12881285339672, 37.06200296113092]], [[127.12872498021352, 37.080031224881196], [127.12868101428873, 37.089045336090116]], [[127.12841680750185, 37.14312971393991], [127.12828443933044, 37.17017171676477]], [[127.12748650781381, 37.33242112625907], [127.12744199053392, 37.34143485119608]], [[127.1265474693014, 37.521706447687045], [127.12645757815325, 37.53973330309365]], [[127.12636760688181, 37.55776010314629], [127.12632259117626, 37.566773482411975]], [[127.12555424739628, 37.7199988111763], [127.12541805202864, 37.747038159395316]], [[127.12532715388517, 37.76506432221979], [127.12528167441515, 37.77407738283221]], [[127.12509955365573, 37.81012948659028], [127.12500837141364, 37.82815545523872]], [[127.12482576281907, 37.864207226030004], [127.12478005975774, 37.87322013403269]], [[127.17135757882502, 34.97044654202801], [127.17132155668749, 34.9794638721671]], [[127.17041578369385, 35.20489275054038], [127.17037934316299, 35.213909730493896]], [[127.16938930622717, 35.45736308550304], [127.16935240971182, 35.46637968720188]], [[127.16827525127904, 35.72785524483692], [127.16823785986429, 35.73687143999309]], [[127.1679381299155, 35.80900051247238], [127.16786303086818, 35.827032644770895]], [[127.16775025713382, 35.85408074130692], [127.1677126324821, 35.86309674630349]], [[127.16449173204819, 36.620392502059104], [127.16445265916009, 36.62940734675206]], [[127.164335336217, 36.6564517985802], [127.1642961937831, 36.66546658843504]], [[127.16425703394277, 36.67448136457715], [127.16417866201078, 36.692510875718035]], [[127.16354917116304, 36.83674498880404], [127.16350967907294, 36.845759504162416]], [[127.16299468028598, 36.96294695320047], [127.16295494150806, 36.97196127611208]], [[127.1620360527696, 37.17928690407347], [127.16195570405502, 37.197314875171436]], [[127.16175451907174, 37.24238456164099], [127.16171422831732, 37.251398457563816]], [[127.16118881302316, 37.368577848951624], [127.16114827036073, 37.377591551662384]], [[127.16102653399935, 37.40463257693167], [127.16098591905927, 37.413646224396544]], [[127.16086396566155, 37.440687083900045], [127.16078257283007, 37.45871425448148]], [[127.16066034756315, 37.48575490669903], [127.16057877327256, 37.50378193906079]], [[127.16045627549687, 37.530822383905395], [127.16041540651348, 37.539835837862846]], [[127.16021078827428, 37.584902900167705], [127.16016980990187, 37.593916271124165]], [[127.15947037650062, 37.74714145931968], [127.1594290680967, 37.756154581027694]], [[127.15880722703093, 37.89134974308615], [127.1587656228952, 37.900362642935754]], [[127.15729772324994, 38.21580538835933], [127.15721314871523, 38.23383017374741]], [[127.14948684312002, 34.96136795207233], [127.14944843672447, 34.97038527525334]], [[127.14797628109716, 35.3130335738871], [127.14793720364526, 35.32205037129413]], [[127.147348954467, 35.45730071020236], [127.14730959834462, 35.466317291249624]], [[127.14620050035956, 35.718776060062766], [127.1461606340585, 35.727792248007106]], [[127.14600099166884, 35.763856864002015], [127.14596103673537, 35.77287298404802]], [[127.14548019072389, 35.881065364649785], [127.14539980024753, 35.89909723773732]], [[127.1447135899095, 36.05236596087064], [127.1446730629857, 36.06138164553521]], [[127.14208321945445, 36.629342247819295], [127.14199980870511, 36.64737185355102]], [[127.14179095706314, 36.6924456278445], [127.14174913099181, 36.701460341543914]], [[127.14170728631954, 36.71047504152059], [127.14166542303782, 36.719489727773244]], [[127.1405280485841, 36.96288106428198], [127.14048566073498, 36.97189536574867]], [[127.14040082844652, 36.98992392739938], [127.14035838398966, 36.99893818758091]], [[127.14031592064606, 37.00795243399823], [127.14027343840694, 37.01696666665011]], [[127.13886086638671, 37.314428613763944], [127.13864502449724, 37.35949729519041]], [[127.1382986764044, 37.431606467163334], [127.13825529607203, 37.44062005147388]], [[127.13812503909644, 37.46766072146262], [127.13808158141478, 37.476674250474034]], [[127.13795109217315, 37.5037147545375], [127.1378640024237, 37.52174168809255]], [[127.1372960237313, 37.63891540702448], [127.13725219664586, 37.6479286731125]], [[127.13672474531587, 37.75608678558237], [127.13668066356531, 37.76509987153843]], [[127.13597267618316, 37.909307360550144], [127.13592825903339, 37.91832021066406]], [[127.13561678366943, 37.98140977267638], [127.13557220774467, 37.99042251169575]], [[127.1354383605958, 38.01746064539922], [127.1353490295895, 38.03548599839518]], [[127.13521488352933, 38.06252392365803], [127.13517012825764, 38.07153653761305]], [[127.15946745156208, 35.195845366104294], [127.15942981314215, 35.20486234945019]], [[127.15893898945377, 35.32208190483589], [127.15890111627745, 35.33109869918946]], [[127.15836912188261, 35.457332400853595], [127.15833099556, 35.46634899239318]], [[127.15702457377903, 35.772905043309], [127.15698585016052, 35.78192116034476]], [[127.15663656251196, 35.86306560226253], [127.15655875322919, 35.8810975509502]], [[127.15467043967328, 36.31384797583665], [127.15463066999294, 36.322863275436646]], [[127.15338900220455, 36.60233077841829], [127.15314669687444, 36.65641974269107]], [[127.1531062497768, 36.66543452207886], [127.15306578469257, 36.67444928775152]], [[127.15286318918288, 36.71952291034292], [127.15282261600522, 36.728537593697865]], [[127.15245664439948, 36.80966912615629], [127.15233432801104, 36.83671272311587]], [[127.15159699237176, 36.99897170697117], [127.15155585591847, 37.007985964293994]], [[127.15151470116008, 37.01700020785392], [127.15143233669401, 37.035028653680165]], [[127.15081226132924, 37.17024024146258], [127.15077077562003, 37.179254237081295]], [[127.15068774879018, 37.197282186959406], [127.1504798580799, 37.242351820335784]], [[127.1501880326654, 37.305448727662714], [127.15014626903495, 37.31446251636494]], [[127.15006268597303, 37.3324900523563], [127.15002086652409, 37.34150379964307]], [[127.14993717174679, 37.35953125279287], [127.14989529640093, 37.36854495865355]], [[127.14943343478453, 37.46769481133336], [127.14934921658616, 37.485721877609684]], [[127.14922274853706, 37.51276237332451], [127.14913834256694, 37.530789301321114]], [[127.1489693048584, 37.56684299132091], [127.14892699834449, 37.57585637923219]], [[127.1488423287504, 37.59388311354033], [127.1485878667973, 37.647962984267025]], [[127.14811958244968, 37.74710811907329], [127.14807689719059, 37.75612123001336]], [[127.14752025367345, 37.8732904105324], [127.14743432947122, 37.89131623024297]], [[127.14739133862362, 37.90032911928327], [127.14734832859955, 37.90934199444545]], [[127.14696037393477, 37.99045724620931], [127.14683070921974, 38.017495413500725]], [[127.14661421532755, 38.062558747793524], [127.14657085856112, 38.07157137296346]], [[127.14578711877996, 38.2337962483116], [127.14574339275936, 38.24280860922441]], [[127.19326678491244, 34.970503856289085], [127.19319952839874, 34.988538541309474]], [[127.19292990407962, 35.06067674338557], [127.1928961336265, 35.069693958094334]], [[127.19276090172102, 35.105762682306384], [127.19248971608725, 35.177899484225705]], [[127.19242176898943, 35.19593354994677], [127.19235376150938, 35.21396756174029]], [[127.19191023738041, 35.33118732309011], [127.19180752149056, 35.35823771326565]], [[127.19132636698171, 35.48447125925152], [127.19129188418928, 35.49348783968669]], [[127.19038993491472, 35.72791417754422], [127.19035503612666, 35.73693039214792]], [[127.19021528586568, 35.77299511485528], [127.19018030948848, 35.78201126159817]], [[127.18989993849036, 35.85413994667291], [127.18986482201313, 35.8631559711776]], [[127.18898182121265, 36.08855216374368], [127.18894629679761, 36.097567834482604]], [[127.18743992795014, 36.476213685542156], [127.18740371822842, 36.48522876919455]], [[127.18714979902627, 36.54833397158315], [127.18711346031591, 36.55734894574045]], [[127.1870043472141, 36.584393786050846], [127.18696794383189, 36.593408705429475]], [[127.18388931868446, 37.34159914281754], [127.18385152922522, 37.3506129072098]], [[127.18358653134663, 37.41370887145022], [127.18354860703147, 37.42272252539832]], [[127.18339674076546, 37.45877700307132], [127.18328266338801, 37.48581771626819]], [[127.18301588928003, 37.54891223001247], [127.18290130261713, 37.575952528521654]], [[127.18286307301715, 37.58496593369881], [127.18282482638092, 37.59397932504445]], [[127.18213346454786, 37.75621800278438], [127.18209489269034, 37.76523113111629]], [[127.18069478824361, 38.089694515720595], [127.1805770947546, 38.11673231904339]], [[127.18053782856235, 38.125744892359606], [127.1804985448415, 38.13475745177836]], [[127.18045924358368, 38.14376999729859], [127.18038058842356, 38.16179504663928]], [[127.18030186301476, 38.17982004037323], [127.18026247394604, 38.188832516385055]], [[127.18231217413698, 34.970475693225076], [127.18196326249266, 35.06064848640697]], [[127.18192828601684, 35.06966569171312], [127.1817882246606, 35.10573437829439]], [[127.1809426109782, 35.3221419688709], [127.18087173546934, 35.340175583911694]], [[127.18040950695463, 35.45739276414578], [127.18030245931347, 35.484442558134575]], [[127.17787418436619, 36.0885228214984], [127.17783739129231, 36.097538482595525]], [[127.17691223152245, 36.3229255776868], [127.17687501094117, 36.33194088403927]], [[127.17620220417471, 36.49421406087557], [127.1759767364644, 36.54830413481755]], [[127.17578838680646, 36.59337881987215], [127.17575066661193, 36.60239371578785]], [[127.1742664200872, 36.95396395678424], [127.17422802294188, 36.962978303651404]], [[127.17299025018507, 37.25143013571354], [127.17275619888936, 37.30551328326987]], [[127.17244315637284, 37.3776233739542], [127.17228621645914, 37.41367808795916]], [[127.1720896480334, 37.45874616968744], [127.17197149669884, 37.48578685292029]], [[127.17173471986287, 37.53986784618084], [127.17169519549434, 37.548881296665705]], [[127.17157651668727, 37.5759215651398], [127.17153692182342, 37.58493496030051]], [[127.1708211889604, 37.747173706496895], [127.17078125742042, 37.75618683861983]], [[127.1691693062422, 38.11670075041571], [127.16912863776841, 38.125713313570266]], [[127.16908795114007, 38.134725862824894], [127.16904724634848, 38.14373839817854]], [[127.16896578224086, 38.16176342717865], [127.16888424537589, 38.17978840056216]], [[127.16884344963762, 38.18880086639505], [127.16872095309498, 38.2158381804457]], [[127.16863919753928, 38.233862986928955], [127.16859829237703, 38.24287536930229]], [[129.04692749808393, 35.096282232909594], [129.0470978284399, 35.105296227840164]], [[129.04777990662043, 35.14135206603795], [129.04795061552142, 35.15036599019684]], [[129.04863420955084, 35.1864215452135], [129.04914770235686, 35.213463062723456]], [[129.04949041105613, 35.231490670200685], [129.0500050450199, 35.25853197508488]], [[129.05017674205305, 35.26754571501699], [129.05069229076003, 35.29458684969933]], [[129.05484149369005, 35.510911325364596], [129.05518926035032, 35.52893799525733]], [[129.06291877786637, 35.92551029790041], [129.06327372032635, 35.94353565418422]], [[129.066661442779, 36.11477367967964], [129.0668405370127, 36.123786063888446]], [[129.06701971080287, 36.13279843373996], [129.0671989641855, 36.1418107892324]], [[129.06881583224973, 36.222921342215386], [129.06899588354474, 36.2319335540202]], [[129.06971688899367, 36.26798225743759], [129.06989734060497, 36.2769943973327]], [[129.0751654611154, 36.53834018878875], [129.075348333868, 36.547351896311504]], [[129.0808724787931, 36.81769640008633], [129.08105788858958, 36.826707659200665]], [[129.08347573227422, 36.94385270831184], [129.0836622997672, 36.95286376438669]], [[129.0847834486486, 37.006929795954626], [129.08497059780888, 37.01594075038688]], [[129.08684667452053, 37.10604949544917], [129.0874111266919, 37.133081835443186]], [[129.08759944487167, 37.14209258634632], [129.08797633264905, 37.16011404450042]], [[129.02482438083652, 35.08754606777629], [129.0258325566662, 35.14163046462209]], [[129.02667475722342, 35.18670040654693], [129.0268434218065, 35.19571435249704]], [[129.0357179749553, 35.66442000069355], [129.03623624636145, 35.69145953841294]], [[129.040407364137, 35.90777121893482], [129.04058212719286, 35.91678402712538]], [[129.04515331397792, 36.15111201723204], [129.04533018511808, 36.16012443882706]], [[129.04728096129924, 36.25926012934839], [129.04745877766695, 36.26827237871188]], [[129.05319081137986, 36.556656764736154], [129.0533712539108, 36.56566853917735]], [[129.05827363907954, 36.80898099249865], [129.05845634121255, 36.8179923625195]], [[129.06342013093393, 37.06129387873215], [129.06379019546745, 37.07931579279599]], [[129.0746665915823, 37.60192598999727], [129.07485658935545, 37.610936080555724]], [[129.03545297706805, 35.069379488152876], [129.03579084960717, 35.08740764143892]], [[129.03612902230978, 35.105435738177945], [129.03629822130497, 35.1144497653376]], [[129.036806269263, 35.14149176195456], [129.03697576901692, 35.150505732533254]], [[129.03901564682963, 35.258672275245246], [129.03918612772168, 35.26768606172838]], [[129.0462414140244, 35.63723908217815], [129.04676271436514, 35.66427860812917]], [[129.05166181508972, 35.91664132364524], [129.05183791197388, 35.92565407057095]], [[129.05573189382156, 36.12393087996529], [129.0559097985525, 36.132943297366786]], [[129.0560877823126, 36.14195570041989], [129.05626584513772, 36.15096808912287]], [[129.05822976476833, 36.250103417244404], [129.05840877917515, 36.259115633608864]], [[129.06399785427695, 36.538487203322845], [129.0643610900088, 36.55651070003638]], [[129.0724345126099, 36.95301300058657], [129.07261984110968, 36.96202409070544]], [[129.07503662674026, 37.07916694162151], [129.0754096817421, 37.09718870086707]], [[129.07671799098677, 37.16026440042721], [129.07690522510742, 37.16927515649494]], [[129.0022302310713, 35.05176303533411], [129.00272586292897, 35.07880573990187]], [[129.00305665113183, 35.096834139090554], [129.0038849079, 35.14190489012207]], [[129.00471500542452, 35.18697528819526], [129.00488124617746, 35.195989325434404]], [[129.0057135579736, 35.24105929965045], [129.00604700038275, 35.25908719037839]], [[129.00638073900754, 35.2771150245364], [129.00654771948268, 35.28612892039706]], [[129.01091533566108, 35.52048524143506], [129.01108432983236, 35.52949875465412]], [[129.0119304270532, 35.57456610775074], [129.01209987200465, 35.583579535757636]], [[129.01687500432098, 35.8359497447641], [129.01739015557703, 35.86298874768103]], [[129.02345123736552, 36.17843428364619], [129.0238004387159, 36.196459213513556]], [[129.0313838000983, 36.5839813196371], [129.0315618869239, 36.5929931453079]], [[129.03532005183948, 36.78223815443094], [129.03567980525634, 36.80026115677009]], [[129.04111467253642, 37.07059925193822], [129.04129708649765, 37.079610297395]], [[129.04312569593324, 37.1697199545398], [129.04330900469182, 37.17873084047629]], [[129.05089533745206, 37.54816465098746], [129.05164290822603, 37.58420566379873]], [[129.01302576222184, 35.042612555256014], [129.01319202954264, 35.051626772991504]], [[129.01369127468053, 35.07866934153396], [129.0140244744103, 35.096697649990126]], [[129.01469176217256, 35.13275409746173], [129.01569491848912, 35.186838344842705]], [[129.01703662397156, 35.25894988291408], [129.0173727956176, 35.27697762594516]], [[129.02194045023657, 35.52034660872807], [129.0221106763981, 35.52936007609882]], [[129.02313362200155, 35.583440581900575], [129.0238171011977, 35.61949396808965]], [[129.02398816073935, 35.6285072790771], [129.02415929624595, 35.637520575836994]], [[129.02846247218469, 35.862848365605196], [129.02932885430585, 35.90791285388438]], [[129.0349194863134, 36.196317113830254], [129.0354476930504, 36.22335426126819]], [[129.0421995986556, 36.56581360529873], [129.0425581297038, 36.58383720572344]], [[129.04688545199394, 36.8001159100108], [129.04706676082247, 36.8091273421794]], [[129.05217627614945, 37.06144156798106], [129.05235993814816, 37.070452580273084]], [[129.0629649209763, 37.58405625714917], [129.0633419344505, 37.602076579428115]], [[129.0580665589277, 35.105155725594315], [129.05840986107526, 35.12318357957329]], [[129.05875346820216, 35.14121137689446], [129.05892538621683, 35.15022525430364]], [[129.05944159846953, 35.17726680150282], [129.05961382206894, 35.18628062222013]], [[129.06013095188484, 35.21332199929841], [129.06047608794805, 35.23134951310368]], [[129.06569007311333, 35.50175540197707], [129.06586507144152, 35.51076871111687]], [[129.06867563690167, 35.654979718791466], [129.069381403368, 35.69103190002998]], [[129.0801197126906, 36.23178713296459], [129.08048260745386, 36.24981141739136]], [[129.09507797635214, 36.96172445982035], [129.09601909325158, 37.00677920513634]], [[129.09790761690547, 37.09688760530461], [129.09809693167026, 37.10589836530527]], [[129.09866538149535, 37.132930557970454], [129.09885503341133, 37.14194125974105]], [[129.0688624700464, 35.096000330259905], [129.06903521323778, 35.105014231462675]], [[129.0693809297935, 35.1230419913538], [129.06972695347184, 35.1410696945464]], [[129.07954141765674, 35.645822303119445], [129.07971890301226, 35.654835336459826]], [[129.08042963295722, 35.69088732695436], [129.08060751275062, 35.699900288852064]], [[129.0885129327108, 36.09645643544126], [129.0886944025731, 36.10546875231051]], [[129.08887595304486, 36.11448105480443], [129.0890575841626, 36.123493342921215]], [[129.09197467977623, 36.26768799605228], [129.0921576874837, 36.27670003948652]], [[129.1034763228158, 36.8264073755326], [129.10366444249487, 36.835418522318484]], [[129.1057392883721, 36.93454017852322], [129.10592841440592, 36.943551151003355]], [[129.10744445410344, 37.015638407391265], [129.10763433857989, 37.024649248982925]], [[129.1014118619954, 35.077542480961185], [129.1015880676515, 35.08655626749877]], [[129.10264694604598, 35.14063868850049], [129.10300053279903, 35.158666048512636]], [[129.10353150196215, 35.18570698192653], [129.10370864889737, 35.19472059796235]], [[129.10584055793163, 35.30288288061566], [129.1060187302261, 35.311896311630996]], [[129.1092393947883, 35.47413563206987], [129.10977867885552, 35.501175069298974]], [[129.11887330427444, 35.95181338995824], [129.11960963398545, 35.987862905875886]], [[129.11997828958286, 36.00588757753339], [129.1201627401962, 36.014899891780466]], [[129.12517399640308, 36.25822693104323], [129.12536075500554, 36.267238841683536]], [[129.13024571245103, 36.501543444521005], [129.1310022652028, 36.53758943808246]], [[129.13787210035872, 36.86199293146375], [129.13806450274473, 36.871003870702616]], [[129.13902779884657, 36.916058348500215], [129.13922071517857, 36.92506920036843]], [[129.14134846614635, 37.0241876090732], [129.141542414663, 37.03319828601623]], [[129.1509541468202, 37.46569359271063], [129.15115237044245, 37.474703552866]], [[129.08087469803417, 35.149940801936424], [129.08139817110563, 35.1769820655457]], [[129.0820972206573, 35.21303688493427], [129.08227217710487, 35.22205055427641]], [[129.0836746284989, 35.294159397446165], [129.0838502854159, 35.30317293886811]], [[129.09165690559288, 35.699754654294274], [129.0918361071422, 35.70876755384066]], [[129.0963421024984, 35.93408538813141], [129.0965233847818, 35.943097915115054]], [[129.09943487608012, 36.08729639350075], [129.09961753206932, 36.09630867622355]], [[129.09980026919376, 36.1053209445619], [129.10016598699528, 36.123345438078104]], [[129.10866779188837, 36.537892873874995], [129.1088545501304, 36.546904435204915]], [[129.114874848144, 36.83526674681292], [129.11506436571798, 36.844277829637065]], [[129.11887246635473, 37.024496432714095], [129.11906376186212, 37.0335072100675]], [[129.12021332330116, 37.08757156826901], [129.12040521530957, 37.09658224363382]], [[129.11433244730813, 35.17654750307306], [129.11522463631016, 35.22161526982829]], [[129.11701496676469, 35.31174973531233], [129.1173739876362, 35.32977645739521]], [[129.12007682924718, 35.464975053815145], [129.12025765945504, 35.47398817933971]], [[129.1294022995393, 35.924626196545574], [129.12995746039942, 35.95166333642031]], [[129.13218551416907, 36.05981060046064], [129.13255801213316, 36.07783494280724]], [[129.13611329323066, 36.24906331747266], [129.13630124564605, 36.25807519281788]], [[129.14927991395615, 36.870848723884826], [129.14947371836524, 36.87985959804206]], [[129.14966760895746, 36.888870457628386], [129.15024979823178, 36.915902948944876]], [[129.15356358083918, 37.069084586832595], [129.1537592905263, 37.07809514003541]], [[128.99390004735608, 35.1961253189711], [128.99472629125955, 35.24119551907973]], [[128.99555437139998, 35.286265365964624], [128.9957202081339, 35.29527929293445]], [[129.0000579082202, 35.529636425643105], [129.00039365604744, 35.547663500547685]], [[129.0007297021388, 35.56569051868784], [129.0008978371167, 35.57470400646673]], [[129.0015711240198, 35.61075781559897], [129.00190821613322, 35.62878463494984]], [[129.00309039856873, 35.69187805505217], [129.0034288403818, 35.70990461855767]], [[129.00529565209408, 35.80904970047512], [129.00580636699598, 35.83608896926524]], [[129.03754466067613, 37.449198266599836], [129.03772916113988, 37.458208749721685]], [[129.20234162946602, 35.18435809989726], [129.20271781358215, 35.20238442175433]], [[129.20649808225863, 35.38264448732286], [129.20687795841184, 35.400670178235906]], [[129.2135806803654, 35.71611045541651], [129.21377372122458, 35.72512277541]], [[129.22058443153867, 36.04054486940345], [129.220780582752, 36.049556668648464]], [[129.22571278011645, 36.27484693245076], [129.22650702608394, 36.31089253172462]], [[129.22730268443405, 36.34693789814051], [129.22750182000792, 36.35594920334668]], [[129.22790035662115, 36.37397177006883], [129.2280997577412, 36.382983031581134]], [[129.22829924745741, 36.39199427852518], [129.22849882581016, 36.40100551089912]], [[129.23049949325772, 36.491117032881995], [129.23070004928758, 36.500128104864594]], [[129.23130225228232, 36.527161233253516], [129.23170416710795, 36.545183245862276]], [[129.23210643924503, 36.56320520006706], [129.23250906902115, 36.58122709585342]], [[129.2331136849759, 36.608259829966805], [129.23351721028533, 36.626281579643916]], [[129.23371910746528, 36.63529243255754], [129.2343253376004, 36.66232490357703]], [[129.2439292485092, 37.08581640179157], [129.24413577550575, 37.09482650686367]], [[129.12495163989934, 35.158373551265825], [129.1253103818265, 35.17640066006418]], [[129.1262086314814, 35.22146818285839], [129.12656849001735, 35.23949509225508]], [[129.12692866821877, 35.25752194464533], [129.1278305141146, 35.3025888261173]], [[129.12837258333815, 35.329628783835865], [129.12873436411462, 35.34765535096451]], [[129.12891537499783, 35.35666861311801], [129.12909646625846, 35.36568186099508]], [[129.13091180747702, 35.455813554144804], [129.13109378524717, 35.46482664485599]], [[129.1360378482435, 35.708174682808114], [129.13640643811857, 35.72620004770484]], [[129.1421616343936, 36.00558585264394], [129.1430973335161, 36.05064678372445]], [[129.14705003716935, 36.23989875504402], [129.14723918226449, 36.248910594776014]], [[129.15180396140997, 36.46519040638313], [129.1525695008663, 36.50123623018636]], [[129.16069035985788, 36.87970334258593], [129.1608855674596, 36.8887141512921]], [[129.16461105134783, 37.059916743720116], [129.1648080027731, 37.068927260412835]], [[129.1805700214125, 35.19367808386673], [129.1807557314273, 35.20269133951323]], [[129.19147864962432, 35.7164232171044], [129.19166920352583, 35.725435640278185]], [[129.19819863339615, 36.031849442335826], [129.19839217165676, 36.04086136006649]], [[129.20286735567106, 36.24813146908687], [129.20325866675063, 36.266154594220176]], [[129.2064017013481, 36.4103375030656], [129.2067961536863, 36.4283601049254]], [[129.22102878638427, 37.06812464879205], [129.22123247158308, 37.07713489003279]], [[129.15879331941602, 35.202994276239096], [129.15897668687938, 35.212007618165785]], [[129.15934366611583, 35.23003425918295], [129.15971097133848, 35.24806084307229]], [[129.16192166454985, 35.35621914585924], [129.16210642113876, 35.36523224479591]], [[129.1634020164009, 35.42832353654125], [129.16358743032438, 35.43733652093741]], [[129.1760085556986, 36.03216172522927], [129.17639066500624, 36.05018575151792]], [[129.1860545437418, 36.50076758101295], [129.18625001906818, 36.50977884747307]], [[129.1941406915225, 36.870217559170484], [129.19433976138825, 36.87922822778868]], [[129.1357466133621, 35.1492122853579], [129.13592707431846, 35.15822581204033]], [[129.13755483329987, 35.23934691092752], [129.13791744161338, 35.25737366495546]], [[129.13973532046168, 35.34750657882015], [129.1399175526151, 35.35651979166913]], [[129.14174433063874, 35.44665113404912], [129.14192745488194, 35.4556641896343]], [[129.15419519462282, 36.05049413303371], [129.15438384815192, 36.05950622583535]], [[129.1579842294279, 36.230733244766284], [129.15817456607016, 36.23974504856716]], [[129.1625757246122, 36.44701253888855], [129.16296056343427, 36.465035436472256]], [[129.17506181759921, 37.02371639623509], [129.17525974532887, 37.032726919970344]], [[129.17565586495934, 37.05074792356792], [129.1758540569419, 37.05975840342678]], [[129.16995914637405, 35.211856597320114], [129.17032855227637, 35.22988313805674]], [[129.17441373845443, 35.42817130944167], [129.17460037842457, 35.437184243439965]], [[129.1804275071078, 35.71657807666422], [129.18061681747352, 35.72559055092659]], [[129.19135348014154, 36.23026607573432], [129.19174189244606, 36.24828936243509]], [[129.20515536910915, 36.8610464927585], [129.20535566617139, 36.87005712376013]], [[129.19154989207524, 35.19352517337771], [129.19173681400562, 35.20253837825078]], [[129.19492721607563, 35.35576067022441], [129.19568140457568, 35.39181237220375]], [[129.1962479254761, 35.41885099802166], [129.19662602545586, 35.43687667679193]], [[129.20252970756067, 35.71626734334683], [129.20272150496007, 35.72527971509765]], [[129.21438659663278, 36.26599556259426], [129.2145836601716, 36.27500705125129]], [[129.21636117639204, 36.35610979489623], [129.21675714593323, 36.37413246680465]], [[129.21695526266257, 36.383143780928], [129.21715346741792, 36.39215508049504]], [[129.2173517602394, 36.401166365503904], [129.21755014116724, 36.4101776359528]], [[129.21933954094573, 36.49127841449459], [129.21973815791006, 36.509300649413454]], [[129.22133617264166, 36.58138900567596], [129.22193689415838, 36.60842189848776]], [[129.2273795812902, 36.85171201438739], [129.22758241939155, 36.860722554541546]], [[129.23165817763348, 37.04093027849607], [129.23227267376126, 37.06796093074792]], [[129.23247768806635, 37.07697111878411], [129.2326827935732, 37.08598129212683]], [[129.21313094474766, 35.17519012005527], [129.21332012235624, 35.18420325104759]], [[129.21788567141732, 35.40051409215195], [129.21826833407644, 35.41853962221746]], [[129.22443736944095, 35.706940270995005], [129.22463156748708, 35.71595255333857]], [[129.23764117370496, 36.310731166556344], [129.237841236148, 36.31974247712837]], [[129.2420631418077, 36.508976631238156], [129.24246728608145, 36.52699859596056]], [[129.2428717896367, 36.54502050224494], [129.24327665280265, 36.56304235007681]], [[129.2446965105806, 36.62611835696523], [129.24489970817257, 36.63512915658888]], [[129.24550984300933, 36.662161467665214], [129.24571340211364, 36.6711722087531]], [[129.24980364090166, 36.851383954047535], [129.2502146682611, 36.86940480597876]], [[129.25538346880938, 37.09466049676432], [129.2555914184777, 37.10367053319292]], [[128.97047658331397, 35.11526626742221], [128.97063861152975, 35.124280551853914]], [[128.9717748256249, 35.187380148376874], [128.97193743038895, 35.19639432007243]], [[128.97242567807868, 35.22343675054982], [128.97258857188078, 35.23245086583307]], [[128.97389432920139, 35.30456328006842], [128.9743851851433, 35.331605202438446]], [[128.97833565829663, 35.54793599986189], [128.97866676843555, 35.56596319820431]], [[128.9816600279344, 35.72820543008711], [128.98182702259126, 35.737218752543]], [[128.98993060051873, 36.16984148841875], [128.99010126873893, 36.1788541125773]], [[128.9961226703166, 36.49428694042667], [128.99646958658542, 36.51231114303877]], [[128.99768622432285, 36.5753953998379], [128.9985575712776, 36.620455152228374]], [[128.99925604424962, 36.65650269535799], [128.99943085659615, 36.66551454518448]], [[128.9999557600551, 36.69255000834316], [129.0006567209812, 36.72859709107768]], [[129.00153467658475, 36.77365562054456], [129.00171050199089, 36.78266728322793]], [[129.00970411221363, 37.18817716775367], [129.00988357156905, 37.19718816602068]], [[129.01024272991035, 37.21521011910796], [129.0106022080074, 37.2332320142556]], [[129.0109620061588, 37.25125385145087], [129.01168256382067, 37.287297351933475]], [[129.0118629037377, 37.296308190814045], [129.01222382443615, 37.314329825076]], [[129.01258506653758, 37.33235140132852], [129.01276580820837, 37.34136216769728]], [[129.01457765663955, 37.43146903323447], [129.01475928548652, 37.440479639938566]], [[128.92533897952438, 35.04367457890587], [128.92627986104714, 35.09776179495086]], [[128.9283270570967, 35.21494902829563], [128.9284850237031, 35.22396333244928]], [[128.93070393636162, 35.3501621126496], [128.9308629585233, 35.35917620559505]], [[128.93245706941136, 35.44931635952835], [128.93261687011847, 35.458330297330086]], [[128.93809252643828, 35.764795772689524], [128.93841720537705, 35.782822643973724]], [[128.93923016531642, 35.82788957403259], [128.93939297400792, 35.83690291749012]], [[128.94546800553414, 36.17038663609362], [128.94563358505349, 36.17939943916295]], [[128.94829288444055, 36.32360234856066], [128.94845971905548, 36.33261490907992]], [[128.95638515534932, 36.75618911367404], [128.9567260940258, 36.7742128454545]], [[128.9672717368608, 37.32390900422041], [128.96744701166133, 37.332919969354286]], [[128.9693801924802, 37.43203963098136], [128.9695564060544, 37.44105042246672]], [[128.96973269809845, 37.450061199471314], [128.97008551774337, 37.468082710032085]], [[128.97061533665632, 37.49511486722913], [128.9707921002939, 37.5041255573169]], [[128.9711458637909, 37.522146894016366], [128.97149994249733, 37.540168172737545]], [[128.93724818736231, 35.0976322479588], [128.93756478608873, 35.115661121497965]], [[128.94154608306494, 35.34101729234101], [128.94170625597056, 35.350031356052455]], [[128.94670705407765, 35.62946032727431], [128.9468695189169, 35.6384739388107]], [[128.94947879084162, 35.78268979644779], [128.94980625515285, 35.80071652341482]], [[128.94997009639428, 35.809729865611864], [128.95013401040308, 35.81874319361557]], [[128.95029799721198, 35.82775650742421], [128.95046205685364, 35.83676980703605]], [[128.95959846619874, 36.332479371942284], [128.95976665737754, 36.34149187377843]], [[128.9599349232913, 36.35050436132004], [128.96044016978328, 36.37754173816068]], [[128.9674131320232, 36.7470396361879], [128.96758479662486, 36.756051478750464]], [[128.98139042205048, 37.467941497317426], [128.9817462691921, 37.48596285849731]], [[128.98263727471652, 37.53101600768301], [128.98281571400622, 37.54002659400544]], [[128.98144703925198, 35.115132664590256], [128.98161027520158, 35.12414690461051]], [[128.98291877524727, 35.19626031719093], [128.98308266478938, 35.20527443028799]], [[128.98472556851317, 35.29541478480439], [128.98489026042512, 35.30442874257011]], [[128.98869842584705, 35.51174586703437], [128.9890314121085, 35.52977308904378]], [[128.99237758798924, 35.710042187699386], [128.99271384274212, 35.72806878510526]], [[128.99355578716532, 35.773135029791035], [128.99423068981557, 35.80918776948405]], [[128.99473765402965, 35.8362271748135], [128.9949067922285, 35.84524028144906]], [[129.0008741972515, 36.160690029898866], [129.00104606121107, 36.1697026227868]], [[129.02078623726985, 37.17902211997287], [129.02096695377, 37.18803308595973]], [[129.02605980465177, 37.44033424439295], [129.0262428687046, 37.44934478949261]], [[129.0280779991653, 37.53944944069153], [129.02826196204953, 37.54845982579722]], [[128.9596668759005, 35.12441320637823], [128.9607946206152, 35.1875131117406]], [[128.9656677088836, 35.45793345046106], [128.96632237189095, 35.49398853493279]], [[128.96648621938607, 35.503002270678415], [128.96665013964324, 35.51201599227152]], [[128.9707718888918, 35.73735442729165], [128.97143562492363, 35.77340775408014]], [[128.97260000339344, 35.83650052896269], [128.97276663881297, 35.845513725658265]], [[128.978645743166, 36.16096663891125], [128.97881506404036, 36.16997932258758]], [[128.9830726219593, 36.39529176823456], [128.9835867136964, 36.422328660581684]], [[128.98444505744033, 36.46738986120216], [128.98461695512987, 36.476402058317404]], [[128.98478892921437, 36.48541424109245], [128.9849609797289, 36.49442640952561]], [[128.98530531018753, 36.512450703359605], [128.98564994678588, 36.53047493980599]], [[128.98599488980423, 36.54849911885138], [128.98616747630868, 36.55751118684455]], [[128.98634013952346, 36.56652324048245], [128.98651287948374, 36.57553527976342]], [[128.98737773170015, 36.620595260756225], [128.988070998488, 36.65664298695624]], [[128.9882445078427, 36.66565488257657], [128.9887654988522, 36.692690483179824]], [[128.98946123506295, 36.72873774932114], [128.99015820939692, 36.764784785274664]], [[128.9986193125818, 37.19733122405008], [128.998975793931, 37.215353270017935]], [[128.99951111112404, 37.24238623041051], [128.99968970904837, 37.251397188252575]], [[129.00040489603518, 37.287440874801305], [129.00058389179011, 37.29645176022571]], [[129.00094212237042, 37.31447348760814], [129.00148006647632, 37.3415059699922]], [[128.94853545619657, 35.115530495897026], [128.94885475238857, 35.133559226361214]], [[128.95238578767646, 35.33187154419023], [128.95254711024216, 35.34088557835329]], [[128.95530058090222, 35.49412199876262], [128.95546319788141, 35.503135778662596]], [[128.95742024368673, 35.61130003381002], [128.95774743292404, 35.62932721145153]], [[128.9608702647921, 35.800582570564515], [128.96103535528684, 35.809595868609755]], [[128.96120051910341, 35.81860915245189], [128.96169645081378, 35.845648918741944]], [[128.96753140305998, 36.16110339670794], [128.96769945234044, 36.17011612527104]], [[128.9709066122179, 36.34135525426871], [128.97107616109918, 36.3503676970601]], [[128.9715852599129, 36.37740493958922], [128.97192503627392, 36.395429696387595]], [[128.97243526723167, 36.42246672421988], [128.9732871649048, 36.46752815085441]], [[128.97345777166205, 36.476540393203344], [128.973628454241, 36.485552621222375]], [[128.97448300567544, 36.530613546310626], [128.9748253582166, 36.548637815978246]], [[128.97499664861942, 36.557649929298044], [128.97516801515692, 36.56666202827294]], [[128.9789574119468, 36.76492457311113], [128.97913053926334, 36.77393634169715]], [[128.98806289788382, 37.233517429974654], [128.98824007573575, 37.242528448426235]], [[128.99305380741595, 37.48582047258197], [128.99323320731125, 37.4948310853379]], [[128.88362559846533, 35.17038691921972], [128.8839312096807, 35.18841599271241]], [[128.88423709240712, 35.20644501010971], [128.88439013566193, 35.2154594977681]], [[128.88746531403373, 35.39574630241182], [128.8877743364555, 35.41377467368199]], [[128.89511592507503, 35.83742516825878], [128.8952737997327, 35.84643866959311]], [[128.90084381508814, 36.16190228817381], [128.90116472438876, 36.179928255518746]], [[128.91175103179538, 36.76574116523046], [128.91191629842984, 36.77475320006378]], [[128.91741152699987, 37.07214230477107], [128.91774717028883, 37.09016538430717]], [[128.9189242762522, 37.15324570968095], [128.91926126609104, 37.171268530307074]], [[128.91976731343726, 37.198302653299116], [128.92010505380154, 37.21632532997765]], [[128.9202740367288, 37.22533664671743], [128.920612228249, 37.24335923699029]], [[128.9243522711058, 37.44160392442221], [128.9245231448779, 37.45061488065874]], [[128.9262360737525, 37.540723648577035], [128.92640778654408, 37.549734445890955]], [[128.9173429305744, 35.21507813987099], [128.9174996833807, 35.22409248688939]], [[128.92080762067346, 35.41339052396945], [128.9211242738744, 35.431418584498545]], [[128.92687237878994, 35.75591401591092], [128.927033363617, 35.76492751624913]], [[128.9368244601792, 36.30571155204231], [128.9371553450622, 36.32373680399377]], [[128.95132145166963, 37.080745675623845], [128.9514933027484, 37.089757075554466]], [[128.95564074922473, 37.306026347468475], [128.95598837327273, 37.324048411472084]], [[128.95825548851573, 37.441190418067244], [128.95843042604633, 37.45020124040419]], [[128.95948168849316, 37.50426587046898], [128.95983273390786, 37.52228729799408]], [[128.90635873446882, 35.21520625532173], [128.9065142734443, 35.22422064487431]], [[128.90885566423876, 35.35943480123653], [128.90901231209293, 35.36844896578407]], [[128.90979659547352, 35.41351957731498], [128.90995366118796, 35.4225336573673]], [[128.91011079665398, 35.43154772333085], [128.910425276965, 35.44957581298447]], [[128.9341534585288, 36.765473184177665], [128.93432134552893, 36.77448513163599]], [[128.94384317671424, 37.27913125077665], [128.94435999992447, 37.306164589539165]], [[128.82741572092957, 35.08986821021007], [128.82756185101778, 35.0988830838709]], [[128.82800063080654, 35.12592762107601], [128.82814702067282, 35.13494243887931]], [[128.82843999548223, 35.15297203257757], [128.82858658048266, 35.161986808468995]], [[128.8321242174213, 35.37833723352869], [128.83227243863496, 35.387351659534296]], [[128.84696728584333, 36.2616840910142], [128.84712210002803, 36.270697135082706]], [[128.84914095558392, 36.38786541660578], [128.8496085035331, 36.414903910001414]], [[128.86506684159485, 37.28907936780676], [128.86522970457992, 37.298090784599644]], [[128.865392640066, 37.30710218702906], [128.86555564808705, 37.31611357509352]], [[128.8657187286769, 37.32512494879152], [128.86604510769916, 37.34314765308212]], [[128.86669873806588, 37.37919288919975], [128.8670259899554, 37.39721542100281]], [[128.870314586694, 37.57743757348211], [128.87047978665208, 37.58644852990365]], [[128.79536816193692, 35.14431374251256], [128.79565400649005, 35.16234354523303]], [[128.7988151074794, 35.360667689658726], [128.79910401442865, 35.37869682192389]], [[128.80229898147684, 35.57701358029449], [128.80244495012138, 35.586027817213186]], [[128.80493635941025, 35.73926769682216], [128.8050834993994, 35.748281680937026]], [[128.8086345323175, 35.96461307759215], [128.80878331493798, 35.973626709683735]], [[128.81267494839167, 36.20797618920405], [128.81282552598057, 36.21698943994523]], [[128.8167641154384, 36.45132898886396], [128.81691651013162, 36.46034185706708]], [[128.8227579817772, 36.80282031906694], [128.82291304111718, 36.81183263266484]], [[128.82728281512163, 37.064171621459224], [128.82743988715598, 37.07318352112399]], [[128.8350621355161, 37.50573786464046], [128.83522267065422, 37.51474906201372]], [[128.8161582739537, 35.07195792969238], [128.8164479280484, 35.089987798402895]], [[128.8174637455063, 35.1530918993296], [128.81760912020422, 35.162106715049674]], [[128.83308604755268, 36.09957097096295], [128.83339074178255, 36.11759763655215]], [[128.83845747533616, 36.41502943899287], [128.83892178150958, 36.44206792778114]], [[128.84517204638036, 36.80256887763146], [128.84532973127725, 36.811581109276204]], [[128.84945424638838, 37.04589411840774], [128.84961383599935, 37.05490596419351]], [[128.85153445907378, 37.16304699679857], [128.85169497431323, 37.172058656400736]], [[128.85394970346692, 37.29822038523388], [128.8541112937304, 37.30723182969042]], [[128.85492032476768, 37.35228883661693], [128.8554066083797, 37.379322868434045]], [[128.85801111869475, 37.52350218669123], [128.85899260411384, 37.577568481574794]], [[128.8505413051961, 35.16174401242489], [128.85069037689178, 35.170758693676866]], [[128.8542880267397, 35.387106841588455], [128.85443876238782, 35.39612117247021]], [[128.8577719358085, 35.594432897197976], [128.8580765691829, 35.612460898258334]], [[128.8603699630168, 35.74766911009432], [128.86052339973534, 35.75668287810314]], [[128.8623699645924, 35.864846993353304], [128.86267868318146, 35.882874148186076]], [[128.862833145326, 35.89188770440662], [128.86298767607832, 35.90090124649431]], [[128.8634516802911, 35.92794178794344], [128.86391630308708, 35.95498220213608]], [[128.86812588313524, 36.19834019583107], [128.86828276506924, 36.20735325640109]], [[128.86859673807368, 36.22537933496502], [128.86875382920744, 36.23439235295561]], [[128.8709604481827, 36.36057311344626], [128.87111858960543, 36.369585918317135]], [[128.87127680130288, 36.378598708966905], [128.87143508330698, 36.387611485393926]], [[128.88350898459987, 37.06352906467737], [128.88367270542855, 37.072540755480716]], [[128.88383649910077, 37.0815524319389], [128.88432831751751, 37.108587375227096]], [[128.88449240290282, 37.11759899428924], [128.88498509727336, 37.144633765352275]], [[128.88531392570601, 37.16265687427612], [128.88547844968022, 37.17166840719798]], [[128.88696246433022, 37.25277155701715], [128.88712772201683, 37.26178294624932]], [[128.8872930532632, 37.27079432110412], [128.88745845810368, 37.27980568158004]], [[128.89295833055672, 37.57717250084432], [128.8932942607052, 37.595194227806964]], [[128.83853078554577, 35.098762463918646], [128.83897318810858, 35.12580688077771]], [[128.84916068137537, 35.73877983291003], [128.84931280431476, 35.74779365609427]], [[128.85190925631255, 35.90102649207897], [128.85236949189294, 35.928067157259235]], [[128.85283034103531, 35.95510769526588], [128.8529840939066, 35.96412117966608]], [[128.85560836728956, 36.11734825011911], [128.85607353470166, 36.1443878966421]], [[128.8571613388737, 36.20747990914954], [128.85731701576225, 36.21649299707819]], [[128.8579404153026, 36.252545206938585], [128.85809643834148, 36.2615582239319]], [[128.8672654237116, 36.78428887413727], [128.8675858306262, 36.802313213633056]], [[128.87242628509605, 37.072671440553755], [128.87258874848476, 37.08168315948659]], [[128.87307657250062, 37.10871823025816], [128.87323932523464, 37.11772989183459]], [[128.87585324114326, 37.26191452537613], [128.8760172296261, 37.27092594291463]], [[128.87618129110575, 37.27993734608427], [128.8763454256163, 37.28894873488351]], [[128.8768382676749, 37.315982815043874], [128.87700269465074, 37.3249941463465]], [[128.87832074860566, 37.39708427903537], [128.87848583563377, 37.40609548088241]], [[128.8818030595411, 37.58631649363272], [128.88196969757703, 37.59532739294626]], [[128.7829795776578, 35.0542803505574], [128.78326174623624, 35.072310509535505]], [[128.78453461050836, 35.1534455355731], [128.7846763541289, 35.1624604687981]], [[128.787667555211, 35.35177084366302], [128.78781069024222, 35.36078546980152]], [[128.7911203981197, 35.5681180094157], [128.79126506661476, 35.57713229959325]], [[128.79388011423086, 35.73938712375035], [128.79402600840865, 35.748401147260616]], [[128.79769449827967, 35.973747163743425], [128.79784208671936, 35.98276082135643]], [[128.80125477569015, 36.19007105278035], [128.80155318217535, 36.20809767638255]], [[128.81155084579953, 36.8029444562721], [128.81185840719826, 36.82096915014657]], [[128.8179108560363, 37.17243927733759], [128.81822407743329, 37.19046280074182]], [[128.87234433928228, 35.15248262605715], [128.87249576520347, 35.16149723933252]], [[128.8729504465909, 35.18854099509475], [128.87325390416592, 35.206570095531724]], [[128.87599718288536, 35.368829474430726], [128.87645653133282, 35.39587226193572]], [[128.88248407551805, 35.747416970486576], [128.88264000457562, 35.75643065533266]], [[128.8894108820762, 36.14400571813181], [128.8897289644709, 36.16203182733168]], [[128.88988811166115, 36.17104486062928], [128.8900473295561, 36.18005787972311]], [[128.89036597758832, 36.19808387529274], [128.8906849088243, 36.21610981402719]], [[128.892123610938, 36.29722583464009], [128.89228382207594, 36.30623865470606]], [[128.89244410440193, 36.31525146054333], [128.89292537883267, 36.34228979266628]], [[128.9059989468602, 37.06326458273248], [128.90616532697166, 37.07227618756765]], [[128.90749903569235, 37.144368508972036], [128.9076660832785, 37.153379984464664]], [[128.9080004014952, 37.17140289231092], [128.90850243695098, 37.19843714620967]], [[128.9088374997469, 37.2164599102104], [128.90900514299673, 37.22547127062663]], [[128.91288160205596, 37.43272858505044], [128.91305104571296, 37.44173959964903]], [[128.80619929423, 35.13518101979109], [128.80634333062642, 35.14419590291832]], [[128.81348003605453, 35.58590804871824], [128.8136273059455, 35.5949222320254]], [[128.8218286915279, 36.09068064430962], [128.8219796696701, 36.09969403873614]], [[128.82776681909803, 36.44219253811058], [128.82792043576572, 36.4512053800703]], [[128.8383698596771, 37.055033368507424], [128.8385281910907, 37.064045241396954]], [[128.8402744932686, 37.16317489874712], [128.84043367219624, 37.1721865998818]], [[128.84347156920015, 37.34340619840093], [128.84363217123087, 37.35241761279488]], [[128.84653526769256, 37.51462061613106], [128.8466972340696, 37.5236317575698]], [[128.86136835282173, 35.152606468575414], [128.86151856855662, 35.161621122999996]], [[128.86529572069517, 35.386982928797515], [128.86544768060304, 35.39599721862849]], [[128.86911503320567, 35.612335956492494], [128.86942241360828, 35.63036381867137]], [[128.8714270536022, 35.74754354821838], [128.87158173650565, 35.7565572748133]], [[128.87313234914848, 35.84669376407477], [128.87344329879883, 35.86472089237886]], [[128.87375452473495, 35.88274796413502], [128.87391024138782, 35.89176147880336]], [[128.8789298639867, 36.18018647193151], [128.8792459654795, 36.19821255190885]], [[128.8795623479142, 36.216238575089086], [128.87972064456451, 36.225251565376134]], [[128.87987901154594, 36.23426454145893], [128.88019595663022, 36.252290451005116]], [[128.8805131834229, 36.2703163037144], [128.88098955237564, 36.29735497618017]], [[128.88114848315854, 36.306367838569315], [128.88130748456098, 36.31538068673931]], [[128.88178491280695, 36.34241914591801], [128.88210355199192, 36.36044471424461]], [[128.8822629777874, 36.36945747706522], [128.88242247442793, 36.37847022565517]], [[128.88951095738605, 36.77501705056273], [128.88967367584107, 36.784029157093514]], [[128.894424121624, 37.04537401744188], [128.89475400243037, 37.06339735648577]], [[128.89624210333713, 37.14450167150239], [128.89657360234227, 37.162524694614326]], [[128.89773617465033, 37.225604822752054], [128.89823552951194, 37.252638947693185]], [[128.90107783537405, 37.405829875543574], [128.9015816552968, 37.43286313655324]], [[128.90377266837928, 37.55000576778246], [128.90428009062535, 37.577038336343136]], [[129.09202486119116, 35.1588108064875], [129.09237634141056, 35.176838205836894]], [[129.10724144816115, 35.92492498547461], [129.10742390655292, 35.93393747814917]], [[129.10852035994495, 35.98801213251177], [129.10906968309968, 36.015049265671315]], [[129.11035428664815, 36.078135406353645], [129.1105381276401, 36.08714765461251]], [[129.12627600133956, 36.84412494787279], [129.12665791950786, 36.86214697031793]], [[129.12799731060528, 36.9252235906442], [129.12818899271608, 36.934234478194256]], [[129.13126752734095, 37.0784066979822], [129.13146066408225, 37.08741733781955]], [[129.13945371330422, 37.456840993025445], [129.1396504936014, 37.46585101879689]], [[129.28254217807196, 35.33646893472269], [129.283334775336, 35.37251907278356]], [[129.28631958110907, 35.507705032105264], [129.2865192757138, 35.516717313728066]], [[129.28711889168935, 35.543754071772405], [129.2873189412, 35.552766295505926]], [[129.28791962284222, 35.579802879835206], [129.28852110498232, 35.606839333816254]], [[129.28872177710267, 35.61585145616783], [129.2889225383261, 35.62486356402842]], [[129.28932432824132, 35.642887736268804], [129.28952535701282, 35.65189980064468]], [[129.29723096070774, 35.99434748550776], [129.29764013120013, 36.01237046589664]], [[129.29845956307688, 36.04841625174375], [129.29866464855476, 36.05742766175049]], [[129.3034068378466, 36.26468606235468], [129.30361412080413, 36.27369712177574]], [[129.3151576610927, 36.76928280559224], [129.3155827652589, 36.787303265222135]], [[129.32373197670984, 37.12968078115545], [129.32394829473782, 37.13869042749674]], [[129.30433882984403, 35.32713002224145], [129.30453919864374, 35.33614248466459]], [[129.30795911216896, 35.489352132866856], [129.30816108839636, 35.4983643348243]], [[129.31018578961, 35.5884855571625], [129.3103887545062, 35.597497599629094]], [[129.3181685690808, 35.939944442700586], [129.31878837311655, 35.966978824179535]], [[129.32044522576044, 36.03906986596765], [129.32065274646177, 36.0480811804814]], [[129.32566098908228, 36.26434834181386], [129.3258708264812, 36.27335929053711]], [[129.27233124872967, 35.37268101230814], [129.27252839563533, 35.38169356438163]], [[129.27549612533298, 35.51688011302307], [129.27569467748953, 35.52589243401237]], [[129.2768878431767, 35.579966056229864], [129.27708701328305, 35.58897827596142]], [[129.2865484520836, 36.01253624390522], [129.2867519121138, 36.021547766732596]], [[129.28715910329987, 36.0395707686875], [129.28797457131813, 36.075616597744364]], [[129.29248562955937, 36.27386448515864], [129.2928979154939, 36.291886669822986]], [[129.2931041958378, 36.300897740221906], [129.29372358687613, 36.32793086366315]], [[129.30438052386125, 36.787473775225855], [129.3045919071061, 36.796484038506804]], [[128.60841439416032, 35.119118311842406], [128.60865876169206, 35.137149427967714]], [[128.60878102686877, 35.14616496531621], [128.60890334635127, 35.155180488853006]], [[128.60976110530433, 35.218288766741246], [128.61012953327094, 35.24533496420625]], [[128.61197905313085, 35.38056408354406], [128.61210279301787, 35.38957924738637]], [[128.61471406369142, 35.57889448457], [128.6148390183215, 35.58790934317768]], [[128.61646848795075, 35.70510124020386], [128.61697175863873, 35.74115981252115]], [[128.6187402628311, 35.86736306093756], [128.61886700580143, 35.87637747415927]], [[128.61899380507217, 35.88539187343614], [128.61912066066856, 35.89440625876658]], [[128.61988297850743, 35.94849227778505], [128.62026489988114, 35.975535098888734]], [[128.62064733047507, 36.002577794331685], [128.6207749206189, 36.01159199821404]], [[128.620902567445, 36.02060618812775], [128.62128584827275, 36.047648674041476]], [[128.6216696401633, 36.07469103418099], [128.62179768448286, 36.083705126270345]], [[128.62657553476927, 36.41721669168143], [128.62670575906716, 36.42623025139512]], [[128.63569819620074, 37.039119295910034], [128.63596681783167, 37.05714445669618]], [[128.6378538765491, 37.18331899751263], [128.63812441723098, 37.20134370539426]], [[128.6433107168997, 37.543802376129456], [128.64344838700458, 37.552814169473976]], [[128.64677093609592, 37.76909294050754], [128.6469101482375, 37.77810437793588]], [[128.56711682363365, 35.31785387771676], [128.56770971785863, 35.362930700638316]], [[128.56913804636355, 35.47111366528916], [128.56949631929626, 35.49815909509671]], [[128.57069401529077, 35.588309627434164], [128.57093419336752, 35.60633956758497]], [[128.57262142588627, 35.73254759478443], [128.5727423443589, 35.74156234974897]], [[128.57322655558946, 35.77762123067759], [128.57346898394638, 35.795650587761884]], [[128.57371162772193, 35.81367988924254], [128.57383303045214, 35.822694519127516]], [[128.5741975623032, 35.84973832534212], [128.57456258015426, 35.87678200636292]], [[128.57700850107378, 36.057070010633055], [128.57713136839436, 36.06608426451233]], [[128.5822162137513, 36.43565664664194], [128.5823413952052, 36.4446703133826]], [[128.5858691589377, 36.69704728774891], [128.58624974429475, 36.72408702493625]], [[128.5931878226076, 37.21078062115837], [128.59331788387962, 37.219793077500704]], [[128.594099468224, 37.27386751863722], [128.5943604604981, 37.29189221920456]], [[128.59830335995485, 37.56225593064267], [128.5984356992804, 37.571267834635464]], [[128.60136213121464, 37.76952613001601], [128.60203124014322, 37.814583874209546]], [[128.59768374308635, 35.13724934509669], [128.59804707068932, 35.16429601535504]], [[128.59913996213513, 35.24543528032324], [128.59938342062296, 35.263466076084015]], [[128.60578983179474, 35.73224731488779], [128.60591448756966, 35.74126197078306]], [[128.60691372915304, 35.81337871693093], [128.60766549351857, 35.86746569168872]], [[128.60779098244805, 35.876480138715976], [128.60791652712106, 35.88549457180592]], [[128.60917504527146, 35.97563813580445], [128.60955369196694, 36.00268093295878]], [[128.6132400743832, 36.26408815530898], [128.6133680399905, 36.273101987607134]], [[128.6244556408587, 37.039226386080564], [128.62458859320665, 37.04823900836572]], [[128.62498780529995, 37.07527679041308], [128.62512099443924, 37.084289356154734]], [[128.62699187795582, 37.210463791249765], [128.62712595899802, 37.21947614475065]], [[128.6319928426347, 37.54391142889662], [128.63226551934596, 37.56193507193818]], [[128.6354188263898, 37.769202877852926], [128.6355566611686, 37.77821435077417]], [[128.63721547976914, 37.88635091428581], [128.6373541156439, 37.895362201909634]], [[128.66688777042555, 35.37102995753459], [128.66701757398357, 35.380044963262726]], [[128.67411325413696, 35.866834597911684], [128.6742462669269, 35.875848837064304]], [[128.67920950207204, 36.20936584168795], [128.67934477891285, 36.218379548337474]], [[128.68260951845045, 36.43470429108082], [128.6827463062195, 36.443717646157985]], [[128.68660114895232, 36.69608586500093], [128.6867397111602, 36.705098811048764]], [[128.69064457068285, 36.95745555926567], [128.69148767075507, 37.01153056119139]], [[128.69205098879166, 37.04758027894047], [128.69219197498236, 37.056592672922484]], [[128.69417238168495, 37.182764698581295], [128.69431431190895, 37.191776879635384]], [[128.69975474064628, 37.53422921941214], [128.69989915653937, 37.54324084534607]], [[128.61988073066894, 35.155079510976954], [128.62000431528395, 35.1640949871463]], [[128.62062306221299, 35.20917216062392], [128.6207469765393, 35.21818755383378]], [[128.6228619606184, 35.37144712065626], [128.62298686934227, 35.380462264624065]], [[128.62981497586858, 35.86725940954603], [128.62994297285448, 35.87627378862608]], [[128.63019913742343, 35.89430250492727], [128.6309689977516, 35.94838831884449]], [[128.6318697648647, 36.01148779964098], [128.63199867464564, 36.02050195529083]], [[128.63238574770418, 36.047544338366905], [128.63290264808572, 36.08360065337125]], [[128.63471904908795, 36.209795992628095], [128.6355009714236, 36.26387886905602]], [[128.6442411297291, 36.85875712555627], [128.64437553832613, 36.86776996054888]], [[128.6446445348934, 36.8857955881698], [128.64504847859192, 36.91283392366839]], [[128.6472119711769, 37.057036231206766], [128.64748349199644, 37.07506126504421]], [[128.6599555441136, 37.88612901757651], [128.6600969506878, 37.895140233639054]], [[128.74062821873085, 35.1539031338408], [128.74117619084626, 35.189963391493364]], [[128.74131333601832, 35.19897842113], [128.74145054210143, 35.2079934368526]], [[128.74310177596695, 35.316172539595044], [128.74337783801772, 35.33420219502084]], [[128.74698904333596, 35.56858263641152], [128.74712877014474, 35.57759708017538]], [[128.7514912194993, 35.85703789147498], [128.7516329459611, 35.86605188685599]], [[128.75205850317616, 35.893093788756076], [128.75220048161884, 35.90210772796962]], [[128.75234252312765, 35.911121653137165], [128.75248462773095, 35.920135564257095]], [[128.76141953338296, 36.478970550954884], [128.76156567106517, 36.48798357381048]], [[128.766721624324, 36.803430447871044], [128.76687011921987, 36.81244296033249]], [[128.7710548992798, 37.06478753602943], [128.77150636738585, 37.09182379288686]], [[128.72965146750164, 35.15401504815687], [128.72978715877466, 35.163030170619514]], [[128.73087486077824, 35.23515064980914], [128.73101109540588, 35.24416564711791]], [[128.73265063808208, 35.35234452898834], [128.7327876613817, 35.36135934527248]], [[128.73803988886084, 35.703912021221896], [128.73831878445313, 35.72194055018826]], [[128.740278004452, 35.84813868370514], [128.7404184153813, 35.85715273094526]], [[128.74140303977111, 35.920250668712946], [128.7423907298522, 35.983347918480575]], [[128.75921340616824, 37.02885882378964], [128.7598091130501, 37.06490752165369]], [[128.7620524788485, 37.20008810877154], [128.76220256958743, 37.20910003387608]], [[128.76994647363335, 37.668689269438026], [128.77010007998248, 37.67770045094965]], [[128.71948243682934, 35.20821671585336], [128.71988713499124, 35.23526190198893]], [[128.72002215422347, 35.24427693622663], [128.7201572334223, 35.253291956557746]], [[128.72110446910852, 35.316396709345995], [128.72124002899625, 35.325411618362345]], [[128.72178287087294, 35.36147111519005], [128.7219187320571, 35.37048595457901]], [[128.729067294093, 35.83923836683275], [128.72934554889505, 35.85726655030337]], [[128.731300267952, 35.98346226351412], [128.73158050698981, 36.00148999794691]], [[128.7329854422394, 36.091627827026066], [128.73312627927518, 36.10064153261268]], [[128.73909828715432, 36.47920444696335], [128.7392418405083, 36.48821754632239]], [[128.74328734673745, 36.74057858472247], [128.7435782426994, 36.75860394829395]], [[128.7437237877015, 36.76761660881165], [128.74401507189694, 36.7856418873034]], [[128.74416081115, 36.7946545052744], [128.74445248411627, 36.812679698659046]], [[128.74797286790692, 37.0289775890714], [128.74812036759042, 37.037989823510856]], [[128.75876242292006, 37.67782202012778], [128.75921953827748, 37.704855596498824]], [[128.70783105500783, 35.16325109020917], [128.70796438434562, 35.17226627217216]], [[128.7091670163118, 35.25340228481311], [128.70970306405738, 35.28946237354081]], [[128.70997144517642, 35.30749233446818], [128.71024006474084, 35.325522239752964]], [[128.71621045265613, 35.72216605098607], [128.71634750358314, 35.731180368866845]], [[128.7174461046979, 35.803294408146], [128.71772136534014, 35.82132277797002]], [[128.71785908736655, 35.830336941873604], [128.71799687056645, 35.839351091769394]], [[128.7204874602615, 36.00160339269669], [128.72062641100263, 36.01061727613413]], [[128.72160079610748, 36.07371406697539], [128.72187974873475, 36.09174159506073]], [[128.7313693463197, 36.69563121866224], [128.73208891960084, 36.7406950654727]], [[128.73237719705418, 36.75872050503571], [128.73252143192903, 36.76773320356231]], [[128.73281009412287, 36.785758558098095], [128.732954521501, 36.794771214104266]], [[128.7335328735797, 36.83082169634878], [128.73396731316416, 36.85785940912071]], [[128.7395206817385, 37.200326038935145], [128.7396680945508, 37.20933804127482]], [[128.7451687538564, 37.542772101506664], [128.7453186816397, 37.55178356152746]], [[128.74712303375688, 37.65991996602025], [128.7472738322844, 37.668931240038916]], [[128.74787769873004, 37.704976192922956], [128.74848264243903, 37.741020916634874]], [[128.75121827510185, 37.903219334954244], [128.7513708992893, 37.912230221908715]], [[128.6869236001469, 35.23558967568735], [128.6870549730349, 35.24460481872654]], [[128.6919570073909, 35.57815533714238], [128.69222428352094, 35.59618455178798]], [[128.69423643851667, 35.73140188225599], [128.69477528060548, 35.76745930628455]], [[128.69843760862025, 36.01084106258749], [128.69912065002077, 36.05591063723538]], [[128.70131660430835, 36.200130917763424], [128.70145437034597, 36.20914456587608]], [[128.7050578546149, 36.44349447750631], [128.7056159409215, 36.479547464770164]], [[128.71096753920494, 36.822039573432434], [128.71110959516213, 36.8310522478315]], [[128.71439437836906, 37.03833984639438], [128.7145379586751, 37.04735218041753]], [[128.71684395192972, 37.19154759247997], [128.71698862230232, 37.20055968489015]], [[128.7223869477727, 37.53399709131106], [128.72253408629274, 37.54300864213866]], [[128.7240090817025, 37.633123364791544], [128.72415694294557, 37.642134758463776]], [[128.7259364260528, 37.750270367106275], [128.72608514627498, 37.75928157483248]], [[128.67502615260628, 35.172590300374644], [128.67515590605095, 35.18160557609776]], [[128.68304750000368, 35.722496688751676], [128.68318081605668, 35.73151111572647]], [[128.68371467267627, 35.76756868395419], [128.68411568791288, 35.79461171342408]], [[128.68505347039007, 35.857711626250854], [128.68518767745098, 35.86672584357142]], [[128.68734311623976, 36.01095141696415], [128.6874783404023, 36.01996539623545]], [[128.69033196653228, 36.20925572046242], [128.69046851859162, 36.218269390983515]], [[128.7003204615487, 36.858203987582606], [128.70046145375403, 36.86721664238379]], [[128.70272587719214, 37.011417192077516], [128.70329450537963, 37.04746676228552]], [[128.71194651472743, 37.58818301461894], [128.7122389145101, 37.60620600615902]], [[128.71473486021216, 37.75939912680283], [128.71488227019094, 37.768410358169476]], [[128.71695292389086, 37.89456609460335], [128.71710132283457, 37.90357711124423]], [[128.75174302147664, 35.16280527316461], [128.75188119511103, 35.171820307007586]], [[128.752157726511, 35.18985033294082], [128.7522960843308, 35.19886532502759]], [[128.75437884077795, 35.334088534689236], [128.75465759121556, 35.35211805898505]], [[128.76014299683382, 35.70368261153115], [128.76042686845045, 35.72171098906222]], [[128.76270694029054, 35.8659359891263], [128.76313626025242, 35.89297777647824]], [[128.76327949405785, 35.901991677492056], [128.76342279148682, 35.91100556445135]], [[128.76457146480462, 35.98311615396598], [128.76471533613622, 35.99212991436066]], [[128.76789672614078, 36.190429080205604], [128.76804207475595, 36.19944251655641]], [[128.77243269509393, 36.46983903951644], [128.7725800593979, 36.478852037766224]], [[128.77792903016112, 36.803310533594455], [128.77807883800781, 36.812323006971155]], [[128.79028197736793, 37.53327469150471], [128.79043728301957, 37.54228600859878]], [[128.5057953514417, 34.804417757064115], [128.50590491278683, 34.813434088964065]], [[128.51301902040265, 35.3904507874222], [128.513131790461, 35.39946622615901]], [[128.5181435777516, 35.79613185024669], [128.51837372134545, 35.8141614690851]], [[128.51906537991167, 35.86824999269875], [128.5194119009628, 35.895294067171086]], [[128.51964317163012, 35.913323380740934], [128.51975888402308, 35.92233801669769]], [[128.52454761845217, 36.29192611610101], [128.52466550993051, 36.30094016746066]], [[128.5285854633461, 36.598396026572004], [128.5288248890377, 36.616423164914046]], [[128.52894468172448, 36.62543671308082], [128.52906452767124, 36.63445024724283]], [[128.53378032488737, 36.98596714046293], [128.53390232147754, 36.994980113254876]], [[128.53512527679086, 37.085109067457616], [128.53537052140277, 37.10313468941459]], [[128.53783500890435, 37.28338780953061], [128.5379588100399, 37.29240031749709]], [[128.53919985713773, 37.382524620941346], [128.53944873024625, 37.40054931220245]], [[128.54472660406526, 37.779054760473684], [128.5451073879518, 37.80608990786579]], [[128.5434986591882, 35.19182820861299], [128.54372933670064, 35.20985949285158]], [[128.54897411353167, 35.61554878959336], [128.54909185864108, 35.62456378918612]], [[128.5509829089136, 35.768801897120895], [128.55122023635724, 35.78683141087302]], [[128.55181447800945, 35.831904952237934], [128.5519334847654, 35.8409196188385]], [[128.55252931197907, 35.885992743392634], [128.55264863627517, 35.89500732660273]], [[128.55360514089264, 35.96712349161126], [128.55372494310978, 35.97613794962989]], [[128.55564903316161, 36.12036738402993], [128.5557697434322, 36.12938160523247]], [[128.55625312108432, 36.16543835058488], [128.55637409976143, 36.17445250205088]], [[128.5601512224956, 36.453884269819014], [128.56039669903566, 36.47191166432544]], [[128.56261583421636, 36.63415569315704], [128.56273964084062, 36.643169117125]], [[128.56410515228671, 36.74231585448847], [128.56435414532538, 36.76034235147077]], [[128.56773731463105, 37.003694555976864], [128.56824198902518, 37.039745861684004]], [[128.5688740961668, 37.08480967671508], [128.56900068640954, 37.09382239742684]], [[128.57090631466323, 37.22901151514821], [128.57128896910731, 37.25604895753938]], [[128.57154435606145, 37.274073848503356], [128.57167213481557, 37.28308627279217]], [[128.57218381896632, 37.31913582862742], [128.57244000289506, 37.33716052173379]], [[128.57475595238108, 37.499380213385955], [128.57514375192648, 37.526416382729856]], [[128.57931269058346, 37.81479424812373], [128.57970658527117, 37.84182892766066]], [[128.57996947454592, 37.8598519762859], [128.5801010071116, 37.868863479274836]], [[128.58541070674215, 38.22931192675956], [128.58554466726858, 38.238322845779706]], [[128.52743365077836, 34.7862025106991], [128.52765738520432, 34.80423509363752]], [[128.53240200938606, 35.18290665687105], [128.53251605875826, 35.19192235092004]], [[128.53343027927352, 35.26404740741203], [128.53354478536644, 35.27306297746123]], [[128.53492283193174, 35.38124874227196], [128.5350380009517, 35.39026413297477]], [[128.5380504168153, 35.624659440120006], [128.53851696019277, 35.660719426349694]], [[128.53886741197599, 35.68776427054212], [128.53898433302749, 35.69677919088731]], [[128.53921833095544, 35.7148089899897], [128.5393354078784, 35.72382386874374]], [[128.5414517077734, 35.88608931354539], [128.54156977676783, 35.89510392855842]], [[128.54251621888298, 35.9672203482461], [128.5426347607724, 35.97623483813163]], [[128.5446580496818, 36.12947903656519], [128.5451363421823, 36.16553590994399]], [[128.54525604815956, 36.17455009343462], [128.54549561970532, 36.19257841858029]], [[128.54657632970404, 36.27370519114764], [128.54681707486841, 36.291733209292936]], [[128.54923632966114, 36.47201031659388], [128.5494794397702, 36.490037719645414]], [[128.55315214379937, 36.760442040119926], [128.55327541280175, 36.76945530004848]], [[128.55637501993633, 36.994782230674566], [128.55649972248762, 37.003795125029036]], [[128.557624545225, 37.08491054046214], [128.5577498037554, 37.09392329395591]], [[128.5600140140646, 37.25615044545621], [128.56014033610973, 37.265162930930146]], [[128.56039314893437, 37.28318785951623], [128.5605196397664, 37.292200302625616]], [[128.56115293917736, 37.337262306281275], [128.56140665388463, 37.3552870088354]], [[128.5628061301901, 37.454421862022635], [128.5631889966862, 37.4814583431167]], [[128.56331673256, 37.4904704751776], [128.56344452533256, 37.49948259308437]], [[128.56782352653883, 37.80588617068378], [128.56795332776227, 37.81489779235816]], [[128.56873335142177, 37.86896722412278], [128.56886355834158, 37.877978746357826]], [[128.5738547025714, 38.220406049396914], [128.57398719472351, 38.22941701646588]], [[128.57010054151587, 34.704679486813006], [128.57033286018344, 34.72271206494673]], [[128.5705653853315, 34.74074458824063], [128.5707981171401, 34.758777056680806]], [[128.5776380551248, 35.28169471830763], [128.5781163006512, 35.317756295958326]], [[128.57871530335507, 35.362832957013495], [128.57895527706694, 35.38086352463496]], [[128.57991730595984, 35.45298524164464], [128.58015834764313, 35.47101553246223]], [[128.5805203117859, 35.49806086480922], [128.58064107369358, 35.50707594788382]], [[128.5807618892378, 35.51609101710186], [128.58100368133123, 35.53412111396165]], [[128.58136677234296, 35.56116615528624], [128.58160910187794, 35.5791961135069]], [[128.58367761561217, 35.73244851713666], [128.58379977987659, 35.741463239413115]], [[128.5845339058401, 35.79555128114522], [128.58477904950885, 35.81358051714083]], [[128.5856387690676, 35.87668240483406], [128.5857618044702, 35.8856969045416]], [[128.58699516855052, 35.97584113553406], [128.5871188065069, 35.98485548199037]], [[128.5911043579582, 36.27330719905587], [128.59122982165383, 36.28232108462677]], [[128.5929921790477, 36.40851401272344], [128.59337125547754, 36.435554997251536]], [[128.59706183544492, 36.69694467056437], [128.5973181160355, 36.71497110909702]], [[128.601970353378, 37.03943737142347], [128.60210064845626, 37.048450062312334]], [[128.60249188164707, 37.07548805026671], [128.60262240878592, 37.08450068467604]], [[128.60445589971818, 37.21067608280309], [128.60458730094098, 37.21968850521269]], [[128.52130778422682, 35.173984033752596], [128.5214205709007, 35.182999772495734]], [[128.52243790796908, 35.2641408016613], [128.52255119660583, 35.273156402702455]], [[128.52747050624734, 35.66081419068022], [128.52781723196753, 35.68785912877099]], [[128.52793290989482, 35.69687408042947], [128.52816441991823, 35.71490394217923]], [[128.52909251897523, 35.787022834717035], [128.52920876337177, 35.7960376338813]], [[128.530023921252, 35.85914083951112], [128.53014057938574, 35.868155527650835]], [[128.53084161726315, 35.922243364846956], [128.53154452577263, 35.97633070184214]], [[128.5343749677702, 36.19267504113345], [128.5344935589663, 36.20168921449285]], [[128.53831643164767, 36.490135392340775], [128.53843677451735, 36.49914910481687]], [[128.54911410676453, 37.283288371767895], [128.54923925276134, 37.29230084748006]], [[128.55011683625887, 37.35538778212394], [128.5504937814375, 37.38242482796358]], [[128.55150143353285, 37.4545229950409], [128.55162764261567, 37.463535202305174]], [[128.55188022945188, 37.4815595744053], [128.55200660725816, 37.490571739238504]], [[128.5574944602831, 37.87808142702279], [128.55762334032303, 37.88709296816481]], [[128.56138597540615, 38.148421477302946], [128.5615165917183, 38.15743259176711]], [[128.587068367399, 35.16439503746626], [128.58730843152784, 35.182426147743506]], [[128.58742854356876, 35.19144168217682], [128.58778919987992, 35.21848820263538]], [[128.588391362442, 35.26356546049444], [128.5886326020668, 35.28159626691555]], [[128.58996325644983, 35.38076471356551], [128.590084547636, 35.38977994388584]], [[128.59166624404284, 35.50697667778997], [128.591788291606, 35.51599171416655]], [[128.59203254937867, 35.534021745321844], [128.592399343016, 35.56106668803545]], [[128.5926441437088, 35.57909658047929], [128.59276662560828, 35.588111505886765]], [[128.59572256758673, 35.80446554840376], [128.5958464168376, 35.813480126364915]], [[128.59933662197358, 36.06588265248236], [128.59946207670686, 36.074896826158]], [[128.60414329901226, 36.40841142209393], [128.60427088963067, 36.417425064035285]], [[128.60760822624044, 36.65177482810348], [128.60825445501328, 36.69684100144846]], [[128.6137398727972, 37.07538295353804], [128.61387173094988, 37.08439555378679]], [[128.6155912362784, 37.201558070547456], [128.6157239183662, 37.210570472827754]], [[128.62094485949467, 37.56204311007086], [128.6210799256139, 37.571054945220375]], [[128.62557103714326, 37.868437527303655], [128.62584535459064, 37.88646021580871]], [[128.54894837067354, 34.758967254997934], [128.5490624391642, 34.767983532174306]], [[128.55471431266412, 35.20976429160283], [128.5548309424429, 35.218779881437946]], [[128.55989533343308, 35.60643717736817], [128.56001426438831, 35.615452158896574]], [[128.5614455629507, 35.723630855559655], [128.5615651824745, 35.73264565675984]], [[128.56204419213725, 35.76870472271878], [128.56216407756403, 35.7777194544901]], [[128.5627643039588, 35.82279290495682], [128.56288450925743, 35.831807553361095]], [[128.5630047679519, 35.84082218786533], [128.56312508006616, 35.84983680846795]], [[128.5659070580095, 36.057169241865836], [128.56675940342643, 36.120268954508326]], [[128.56884045301445, 36.2735082669461], [128.5689633578331, 36.282522218437705]], [[128.57118500814366, 36.44477095366821], [128.57130895494296, 36.45378463932901]], [[128.57392460283413, 36.64306880049869], [128.5740497674969, 36.652082177681486]], [[128.57505309034852, 36.72418868962692], [128.57530447909892, 36.74221517713832]], [[128.58204840892466, 37.2198965778037], [128.5821771875163, 37.22890905360228]], [[128.58269287539173, 37.26495881548142], [128.58282194087178, 37.27397122061548]], [[128.5830802442333, 37.29199598847102], [128.58346813068192, 37.31903303420223]], [[128.58645920093073, 37.52631281970126], [128.58698252148014, 37.56236071304652]], [[128.5910700331825, 37.841724186941036], [128.59146860414543, 37.86875863715137]], [[128.49497263241884, 34.81352397823906], [128.49508105166683, 34.822540326455616]], [[128.49605899493073, 34.90368684448517], [128.49616789679504, 34.912703055799696]], [[128.49660398824324, 34.94876776404587], [128.49693156561415, 34.975816151320835]], [[128.49934718169771, 35.17416721782408], [128.49945754417843, 35.18318301742499]], [[128.5051515137561, 35.64297052905994], [128.50560357707076, 35.67903077591216]], [[128.50821858283118, 35.88637289539348], [128.50856164403123, 35.91341697897594]], [[128.51201751570792, 36.18385093778899], [128.51224954873447, 36.201879423230594]], [[128.51764361614067, 36.61651918763995], [128.51776210747084, 36.6255327671696]], [[128.52655585595207, 37.28348617278796], [128.5266783122006, 37.292498712660326]], [[128.5332471488275, 37.77014311332052], [128.5333725860663, 37.77915488979804]], [[128.53843621673684, 38.139614313344104], [128.53856396874556, 38.14862550768042]], [[128.5394598310412, 38.21170346966594], [128.53958804001664, 38.22071455016782]], [[128.6420874024277, 35.172905374629], [128.64221352053306, 35.18192075502334]], [[128.64284495179157, 35.22699744935321], [128.64297140636296, 35.23601274667895]], [[128.64487497859926, 35.37124054353462], [128.6450023347904, 35.38025561904664]], [[128.64512974754524, 35.389270680681], [128.645767660655, 35.434345780629684]], [[128.64794718977723, 35.587598522219594], [128.64807591046255, 35.59661326420879]], [[128.6496250253461, 35.7047890820472], [128.649754491252, 35.7138036429814]], [[128.65092227519557, 35.79493406395018], [128.6510523173063, 35.803948485423724]], [[128.6643526282325, 36.70531989566549], [128.66448863845505, 36.71433289972402]], [[128.66639914431053, 36.84051347409042], [128.66653606461483, 36.849526266310484]], [[128.66749621341998, 36.91261541600423], [128.66777109107036, 36.9306407600647]], [[128.6679086216069, 36.93965341087416], [128.6680462133221, 36.94866604753449]], [[128.6774057257133, 37.55248039636822], [128.6779733826068, 37.58852699546748]], [[128.68269535632638, 37.88590272943948], [128.6828395334802, 37.89491387252497]], [[128.69870791814193, 35.289571849167466], [128.69897386134141, 35.307601882731866]], [[128.69990652462235, 35.370706562182], [128.70003999903838, 35.379721460744236]], [[128.70529200120976, 35.731291633296884], [128.70542786752537, 35.740305973895644]], [[128.70624433364688, 35.794391723783434], [128.706380622958, 35.80340596646525]], [[128.7066533832168, 35.82143440984316], [128.7067898542188, 35.83044861053596]], [[128.7102214012479, 36.05579907374689], [128.71049757452914, 36.07382673205401]], [[128.7201773913809, 36.69574645786938], [128.72031987202666, 36.704759293161814]], [[128.72174816762504, 36.79488686743877], [128.72217789602638, 36.82192486351826]], [[128.72275175961383, 36.85797532653792], [128.7228953850616, 36.86698790685072]], [[128.72563643941706, 37.038224236922595], [128.72578134808728, 37.04723653335535]], [[128.73385145315135, 37.542890913991], [128.73400001909232, 37.55190241245061]], [[128.73489280570882, 37.605971103063006], [128.7353400946182, 37.633005255355485]], [[128.73548932381163, 37.642016610849026], [128.73578798172224, 37.660039278921786]], [[128.73713524068836, 37.74114057688712], [128.73728526992807, 37.7501517606371]], [[128.46259517135002, 34.84985341724411], [128.46270020460074, 34.858869798841056]], [[128.46512888943212, 35.06624279912712], [128.46523504822358, 35.07525885217073]], [[128.46651263778946, 35.18345041880136], [128.46661941122423, 35.19246629347959]], [[128.471909820617, 35.63422729931951], [128.4720189913094, 35.64324248542116]], [[128.47399237687475, 35.80551347183803], [128.4741024726265, 35.81452839523922]], [[128.47432281086992, 35.8325582005142], [128.47476407493198, 35.86861764491137]], [[128.47531675853122, 35.913691638743785], [128.47564895829595, 35.94073586874846]], [[128.47742818569978, 36.08496965384273], [128.4777632008729, 36.11201309292993]], [[128.47910773517302, 36.22018559855139], [128.47922010357408, 36.229199883637435]], [[128.48341302968382, 36.56271863919632], [128.48352731161302, 36.57173239458804]], [[128.48605440943808, 36.7700314767932], [128.4861698658347, 36.77904491056107]], [[128.48674791848705, 36.82411186936051], [128.4868636833174, 36.83312521910252]], [[128.48848980810328, 36.959310643879256], [128.48860634776958, 36.96832378333502]], [[128.5018701202603, 37.96869474166528], [128.50199262022508, 37.97770630137373]], [[128.5021151748388, 37.98671784690398], [128.5022377841275, 37.99572937825476]], [[128.5024831668341, 38.01375239841293], [128.50285165160847, 38.04078682227305]], [[128.50408350222037, 38.130900646134734], [128.50420698986554, 38.139911950445125]], [[128.47363858728073, 34.85878271035344], [128.47417042657315, 34.90386426792583]], [[128.47749432137556, 35.18336228049728], [128.47760230752024, 35.19237812589717]], [[128.4778184237254, 35.210409775480514], [128.4783595547359, 35.25548865893305]], [[128.482952804062, 35.63413768924176], [128.48306321468382, 35.64315284574286]], [[128.4851703595534, 35.814438191903925], [128.48539320032867, 35.83246793770828]], [[128.48887266510292, 36.11192190492725], [128.48898570552936, 36.120936326887936]], [[128.48989183897328, 36.19305120202151], [128.49023247011883, 36.220094050677496]], [[128.4912570917776, 36.30122184495191], [128.49137119173977, 36.31023597468211]], [[128.4938942607518, 36.50854330128285], [128.49400953284004, 36.51755711019905]], [[128.49470224227304, 36.57163967035837], [128.49516507590923, 36.6076944309886]], [[128.50173192376084, 37.11243755090125], [128.5018506817538, 37.12145042093079]], [[128.50411715356267, 37.29269227836064], [128.50423697328313, 37.301704866912594]], [[128.5056789781525, 37.40985483027701], [128.50579949333704, 37.418867235578446]], [[128.51201749972432, 37.8784811728765], [128.51214083970788, 37.88749284295006]], [[128.51362521755436, 37.995631777964086], [128.51387338714378, 38.01365473522231]], [[128.5164925813936, 38.20289235745497], [128.5166179182395, 38.211903516505124]], [[128.48706077626784, 35.066066291400844], [128.48716934650022, 35.07508228572272]], [[128.48858515585144, 35.192288962491375], [128.48880369904984, 35.2103205528375]], [[128.48935090697952, 35.255399288084334], [128.48957013057586, 35.27343068590126]], [[128.490889568715, 35.38161791655245], [128.49111015944698, 35.39964892883119]], [[128.49399573848692, 35.634047067051334], [128.49410738901625, 35.64306219361761]], [[128.49623819701904, 35.81434696975668], [128.49635084363084, 35.823361819516165]], [[128.4971407722661, 35.886465379755435], [128.49725381982046, 35.89548011861712]], [[128.49998207913018, 36.11182968699347], [128.50009638898757, 36.120844078663765]], [[128.50089798138166, 36.18394443086088], [128.50101269819925, 36.19295871122875]], [[128.50494355177034, 36.49943595178361], [128.50506006654933, 36.50844974407764]], [[128.50622806690137, 36.59858689834096], [128.50634515271622, 36.607600536867544]], [[128.51107152715306, 36.96813459279956], [128.51131005992522, 36.986160706476134]], [[128.51286570645695, 37.103329075259744], [128.51298574464727, 37.11234192828562]], [[128.51527664850596, 37.28358346152375], [128.515397759842, 37.29259603295352]], [[128.51685530891783, 37.40074579038375], [128.5169771231958, 37.409758178484815]], [[128.51709899172383, 37.41877055247427], [128.5177091490059, 37.46383221070051]], [[128.5213987667185, 37.73419474147742], [128.52189445254652, 37.77024211687151]], [[128.5233868238784, 37.8783828829675], [128.523511548916, 37.88739452133912]], [[128.4320257606233, 35.04846780819324], [128.43212821106044, 35.057483974225754]], [[128.43223070700657, 35.06650012656956], [128.43233324848168, 35.07551626522297]], [[128.4359510399673, 35.39107248046582], [128.43615947418735, 35.40910375614499]], [[128.4386751777085, 35.625474770044804], [128.4387805816649, 35.634490056734016]], [[128.4396255005472, 35.70661185362238], [128.4397313266261, 35.715627016131855]], [[128.44692982461697, 36.31961137840612], [128.4470388959295, 36.3286255986626]], [[128.44901049002084, 36.49087918353745], [128.44912048612568, 36.499893139285874]], [[128.44945076790586, 36.52693492290936], [128.44956095972913, 36.53594882290512]], [[128.45333677593067, 36.84241311805075], [128.45344869571187, 36.8514265292363]], [[128.45922312681876, 37.31109191661678], [128.45956689760598, 37.33812991986132]], [[128.46653965947067, 37.878863355047216], [128.46665745897974, 37.88787514838874]], [[128.46712918263523, 37.92392218030666], [128.46760174848208, 37.95996898584769]], [[128.46973876004276, 38.122176807242774], [128.4699772669096, 38.140199615126306]], [[128.39953000671954, 35.084780961627416], [128.39962901860247, 35.09379715557322]], [[128.40062155959964, 35.18395834250453], [128.40082059728257, 35.2019904156187]], [[128.40372659749826, 35.463449312518286], [128.40382747342383, 35.47246493062327]], [[128.40413037011842, 35.499511702463074], [128.40423142538907, 35.50852726557937]], [[128.40565092134509, 35.63474370462759], [128.40575265201446, 35.643759061312764]], [[128.40677244736378, 35.733911870307786], [128.4068746762102, 35.74292707538757]], [[128.40738650200902, 35.788002893882094], [128.4075915507737, 35.806033124695816]], [[128.40861953108208, 35.89618345038038], [128.40882567559015, 35.91421334975508]], [[128.41079320889486, 36.0854946348959], [128.41089722397348, 36.09450930097502]], [[128.41309224869232, 36.28381408684373], [128.41330236871443, 36.30184279500434]], [[128.42284435828873, 37.10406391399132], [128.4230631536096, 37.12209008361861]], [[128.42570394330394, 37.338399744214925], [128.42581458959032, 37.34741247131228]], [[128.43005586960072, 37.68988568127414], [128.430168454659, 37.69889785962871]], [[128.43220358992014, 37.86111465838052], [128.43243072574435, 37.879138464893224]], [[128.43459865005815, 38.050361808227045], [128.43471326108363, 38.059373421769244]], [[128.4352870838728, 38.10443127727273], [128.43540200213423, 38.11344280592344]], [[128.4358621883421, 38.14948877898603], [128.43609258968723, 38.16751168057634]], [[128.43643857755998, 38.194545926758536], [128.43713194482632, 38.24861403667282]], [[128.37778580569326, 35.102974197334895], [128.37788248950946, 35.11199041741664]], [[128.37875457874514, 35.193135782848614], [128.37885169288478, 35.20215186616655]], [[128.38041139871765, 35.346407336968], [128.38050924878397, 35.35542318741868]], [[128.3812936155876, 35.427549497243426], [128.3813918575121, 35.4365652242252]], [[128.3815884722902, 35.454596637007164], [128.3816868451826, 35.463612322804195]], [[128.38217936545553, 35.508690545787054], [128.38227800080858, 35.51770614917217]], [[128.38376279945882, 35.65293855017859], [128.38386213814843, 35.66195393352382]], [[128.38485795521612, 35.75210700960905], [128.38505764987877, 35.77013745950241]], [[128.38585820466085, 35.842258707588584], [128.38625954996647, 35.87831900056862]], [[128.3883783511306, 36.06763191334374], [128.38858117440014, 36.08566139659812]], [[128.39092664039595, 36.292996472944985], [128.39113172888148, 36.31102526350701]], [[128.40065878597403, 37.131276349058915], [128.40087253234353, 37.149302547158634]], [[128.4028048349551, 37.31153580818988], [128.40302049243718, 37.32956144568075]], [[128.409580358333, 37.87030442871416], [128.40980205562104, 37.888328321743934]], [[128.41191807155857, 38.05955248950303], [128.41259002178347, 38.1136222198445]], [[128.4142777902396, 38.24879431826804], [128.41439071045542, 38.257805678287106]], [[128.42015282737955, 34.967405185248026], [128.42025366919677, 34.976421502215985]], [[128.42106201806263, 35.048551545777336], [128.4212645544264, 35.066583919889936]], [[128.42136589008902, 35.07560008642053], [128.42156869647476, 35.093632378422114]], [[128.42463250710807, 35.36411018030226], [128.4249411390901, 35.39115728118462]], [[128.42514712228697, 35.40918861306238], [128.425250182509, 35.418204258383355]], [[128.4259728869352, 35.481313390613636], [128.4260763139367, 35.49032892591083]], [[128.42846785575836, 35.697682436769455], [128.4285723909764, 35.706697641390136]], [[128.42867697262855, 35.71571283221309], [128.4288862753184, 35.73374317245966]], [[128.4328985550859, 36.076309133333424], [128.43300505861194, 36.08532375712863]], [[128.43460830195656, 36.22054144980457], [128.43482287607927, 36.238570239573725]], [[128.43557538877008, 36.30167056624479], [128.43579082261604, 36.319699105953305]], [[128.43795572400956, 36.499981443035445], [128.43828212199278, 36.527023313315766]], [[128.44201187985468, 36.83348906956616], [128.4421224343999, 36.84250252386703]], [[128.44223303811802, 36.851515964184635], [128.44245439316373, 36.869542802864444]], [[128.44278679509736, 36.89658295597486], [128.44323068811443, 36.93263629756646]], [[128.45308345887253, 37.71674092132847], [128.45331447830878, 37.73476506224228]], [[128.4550537041515, 37.86994431873531], [128.45517006658415, 37.87895615614393]], [[128.45739084099665, 38.05017837981799], [128.4575082460292, 38.05918993428855]], [[128.45821377731826, 38.11325896371262], [128.458331549616, 38.12227041903872]], [[128.38709943483948, 34.949616882720186], [128.38729378909662, 34.96764972051973]], [[128.38856130848603, 35.08486183488282], [128.38875696181213, 35.102894262902]], [[128.39131633206705, 35.33731084538419], [128.39141536074965, 35.346326682813874]], [[128.39151443341822, 35.35534250652686], [128.39161355009227, 35.3643583165216]], [[128.39220917534564, 35.41845288831728], [128.39230860060536, 35.42746860223965]], [[128.39430640601157, 35.60777999509105], [128.3946076101698, 35.63482622952391]], [[128.3947081007632, 35.643841613469625], [128.39480863599354, 35.6528569836468]], [[128.3958164477238, 35.74300992780857], [128.39591747528033, 35.75202514642981]], [[128.39611966504552, 35.770055542309564], [128.39632203448105, 35.78808588302884]], [[128.39733658236784, 35.87823675878971], [128.3980494517279, 35.941341550311726]], [[128.3996872144632, 36.08557853026194], [128.3997899616265, 36.09459322390683]], [[128.4019582296285, 36.283898590092775], [128.40206198593498, 36.29291297881749]], [[128.4045660188072, 36.50925414180153], [128.4046709341991, 36.51826818316903]], [[128.41180759290708, 37.122177190520205], [128.41191572920326, 37.13119028261733]], [[128.41387043401605, 37.2934235438512], [128.41408859168286, 37.31144918128588]], [[128.41430694366255, 37.32947476258573], [128.41452549013712, 37.34750028774024]], [[128.4210609790257, 37.879227972515416], [128.42117323766104, 37.888239883460784]], [[128.42320247759673, 38.05045186556749], [128.4233156915819, 38.05946350811207]], [[128.42388251981498, 38.10452150873258], [128.42399603729217, 38.11353306642776]], [[128.42467820700358, 38.16760211549542], [128.42501997749739, 38.19463644898022]], [[128.42570489304893, 38.24870473369072], [128.42581922411, 38.25771606490984]], [[128.44205862990498, 34.96723722347794], [128.4421618715776, 34.97625348449472]], [[128.44309311285437, 35.0573992178503], [128.44330056132532, 35.07543145243983]], [[128.4443405720007, 35.16559180323764], [128.44454912893931, 35.183623708875345]], [[128.44685552219912, 35.38197104653476], [128.44696089458552, 35.39098667657598]], [[128.45228962392932, 35.841750607971115], [128.45239741006003, 35.85076553449102]], [[128.45336964248273, 35.9318992504058], [128.45347790839736, 35.94091403850552]], [[128.45499869130765, 36.06711961691283], [128.45510768096574, 36.0761341970963]], [[128.45685811611798, 36.22036559225549], [128.4569679319773, 36.22937993639052]], [[128.45806877816625, 36.31952261307074], [128.45817913203408, 36.328536804239185]], [[128.46017390981427, 36.490789864398636], [128.46028519934578, 36.49980379093314]], [[128.4607308524064, 36.53585935763004], [128.46106561251827, 36.562900886199]], [[128.4656856951833, 36.932455841599115], [128.46591322684424, 36.95048231091505]], [[128.47039080014926, 37.3019872452171], [128.47050663466266, 37.31099991125991]], [[128.47802838451105, 37.887781219211895], [128.47850565497225, 37.92382812991303]], [[128.48114591727744, 38.12208208806456], [128.4812665460367, 38.131093468610906]], [[128.41140223451376, 35.16584410412792], [128.41160351954372, 35.18387617744562]], [[128.41484851231436, 35.47238188918633], [128.41495066323176, 35.48139746606077]], [[128.41505285952172, 35.4904130291828], [128.41515510120442, 35.49942857855083]], [[128.4164883830358, 35.61662946800519], [128.4165912623457, 35.62564482465215]], [[128.4199076405025, 35.914128954359086], [128.42011648325246, 35.932158742874364]], [[128.42369534398793, 36.2386566739357], [128.42422622109834, 36.28372854712374]], [[128.43058047223732, 36.81555038086156], [128.43079880465197, 36.833577388949315]], [[128.43123605244662, 36.8696312374109], [128.43156449909495, 36.89667147696371]], [[128.43409720331897, 37.10397579596654], [128.43420790983234, 37.11298885915062]], [[128.44151057535203, 37.698807837177874], [128.44173864253, 37.716832093422084]], [[128.44357051736887, 37.86102411134521], [128.44368544395937, 37.870035992451506]], [[128.44715718434753, 38.140385851132336], [128.44727371118452, 38.149397293735376]], [[128.4478571261095, 38.19445429425498], [128.44797396541708, 38.20346565185136]], [[128.34311177946813, 34.931895793908204], [128.34320405710133, 34.940912350838424]], [[128.3450582424548, 35.12124062678038], [128.34515138475015, 35.1302568973193]], [[128.3473051138031, 35.33762734755559], [128.3474934362776, 35.355659218592955]], [[128.34900605263113, 35.49991221370552], [128.34910094848183, 35.50892790934284]], [[128.34938588901483, 35.53597491391659], [128.34967120941386, 35.563021794950494]], [[128.3499569101873, 35.59006855240268], [128.3501475889403, 35.60809965536031]], [[128.35091199979686, 35.68022351750635], [128.3511993547605, 35.707269738956334]], [[128.3538028511591, 35.950680155932695], [128.3538998778186, 35.959695163589544]], [[128.35497002035652, 36.05885933680444], [128.3550675655748, 36.06787417878439]], [[128.36250837296532, 36.743947849354136], [128.36301330157974, 36.78901664929786]], [[128.36311442207943, 36.79803036750161], [128.36321558755307, 36.807044071773824]], [[128.36874589029753, 37.293763376531594], [128.36884956171696, 37.302776312489385]], [[128.37335138762492, 37.690319291473905], [128.37345711069224, 37.699331609931924]], [[128.3751551038793, 37.843526791909746], [128.37526163110314, 37.85253887113592]], [[128.37988754289302, 38.24004493879724], [128.37999618191552, 38.24905639720691]], [[128.36510327388245, 34.940758370542994], [128.36519798943675, 34.94977486253929]], [[128.36748382826607, 35.16616657646958], [128.36786717571115, 35.20223109703501]], [[128.3703756013606, 35.43664514111984], [128.3705697594699, 35.45467660683465]], [[128.37105590985033, 35.49975503092398], [128.37115326952704, 35.508770674552544]], [[128.3712506724488, 35.51778630444769], [128.37134811863493, 35.52680192060787]], [[128.3722270843914, 35.607941847718266], [128.3723249642836, 35.61695732644301]], [[128.37281501629056, 35.66203451375458], [128.37291315733734, 35.67104990994366]], [[128.3732078421192, 35.69809601593666], [128.37330615765873, 35.70711135707111]], [[128.37439051525774, 35.80627920055864], [128.37478614237455, 35.842339821131766]], [[128.37999377528072, 36.31110777486165], [128.3800951057731, 36.32012217637469]], [[128.38213120010764, 36.50040729223934], [128.38223348063897, 36.50942140220221]], [[128.38961287091087, 37.1493876000585], [128.38971847922426, 37.15840070573071]], [[128.39810250636918, 37.86137971663379], [128.39821189683101, 37.870391712456644]], [[128.4027391774543, 38.23987138777851], [128.40285063702785, 38.2488827903897]], [[128.65395954040414, 35.23590847476123], [128.65408726671583, 35.24492372362369]], [[128.6608078001215, 35.713697526123866], [128.66093856804287, 35.72271203810186]], [[128.66808697753135, 36.20947492953482], [128.66822097912632, 36.21848867197388]], [[128.6754089442061, 36.696196897153314], [128.675546200211, 36.705209879433376]], [[128.67761237957077, 36.84040291852921], [128.67788891276453, 36.85842841678328]], [[128.67927527386513, 36.948555059163155], [128.67941424937533, 36.957567645551045]], [[128.6885815948569, 37.54335532036737], [128.68886789514193, 37.56137860352849]], [[128.4514503927355, 34.8319066317473], [128.4515541408119, 34.840923069385454]], [[128.45416287504466, 35.06632956617461], [128.45426782808443, 35.075345648084536]], [[128.46401632285585, 35.895751532087615], [128.46423503099018, 35.91378114697158]], [[128.4661019152099, 36.06703063509616], [128.46632247687836, 36.08505972309771]], [[128.46909609588428, 36.31041863430104], [128.46920768269433, 36.319432809961555]], [[128.47144986309505, 36.49971339799177], [128.47167517912575, 36.51774115010031]], [[128.47496487092383, 36.77913727828081], [128.47553635821671, 36.82420438773473]], [[128.47565080822324, 36.83321776762851], [128.47576530913386, 36.842231133519974]], [[128.47714329915777, 36.95039043152864], [128.47725846396776, 36.95940361526289]], [[128.47922412409997, 37.112625592273176], [128.47934021478466, 37.12163852340279]], [[128.49036575321006, 37.959779541426066], [128.4904868078776, 37.96879114637262]], [[128.49060791654784, 37.97780273714968], [128.4907290792466, 37.98681431375603]], [[128.49145719147998, 38.04088347573918], [128.4915787330999, 38.04989495311564]], [[128.49353079262275, 38.194076661732204], [128.49365325977084, 38.20308789787027]], [[128.35593763289947, 35.112147360521604], [128.35603194246548, 35.12116361911781]], [[128.356126293924, 35.1301798640546], [128.3565041190523, 35.16624470717529]], [[128.35688261593958, 35.20230933161633], [128.35697734526275, 35.211325453545854]], [[128.36031951401299, 35.52688109415657], [128.36041576993733, 35.535896722768456]], [[128.36070479431748, 35.56294352620384], [128.3609942040089, 35.58999020600623]], [[128.36118735811985, 35.608021257168815], [128.361574181391, 35.64408319454467]], [[128.36186475011706, 35.671129503197335], [128.3619616924183, 35.68014491190587]], [[128.36322586797897, 35.79734397266585], [128.36332341490296, 35.806359188636165]], [[128.3647918296198, 35.941585773930136], [128.3649883584488, 35.959615750795265]], [[128.36607239332386, 36.05877963624265], [128.36617120485033, 36.067794452026725]], [[128.36895582502427, 36.32020367690007], [128.3691560551526, 36.33823249173948]], [[128.37096615668696, 36.500489328074416], [128.3712692505214, 36.52753169677122]], [[128.37422009001347, 36.788934807535455], [128.3745275263374, 36.815975840283215]], [[128.37835316249502, 37.14947158347442], [128.3784574345601, 37.15848471642591]], [[128.38662742194705, 37.8524538373429], [128.38673538017323, 37.86146587505156]], [[128.39131338473348, 38.239958719351705], [128.3914234340433, 38.24897015004088]], [[128.63098285551317, 35.16399298108071], [128.63110770633565, 35.173008409535974]], [[128.63173279273744, 35.21808534430744], [128.6318579766472, 35.22710068974889]], [[128.63399463007656, 35.38035944311945], [128.63412081856694, 35.38937453915525]], [[128.63475260219644, 35.43444981122399], [128.63500570866302, 35.45247982290232]], [[128.64584175047312, 36.20969000502229], [128.64597320149568, 36.21870381802357]], [[128.64901274966294, 36.426017644349784], [128.64914560985034, 36.43503112043997]], [[128.6553214529063, 36.84963580022197], [128.65545711794195, 36.858648613993076]], [[128.65559284331698, 36.86766141363653], [128.65586447519672, 36.885686970534586]], [[128.65654461278967, 36.93075061544291], [128.65668082188532, 36.93976330201227]], [[128.6584570641557, 37.05692694006665], [128.65859412408824, 37.06593942853178]], [[128.666227131943, 37.56160444636838], [128.6663676513072, 37.570616139620014]], [[128.76272086108486, 35.16269133278223], [128.7628602457263, 35.17170632876947]], [[128.77148081614325, 35.72159468592201], [128.7716240913118, 35.73060881528286]], [[128.77740758521867, 36.09116246618013], [128.77755349304226, 36.10017601888958]], [[128.79385250329614, 37.082568394815695], [128.79400572191952, 37.09158038710415]], [[128.7956956333966, 37.190711360043935], [128.7958496722329, 37.19972318097843]], [[128.80128445292004, 37.51512790096682], [128.80159757713795, 37.53315049781836]], [[128.80823804859085, 37.9116117608283], [128.8083976750539, 37.920622434031635]], [[126.65057724565922, 33.38972036294691], [126.65048950330653, 33.3987391745039]], [[126.63546413687074, 34.88665913234168], [126.63518062050636, 34.913708812766075]], [[126.63203688097963, 35.21124719298154], [126.6319408950536, 35.22026327524693]], [[126.63107510085243, 35.3014073997194], [126.63097868772068, 35.31042334508528]], [[126.61817536888788, 36.47336487897047], [126.618073224635, 36.482379030622056]], [[126.6166384280576, 36.60857569414226], [126.61643272729576, 36.626603566386926]], [[126.61632980831598, 36.635617481633766], [126.61622684357567, 36.64463138296175]], [[126.60847896975156, 37.31162135935973], [126.60837251198271, 37.32063421286279]], [[126.60644814487473, 37.48286317691369], [126.60634078266212, 37.491875763778665]], [[126.60504869922912, 37.600025710166065], [126.60494071351793, 37.60903811432697]], [[126.51766888956502, 34.669348980681285], [126.51756242049574, 34.678365577162076]], [[126.51649512453177, 34.76853079099593], [126.51617401017536, 34.79558008873622]], [[126.51477755956255, 34.912792289892295], [126.51456200445615, 34.93082473092003]], [[126.49482336687818, 36.5174635224001], [126.49470674848844, 36.52647728674953]], [[126.49023661709685, 36.86898996369403], [126.49011795915749, 36.87800318196813]], [[126.48952387727671, 36.92306906285303], [126.48892847284696, 36.96813459279956]], [[126.48167933363537, 37.50889351593628], [126.481556866673, 37.51790573460997]], [[126.67199411702752, 33.39888453758961], [126.67190855707456, 33.407903385326115]], [[126.65899933295499, 34.724511228787826], [126.65890799324724, 34.733528098555844]], [[126.65512791808699, 35.10320804474249], [126.65447563214646, 35.166321842904026]], [[126.65428889198594, 35.18435423373129], [126.65410198589113, 35.202386569898046]], [[126.65278898472995, 35.328611391497844], [126.65269488619694, 35.33762734755559]], [[126.65023359928396, 35.57203739450125], [126.6501383656991, 35.58105298031917]], [[126.63859852683747, 36.644795264473835], [126.63849812311014, 36.65380920539443]], [[126.63749162703469, 36.743947849354136], [126.63739073109397, 36.75296163719495]], [[126.63688557792058, 36.79803036750161], [126.63678441244694, 36.807044071773824]], [[126.62969418183407, 37.42895594462695], [126.6293809441051, 37.455994079721314]], [[126.6291718863458, 37.4740194329775], [126.62906728761861, 37.48303208855973]], [[126.62896264229717, 37.49204473010968], [126.62885795035957, 37.50105735762611]], [[126.62770325609942, 37.600195333728514], [126.62749270310535, 37.618220237707924]], [[126.68266203208984, 33.407974693853994], [126.68257754528665, 33.4169935525509]], [[126.67180440841575, 34.53522821209608], [126.67171509167818, 34.54424539165176]], [[126.67126791224958, 34.58933108625309], [126.67117835709503, 34.59834818452615]], [[126.6702806138843, 34.68851842156472], [126.6701005861589, 34.70655230618889]], [[126.66983024449168, 34.73360303132282], [126.66974005051176, 34.74261991254685]], [[126.6683823220633, 34.877871500409945], [126.66820060715587, 34.89590481430279]], [[126.66792773195121, 34.92295468307938], [126.6676544929096, 34.95000442934148]], [[126.66609924270072, 35.10328400854009], [126.66600739120668, 35.11230033164616]], [[126.66536328731334, 35.1754142111883], [126.66527110890739, 35.18443042507501]], [[126.6636977966107, 35.33770396992429], [126.66351191894927, 35.355735891775545]], [[126.64978443569294, 36.64487562995379], [126.64968533539378, 36.653889597116525]], [[126.64859231938838, 36.75304231797869], [126.64809372403855, 36.79811117991905]], [[126.64375972348206, 37.18568900379059], [126.64365794296695, 37.19470213433364]], [[126.64314836038437, 37.23976757725471], [126.64263764251513, 37.284832670398636]], [[126.64068651386212, 37.45607683151248], [126.64048017003756, 37.47410223837082]], [[126.64027364234141, 37.492127589130526], [126.64017030948743, 37.501140243470225]], [[126.6388227855058, 37.61830347283396], [126.63871880621677, 37.627315930659904]], [[126.60882257446859, 34.30933729703471], [126.60872727396271, 34.3183546610017]], [[126.60145769739262, 34.994618270270955], [126.60126050733874, 35.01265091787001]], [[126.60046999328047, 35.084780961627416], [126.60037098139755, 35.09379715557322]], [[126.59888051453511, 35.22903842255917], [126.59878079662076, 35.238054397471345]], [[126.59778117814085, 35.3282133926433], [126.59768097192705, 35.33722921673022]], [[126.58299014013247, 36.617336187183824], [126.5827765365291, 36.635363866008475]], [[126.58256274293737, 36.653391489081734], [126.58245577484134, 36.66240527970806]], [[126.58052219465648, 36.82465112552346], [126.58041431911627, 36.8336646510102]], [[126.5717386858592, 37.545688911586595], [126.57162690050153, 37.55470131530361]], [[126.6302773227939, 34.33654570461509], [126.63018422167998, 34.345563080510836]], [[126.62999789527792, 34.3635977917206], [126.62981140319128, 34.38163244880981]], [[126.62423466705357, 34.91363042094068], [126.62413888077725, 34.922646927696796]], [[126.62095394940643, 35.22018399174508], [126.62085670579908, 35.22920003400242]], [[126.62036983946969, 35.27428003990593], [126.62017479004433, 35.292311946391926]], [[126.61988189089848, 35.31935970335727], [126.61978417110433, 35.328375594935714]], [[126.60535373391181, 36.61750620299186], [126.6052495590423, 36.626520104904195]], [[126.6045190368552, 36.689617028347946], [126.60399584169699, 36.73468584140126]], [[126.60305115441403, 36.81580882652778], [126.60284071001031, 36.833836003108324]], [[126.59502992428128, 37.49178965649647], [126.59492115522552, 37.50080220144034]], [[126.59383079593985, 37.59092687767666], [126.5937214926354, 37.599939267951925]], [[126.68384302176203, 34.418076738160465], [126.68375538750128, 34.42709411814893]], [[126.68331663159051, 34.472180815322524], [126.68270073334459, 34.535301623304115]], [[126.68261259139994, 34.54431882745677], [126.68252441028422, 34.55333601807174]], [[126.68234793047151, 34.5713703586819], [126.68217129377035, 34.589404645121135]], [[126.68208291654408, 34.59842176802246], [126.6819945000446, 34.60743887737601]], [[126.68101932163277, 34.70662618563298], [126.68084150391367, 34.724660065362954]], [[126.6806635281423, 34.74269389080834], [126.68057448094397, 34.75171078317014]], [[126.67932365799885, 34.87794584998985], [126.6788750471395, 34.923029156697524]], [[126.67869532365512, 34.94106238414031], [126.67860540202716, 34.95007897744656]], [[126.67643525834693, 35.1664731293818], [126.67634433275491, 35.17548938189531]], [[126.67616236038639, 35.1935218459629], [126.67598022631971, 35.211554255407236]], [[126.6746090522376, 35.34679558384066], [126.67451731546686, 35.35581156299987]], [[126.65492447627726, 37.194783040463186], [126.65442159609954, 37.23984861478561]], [[126.65229723446083, 37.42912020716723], [126.65219557810723, 37.438132986099625]], [[126.6517884996972, 37.474183961683366], [126.65158468839675, 37.492209365369916]], [[126.6500503025383, 37.62739810465133], [126.64994764512682, 37.63641057499836]], [[126.70328893223443, 34.6616858311266], [126.70311623868245, 34.67971994324112]], [[126.70233721613941, 34.760872776714535], [126.70225046566743, 34.769889690396425]], [[126.70076979666854, 34.92317514557776], [126.70059486413028, 34.941208470353665]], [[126.69661752152673, 35.34694387120711], [126.69652823020233, 35.35595989952571]], [[126.68814143602305, 36.18537580990695], [126.68804837927247, 36.194390560053]], [[126.68720900544075, 36.27552268957902], [126.68702202167536, 36.293551899639795]], [[126.6869284674639, 36.302566483926654], [126.6868348716747, 36.31158105438256]], [[126.68674123428885, 36.32059561100611], [126.68655383465135, 36.33862468275038]], [[126.68580256843914, 36.41074041614745], [126.68542593260337, 36.4467979505389]], [[126.68523736346847, 36.464826634618234], [126.68514301602978, 36.473840955873854]], [[126.67539454045551, 37.38421578465607], [126.67519704350711, 37.40224157211548]], [[126.67440529450234, 37.47434416201218], [126.67430612739916, 37.48335692273496]], [[126.67271343175612, 37.627559188438475], [126.67261351083887, 37.636571710864764]], [[126.67221338165578, 37.67262166027079], [126.6717122161904, 37.71768378126254]], [[126.67141098043831, 37.744720885389974], [126.67110934163298, 37.7717578631262]], [[126.70408683023805, 33.417133421627796], [126.7040045293609, 33.42615231463123]], [[126.69342312450902, 34.55340850577844], [126.693248996927, 34.57144289495694]], [[126.6929002772355, 34.60751151084957], [126.69237603436059, 34.66161402832638]], [[126.69220097597257, 34.67964809240193], [126.69211338843446, 34.688665104104075]], [[126.6914991849954, 34.751783806265344], [126.69141128563288, 34.760800709446514]], [[126.68804201374091, 35.10343295805532], [126.68795257851666, 35.112449330693195]], [[126.67711540160711, 36.176285134323265], [126.67702111247124, 36.18529987336437]], [[126.67569665653522, 36.31150476840852], [126.67560173691606, 36.32051930003031]], [[126.67426842402278, 36.44672128894235], [126.6740772727006, 36.46474992284184]], [[126.67205989157483, 36.654047228914386], [126.67196335528698, 36.66306123364119]], [[126.67080156600902, 36.77122820631826], [126.67070447014943, 36.78024203032925]], [[126.66359882896128, 37.429200717928076], [126.66349852750497, 37.43821352293961]], [[126.66309687472031, 37.47426460290159], [126.66299634967926, 37.4832773378647]], [[126.65975578902311, 37.77167745070881], [126.65955171557755, 37.78970198036777]], [[126.71606552885771, 34.4633773300644], [126.71598121164782, 34.47239471417316]], [[126.71326318517302, 34.7609438637485], [126.71317762266291, 34.76996080117632]], [[126.71188961376085, 34.90521323399316], [126.71171722994599, 34.923246660816766]], [[126.70753374733424, 35.35603256480356], [126.70744563964075, 35.36504860353553]], [[126.70308007778145, 35.806817725504764], [126.7029899917719, 35.815833078855846]], [[126.69935354258853, 36.176435925057476], [126.69926180090765, 36.18545071359402]], [[126.69917001845982, 36.1944654883239], [126.69898633118939, 36.21249499635784]], [[126.69843428904474, 36.26658318894936], [126.69834213886034, 36.275597839354276]], [[126.69815771561525, 36.29362709869946], [126.6980654425173, 36.30264170763689]], [[126.69769593985376, 36.338700005118724], [126.6976034615265, 36.3477145449151]], [[126.69751094209722, 36.35672907087899], [126.69741838154722, 36.36574358300898]], [[126.69704772776478, 36.40180149316155], [126.69695496132962, 36.41081593610076]], [[126.69630444069178, 36.47391664900897], [126.69621134386112, 36.48293098116949]], [[126.69311581782456, 36.780396162233544], [126.69292674657567, 36.79842386904757]], [[126.68707852300426, 37.348242163714374], [126.68698132170293, 37.35725514573305]], [[126.68649466551307, 37.40231984604639], [126.68639720419628, 37.41133274414416]], [[126.68581152403347, 37.46540983886969], [126.6856159492943, 37.4834354251341]], [[126.68551809657927, 37.492448197264856], [126.68502817872984, 37.53751184785389]], [[126.68463545808861, 37.57356251617219], [126.68453716853986, 37.58257514822009]], [[126.68414357217222, 37.618625536247734], [126.68404506343377, 37.62763809820744]], [[126.68365058927255, 37.66368820582021], [126.68355186082667, 37.67270069766071]], [[126.68335427190279, 37.69072563925788], [126.6832554113832, 37.69973808901207]], [[126.6830575581245, 37.71776294642554], [126.68276044737497, 37.74480012729004]], [[126.73635103124211, 33.4173362337082], [126.73627206581634, 33.42635519577373]], [[126.72703573674215, 34.45442924596481], [126.72695262716242, 34.46344666683093]], [[126.72300453135026, 34.88725018791957], [126.72283469190678, 34.905283716080085]], [[126.7209564667882, 35.10364893695215], [126.72087065609925, 35.11266538141218]], [[126.71992421902361, 35.211845371167215], [126.7197516422681, 35.22987791934508]], [[126.71644339197638, 35.57248595316654], [126.71635557661466, 35.58150168727351]], [[126.71626772224583, 35.59051740767875], [126.71600392492245, 35.61756448666889]], [[126.71591591435093, 35.626580152251975], [126.71582786468511, 35.63559580412572]], [[126.71011056150343, 36.21256893992834], [126.71001993266425, 36.22158369749082]], [[126.70965701438364, 36.25764258965661], [126.70956618399092, 36.266657278169866]], [[126.7087468917932, 36.34778885298154], [126.70865565691551, 36.35680340328921]], [[126.70838170890899, 36.383846971236274], [126.70819887390832, 36.401875947373554]], [[126.70552942216203, 36.663289876659675], [126.70543675694907, 36.672303942139585]], [[126.70413510880753, 36.79849940113049], [126.70404182352436, 36.80751325830904]], [[126.69827223036935, 37.35733221535956], [126.6981763359253, 37.366345208376856]], [[126.69808039877695, 37.375358187415124], [126.69798441890424, 37.384371152473115]], [[126.69769622273982, 37.411409963752604], [126.69760007176936, 37.42042287287672]], [[126.69750387797428, 37.42943576801421], [126.69702226592537, 37.47450003385792]], [[126.69692581475985, 37.4835128450491], [126.69682932062872, 37.492525642244836]], [[126.69615265697372, 37.55561483063695], [126.69595893665603, 37.57364018700427]], [[126.69557097783785, 37.60969073163363], [126.69547388005972, 37.61870333276179]], [[126.69469553838994, 37.69080363717425], [126.69459805044352, 37.699816112130726]], [[126.73394725589172, 34.887319638177416], [126.7338635504335, 34.896336432209054]], [[126.73074016742473, 35.22994825321834], [126.73056986935238, 35.247980793539355]], [[126.72945923735493, 35.36519097524074], [126.7291162124655, 35.401255182267576]], [[126.72739191816183, 35.581572935639144], [126.72730530077496, 35.590588679595946]], [[126.72704521769464, 35.617635829271926], [126.726958446304, 35.62665151842736]], [[126.7268716363694, 35.63566719387865], [126.72669790079942, 35.65369850366273]], [[126.72460099245879, 35.870069940510675], [126.724513135286, 35.87908524538046]], [[126.72114547927288, 36.22165663108677], [126.72096665453265, 36.23968615264979]], [[126.71971042199696, 36.365891256854795], [126.71953032141333, 36.383920336356695]], [[126.71534351251088, 36.798573877108794], [126.71525154066137, 36.8075877585669]], [[126.70890048689094, 37.420499037456416], [126.70871076581182, 37.43852486309671]], [[126.70842586718263, 37.46556349667904], [126.70833081635732, 37.47457634656728]], [[126.70766427391861, 37.537665904041006], [126.70747345119635, 37.55569136593547]], [[126.70728245839179, 37.57371677183158], [126.70718689815854, 37.582729453777155]], [[126.70699564992977, 37.60075477565713], [126.70689996189412, 37.60976741558908]], [[126.70642088169828, 37.65483040511892], [126.70632493751457, 37.66384296099031]], [[126.75696743602812, 34.76121840932194], [126.75688662552906, 34.77023543845936]], [[126.75428164569864, 35.05877321053905], [126.75419964199651, 35.06778979185467]], [[126.75395341225789, 35.09483945420912], [126.75387126274747, 35.10385598112449]], [[126.7527173305914, 35.230085928795106], [126.75255189668412, 35.248118560544846]], [[126.751056360737, 35.410409791523655], [126.75080594040965, 35.437457900060025]], [[126.74555518115372, 35.996424554175235], [126.74529742625518, 36.02346998949618]], [[126.74383030900736, 36.176725116086466], [126.74374366245625, 36.185739999547415]], [[126.74313605752826, 36.248843797706144], [126.74304910246119, 36.25785857084482]], [[126.74200262243599, 36.366034771960386], [126.74191516363035, 36.37504936563139]], [[126.74095054725298, 36.474208983908326], [126.74077465526044, 36.49223782567153]], [[126.74033424063896, 36.537309687973384], [126.74015780055792, 36.555338336022565]], [[126.73927324347396, 36.64548074547189], [126.73909585971091, 36.66350906112554]], [[126.73802823852729, 36.77167779047668], [126.7378497472027, 36.78970571783881]], [[126.7325121770369, 37.32150455552266], [126.732420496551, 37.330517677225956]], [[126.73186955565575, 37.384596114308714], [126.7317775889978, 37.39360913828788]], [[126.73104037961589, 37.465712827252624], [126.73094804363944, 37.47472572549584]], [[126.72862622590485, 37.70004363585694], [126.72853281418065, 37.7090561702986]], [[126.75786067518872, 33.41746678061671], [126.75778393347139, 33.42648578713657]], [[126.7415608643728, 35.248050176071885], [126.74147687544148, 35.2570664488046]], [[126.74012796748, 35.40132495699824], [126.74004334207, 35.41034099771024]], [[126.73978924023575, 35.43738903786651], [126.73961965084224, 35.45542099630543]], [[126.73774419219383, 35.653768927559945], [126.73765850792498, 35.662784585148344]], [[126.73636866694238, 35.798017803522946], [126.73628237163786, 35.80703324164979]], [[126.73271105825978, 36.17665436716368], [126.73262313789941, 36.18566922740185]], [[126.73209479466318, 36.23975809917993], [126.7320066004457, 36.24877286285441]], [[126.72978896057414, 36.47413746585359], [126.72969974149923, 36.483151870254]], [[126.72664257519506, 36.789633377691715], [126.72655195710196, 36.79864729697028]], [[126.72141246929625, 37.303404576949866], [126.7212265369205, 37.321430814414725]], [[126.72066774545334, 37.37550919170109], [126.7205744683304, 37.384522205698865]], [[126.71973310254087, 37.46563870287655], [126.7196394091302, 37.4746515771174]], [[126.7186060226882, 37.57379227064137], [126.7183233101143, 37.600830347750225]], [[126.71785128197962, 37.64589352958245], [126.7177567500974, 37.654906123935454]], [[126.78997855133441, 33.43569373742357], [126.78990507988094, 33.44471278168647]], [[126.77866287525586, 34.77938393294045], [126.77858437114284, 34.78840097889644]], [[126.77771852046232, 34.88758759052752], [126.77763959678155, 34.89660447391687]], [[126.7747748719711, 35.221203234049284], [126.77469464063108, 35.23021961473945]], [[126.77259607029391, 35.46464072874397], [126.77243363592613, 35.48267274008537]], [[126.77235236462414, 35.49168872526714], [126.77218971370358, 35.50972065464525]], [[126.77210833405286, 35.518736598838515], [126.77202691825372, 35.527752529365905]], [[126.77178245380462, 35.554800238937524], [126.77170089325057, 35.563816114786135]], [[126.77071933610303, 35.67200555800519], [126.77063730330691, 35.68102125598063]], [[126.76981496844515, 35.77117748236824], [126.76956755495956, 35.7982240830459]], [[126.76749290492734, 36.02360761887479], [126.76740943877564, 36.03262278172078]], [[126.76301769994484, 36.50139226784431], [126.7628467519147, 36.51942111821675]], [[126.76276122089787, 36.528435522663216], [126.76267565185668, 36.53744991328137]], [[126.76224723567506, 36.582521658899005], [126.76216143812138, 36.59153596651828]], [[126.76190381651085, 36.61857880634303], [126.76181786626579, 36.62759305860234]], [[126.7606105420771, 36.75379113605679], [126.76052401673253, 36.762805180522506]], [[126.75499459425615, 37.33066197748483], [126.75490556980259, 37.3396751320194]], [[126.75428128759047, 37.402766823173465], [126.75401314184862, 37.42980591006983]], [[126.75356543544883, 37.474870775688736], [126.75347577447586, 37.48388370692005]], [[126.75320655183332, 37.51092241680677], [126.75311673098193, 37.519935292162465]], [[126.7520357540711, 37.62808870626315], [126.75194541153046, 37.63710139988703]], [[126.75131188532892, 37.70018986352403], [126.75122122015479, 37.709202445210465]], [[126.77929593785285, 33.42661264821921], [126.77922138671008, 33.43563168464145]], [[126.7678139673279, 34.7703016462668], [126.76765461626721, 34.78833570813863]], [[126.76532804703018, 35.04982351116545], [126.7652472847864, 35.05884012833849]], [[126.76516648666585, 35.06785673192026], [126.76492387688572, 35.09490646110201]], [[126.76354296574621, 35.24818594694735], [126.76346141055055, 35.25720226474686]], [[126.76165800244495, 35.455557806208255], [126.76157560996397, 35.464573810217296]], [[126.76141071519174, 35.482605777249105], [126.76132821286792, 35.4916217402688]], [[126.76116309826331, 35.50965362530813], [126.76108048594988, 35.518669547324684]], [[126.76099783694055, 35.52768545567051], [126.7607496695738, 35.55473309866811]], [[126.76066687361735, 35.56374895231565], [126.76058404088315, 35.572764792284794]], [[126.75975368714921, 35.66292243933221], [126.75967044877423, 35.671938128739306]], [[126.75494959824069, 36.17679483243375], [126.75486422551634, 36.18580973877859]], [[126.75323491597943, 36.357090339484095], [126.7531487812237, 36.36610496995639]], [[126.75193886686192, 36.49230834604331], [126.75185215600709, 36.50132276924191]], [[126.75159179208858, 36.52836595585595], [126.75150492693886, 36.537380323728755]], [[126.75133108076805, 36.55540901796826], [126.75107002156766, 36.58245195554167]], [[126.75063414853288, 36.62752324131004], [126.75045952787542, 36.64555165868653]], [[126.75028475189355, 36.663580020657584], [126.7501973056113, 36.67259418086267]], [[126.74932070117555, 36.76273502063996], [126.7492328261759, 36.77174902836057]], [[126.74307406928749, 37.39368199181456], [126.74298341429831, 37.40269502543553]], [[126.7423476978034, 37.465785869795], [126.7422567192805, 37.47479879169031]], [[126.74216570023037, 37.4838116996143], [126.74189239972591, 37.510850339545904]], [[126.74116181042196, 37.58295276431631], [126.74107030355489, 37.591965504487824]], [[126.74061215719487, 37.6370289955102], [126.74033677906559, 37.664066922211376]], [[126.64854031940435, 34.67935091636782], [126.64844799921377, 34.68836782869378]], [[126.64640654493627, 34.88673646105011], [126.64631327671921, 34.89575306060374]], [[126.64425086062896, 35.094114802357375], [126.64415663479257, 35.10313108826759]], [[126.64311738406045, 35.20230933161633], [126.64302265473725, 35.211325453545854]], [[126.64197785095895, 35.31050189183592], [126.64178733768695, 35.32853379357751]], [[126.62943734031276, 36.46443264200374], [126.62933653329908, 36.473446834353744]], [[126.62781903932832, 36.608658052336146], [126.6275143245379, 36.63569992055573]], [[126.62741266260535, 36.644713848805395], [126.62731095547032, 36.653727763140985]], [[126.62639355371128, 36.73485236579666], [126.62629139340652, 36.74386614091459]], [[126.62557499800894, 36.80696217663924], [126.6254724736626, 36.815975840283215]], [[126.61637595391993, 37.60011106542965], [126.6162693345302, 37.60912349719319]], [[126.57001372194077, 34.868141615454505], [126.5697089532655, 34.89519089286513]], [[126.56960727343146, 34.9042072913531], [126.56950554842665, 34.9132236761805]], [[126.5687922069481, 34.976337987336635], [126.5686901198638, 34.9853542628196]], [[126.5663295600678, 35.19272482114715], [126.56622637907672, 35.20174076796328]], [[126.5419194660225, 37.22096432537643], [126.54169135411448, 37.238989956047895]], [[126.53720233382252, 37.59047850786301], [126.53708620241618, 37.599490753131015]], [[126.5367374976164, 37.6265274043125], [126.53615528621458, 37.67158820746253]], [[126.56142444169653, 34.66067622128703], [126.56122100804592, 34.67870965793947]], [[126.55907400732427, 34.86805744989428], [126.55897126881256, 34.87707386128031]], [[126.55545087106069, 35.183623708875345], [126.55534652310833, 35.19263964111835]], [[126.53960346165194, 36.50881770352499], [126.53949207315618, 36.51783160217272]], [[126.52481743466973, 37.671495003151634], [126.52434524292282, 37.70754327111961]], [[126.5241088312311, 37.72556732035578], [126.52363537521452, 37.761615249281334]], [[126.54875696522362, 34.81387371549486], [126.54813433832963, 34.86797230032747]], [[126.54803040576653, 34.87698868331173], [126.5479264270313, 34.88600505262831]], [[126.54688409575898, 34.97616799370366], [126.54677960779347, 34.985184212565386]], [[126.53246092503925, 36.18421871427222], [126.53235003013677, 36.19323308465852]], [[126.52685537454268, 36.634920177938476], [126.5267419881195, 36.643933851553506]], [[126.5244636417833, 36.82420438773473], [126.52434919177678, 36.83321776762851]], [[126.5130019562314, 37.70744885521764], [126.51276279702046, 37.725472843444585]], [[126.51228383861552, 37.76152065026425], [126.51192405903076, 37.78855635690878]], [[126.59700841691402, 33.37130337871999], [126.5969152066748, 33.380322087682984]], [[126.58065229683827, 34.89527415765969], [126.58055181268702, 34.90429058391097]], [[126.57974633080326, 34.976421502215985], [126.57964544418951, 34.98543780551605]], [[126.57608603722304, 35.30099979749414], [126.57598352473326, 35.31001560765938]], [[126.57588096671034, 35.31903140409642], [126.57577836313409, 35.328047186803644]], [[126.56763325348882, 36.03123580648304], [126.5675269862434, 36.040250499564685]], [[126.56582027474428, 36.18448370366844], [126.5657132019581, 36.193498161023506]], [[126.56204427599044, 36.499981443035445], [126.56193552501341, 36.50899541372689]], [[126.56029844673333, 36.64420330159163], [126.56018891959785, 36.65321704921729]], [[126.55296415963141, 37.23908065009476], [126.55285136958207, 37.24809347378774]], [[126.54829834242646, 37.60859489075555], [126.54806855496838, 37.62661937021543]], [[127.51090723113654, 34.610180622332074], [127.51090841076048, 34.61919863590646]], [[127.51100572177043, 35.34961324319351], [127.51100694515321, 35.35863015647753]], [[127.51102289867214, 35.475848801943116], [127.51102412968535, 35.48486552637231]], [[127.5110265933526, 35.50289893472784], [127.51102782600712, 35.511915618651315]], [[127.51106256354753, 35.76437728035995], [127.51106756141327, 35.8004423659098]], [[127.51114360494597, 36.34139258402481], [127.51114488959193, 36.3504080060446]], [[127.51115260946817, 36.4045002518382], [127.51115647713266, 36.431546190610156]], [[127.51118760481677, 36.647909277183885], [127.51118890902455, 36.65692423497805]], [[127.51120460483246, 36.76510266141537], [127.51120722895256, 36.78313220753771]], [[127.51122830615152, 36.92736660380631], [127.51122962846341, 36.93638113706206]], [[127.5112455421742, 37.04455446604915], [127.51124687215572, 37.05356882092117]], [[127.51124820272915, 37.06258316206291], [127.51125486448426, 37.10765466177535]], [[127.51128839653282, 37.333007005823134], [127.51128974559231, 37.34202092073692]], [[127.51132503284397, 37.57637787254671], [127.51132639822426, 37.585391415320736]], [[127.51134695210506, 37.72059290044646], [127.51134970301861, 37.73861953034796]], [[127.51141927933162, 38.18926729240635], [127.51142068675149, 38.198279894376164]], [[127.50000000000001, 34.62821712399509], [127.50000000000001, 34.63723511101886]], [[127.50000000000001, 35.12418653122026], [127.50000000000001, 35.133203781197004]], [[127.50000000000001, 35.51191612269066], [127.50000000000001, 35.52093279327612]], [[127.50000000000001, 35.737328832195956], [127.50000000000001, 35.7463451647003]], [[127.50000000000001, 35.980765052648124], [127.50000000000001, 35.989781019042574]], [[127.50000000000001, 36.278284766638436], [127.50000000000001, 36.28730028421791]], [[127.50000000000001, 36.305331278506195], [127.50000000000001, 36.341393103563206]], [[127.50000000000001, 36.404500772569044], [127.50000000000001, 36.422531412400396]], [[127.50000000000001, 36.440561997660815], [127.50000000000001, 36.45859252833989]], [[127.50000000000001, 36.58480471394963], [127.50000000000001, 36.61184983393418]], [[127.50000000000001, 36.774117969076215], [127.50000000000001, 36.783132735463326]], [[127.50000000000001, 37.044554998983344], [127.50000000000001, 37.06258369534377]], [[127.50000000000001, 37.10765519592359], [127.50000000000001, 37.12568370000187]], [[127.50000000000001, 37.432159852864714], [127.50000000000001, 37.44117361644155]], [[127.50000000000001, 38.135191943540015], [127.50000000000001, 38.153217300390196]], [[127.50000000000001, 38.16222995801576], [127.50000000000001, 38.18926784768193]], [[127.48902347700209, 35.133203284129195], [127.48902105564112, 35.15123774342075]], [[127.48897094079081, 35.520932289070004], [127.48896847274288, 35.53896558938732]], [[127.48894367131072, 35.71929561868371], [127.48894117902886, 35.73732832397629]], [[127.48890731562355, 35.98076453988761], [127.48890605360694, 35.98978050611335]], [[127.48887176636055, 36.23320645694181], [127.48886537160904, 36.278284248290575]], [[127.48886409095292, 36.2872997657001], [127.48886152793287, 36.30533075964835]], [[127.48884481266187, 36.42253089132852], [127.48884223249948, 36.44056147624773]], [[127.48884094155795, 36.44957674823991], [127.48883965004255, 36.45859200658544]], [[127.48883835795297, 36.46760725128302], [127.48883706528899, 36.47662248233134]], [[127.48881760621994, 36.61184930927191], [127.48881239518325, 36.647909277183885]], [[127.4887102544077, 37.34202092073692], [127.48870890474744, 37.351034821882656]], [[127.48861013184454, 37.9999994484656], [127.48860873755295, 38.00901234150557]], [[127.48859055503608, 38.12617869029105], [127.48858915200695, 38.135191389335276]], [[127.48858634406936, 38.15321674582868], [127.4885849391603, 38.16222940327578]], [[127.43411181161487, 35.16925472841946], [127.43410453623949, 35.178271905210664]], [[127.43395834810188, 35.35861261414177], [127.43395100455291, 35.36762950813035]], [[127.43374405541283, 35.62009706045366], [127.43372917461947, 35.63813005172391]], [[127.4334211869909, 36.00779443349925], [127.4334060192438, 36.0258262590674]], [[127.43326125148674, 36.19712589009268], [127.43325359822626, 36.206141524114514]], [[127.43322295115622, 36.2422039240627], [127.43317687829685, 36.296297115421794]], [[127.43316149335956, 36.31432807021564], [127.43314609474281, 36.332358970495676]], [[127.43313068243411, 36.350389816251365], [127.4331229711414, 36.35940521867932]], [[127.43291346543421, 36.602815925943794], [127.43290565757212, 36.611830946101634]], [[127.43284306955431, 36.68395061509811], [127.43283523038795, 36.692965512170424]], [[127.43278812212225, 36.74705460722823], [127.43278025851838, 36.75606940849683]], [[127.43256661384696, 36.99946386339746], [127.43255865169937, 37.00847828084397]], [[127.43226154747401, 37.34200206712376], [127.43224534796396, 37.360029843418666]], [[127.43218040546317, 37.43214039763374], [127.4321722713708, 37.441154154908105]], [[127.4319841837313, 37.64846676604262], [127.43197596220523, 37.65748019223234]], [[127.43156017718954, 38.108133872176225], [127.43155176653606, 38.117146592708366]], [[127.46706316907516, 35.15123376423444], [127.46705953461415, 35.160250972388916]], [[127.46690542042194, 35.53896155306964], [127.466901715884, 35.54797818163033]], [[127.46687202027437, 35.62011072360723], [127.46686085719021, 35.64716020377147]], [[127.4668534068664, 35.66519312291777], [127.46683848634979, 35.70125879884785]], [[127.46662296312594, 36.21517110781347], [127.46661913309018, 36.22418671919055]], [[127.46656533350833, 36.350403848376054], [127.46655762049473, 36.36843464879262]], [[127.46654217388584, 36.404496085992], [127.46653830794119, 36.41351141119388]], [[127.46651895242425, 36.458587832550435], [127.4665111981657, 36.47661830556423]], [[127.46648400391203, 36.5397245310431], [127.46648011210668, 36.548739651482386]], [[127.46647621857095, 36.55775475826053], [127.4664684263052, 36.575784930828355]], [[127.46643327524627, 36.65692003082126], [127.46642544478112, 36.674949902634275]], [[127.46631111696314, 36.93637689020177], [127.46630714826352, 36.94539140836033]], [[127.46626337584395, 37.04455020257606], [127.46625938590044, 37.05356455606159]], [[127.4662274023589, 37.125678889543245], [127.46622339640457, 37.13469311941017]], [[127.4660249039008, 37.57637352671192], [127.46601670979608, 37.59440059564906]], [[127.46600440493991, 37.62144109554985], [127.46600029966469, 37.630454567911]], [[127.4658262151475, 38.00900792780916], [127.46582203040738, 38.018020805576974]], [[127.4449652851032, 35.35861812744553], [127.44495916547683, 35.36763502326176]], [[127.44484237468076, 35.53895348043688], [127.44483620045413, 35.547970106327476]], [[127.44453027924966, 35.98976819581614], [127.4445176506809, 36.00780007942892]], [[127.44435884315575, 36.233194036979306], [127.44435245409105, 36.24220961841031]], [[127.44430765105872, 36.30531830706406], [127.4443012392415, 36.31433377951827]], [[127.44427556346078, 36.35039553304167], [127.4442691373811, 36.3594109373426]], [[127.4442047192676, 36.44956423023433], [127.4441982616958, 36.458579484483124]], [[127.44416593074894, 36.50365555096788], [127.44415945593279, 36.512670723303955]], [[127.44414001420705, 36.539716158367334], [127.4441335278683, 36.548731276069226]], [[127.44408804267253, 36.61183671738185], [127.44408153322514, 36.62085172575398]], [[127.4440424157087, 36.6749414888317], [127.44403588597149, 36.68395640147368]], [[127.44399009642758, 36.74706040683501], [127.44398354342188, 36.75607520999553]], [[127.44384525495396, 36.945382911877296], [127.44383201713212, 36.96341190151251]], [[127.44382539380328, 36.972426375752], [127.44381213830286, 36.99045528306864]], [[127.44379887100305, 37.00848413549409], [127.44379223292496, 37.0174985411196]], [[127.44354453575866, 37.351021889497076], [127.44351751250791, 37.38707733959952]], [[127.44332699573539, 37.63945931510453], [127.4433201475134, 37.64847275703863]], [[127.44331329623901, 37.65748618516509], [127.44330644191082, 37.66649959948279]], [[127.44302276718086, 38.03603768363274], [127.44296680859131, 38.108139962539965]], [[127.55469631770312, 34.853650489165425], [127.55470228699328, 34.86266813763778]], [[127.55475613009574, 34.94382637075756], [127.55476812448974, 34.96186138617383]], [[127.55477412568376, 34.9708788737593], [127.55479214526794, 34.997931256006865]], [[127.55479815713393, 35.006948689914736], [127.55482223131885, 35.04301829129927]], [[127.55510833010023, 35.466819987073904], [127.55512063748972, 35.48485344143423]], [[127.55533779595683, 35.80043014045053], [127.55534405022433, 35.80944637393558]], [[127.55543190229378, 35.93567221910567], [127.55544449724779, 35.95370426564358]], [[127.55563477061783, 36.22417844193215], [127.55564115684426, 36.233194036979306]], [[127.55575659551454, 36.39547241818738], [127.5557630358892, 36.404487754302316]], [[127.55580173830421, 36.458579484483124], [127.55581466206144, 36.47660995203273]], [[127.55602957133466, 36.774104775242854], [127.55604926535246, 36.80114902041093]], [[127.55605583586593, 36.81016374140787], [127.55606240930204, 36.81917844870654]], [[127.55610850530329, 36.88228101614149], [127.55612170197051, 36.900310197768015]], [[127.55663197895196, 37.585378373601635], [127.5566456418716, 37.60340540931386]], [[127.55665931697202, 37.621432389817805], [127.55666615909357, 37.630445859363874]], [[127.556686703761, 37.65748618516509], [127.5566935580892, 37.66649959948279]], [[127.55670727591283, 37.684526386687445], [127.55674162401482, 37.729593112968224]], [[127.45607938199714, 35.16024748944435], [127.45607453389746, 35.16926468299324]], [[127.45597222482179, 35.35862263833164], [127.45596732911926, 35.36763953564322]], [[127.45587389645473, 35.53895802129238], [127.45586895707196, 35.547974648684914]], [[127.45562926809922, 35.980756848481505], [127.4556242200352, 35.98977281217665]], [[127.45550749343622, 36.19713622648382], [127.45549728681455, 36.21516748770035]], [[127.4554512446051, 36.29630748917092], [127.45544611742866, 36.30532297678221]], [[127.4554101633268, 36.36843100844932], [127.45538956785317, 36.40449244087732]], [[127.45536377197072, 36.44956892448547], [127.45535860591173, 36.45858418027054]], [[127.45533791869896, 36.49464506691248], [127.45533274114634, 36.503660254441925]], [[127.45532756129182, 36.512675428316385], [127.4553120079065, 36.539720867997005]], [[127.45526522310666, 36.620856449254404], [127.45525480103967, 36.63888642806786]], [[127.45519207364616, 36.74706515196913], [127.45517633943153, 36.77410952502183]], [[127.4550656101708, 36.963416683895765], [127.45506031150609, 36.97243115969181]], [[127.45504970710248, 36.990460070122616], [127.45503909325934, 37.008488925663684]], [[127.45503378279523, 37.01750333284755], [127.45501783721947, 37.04454647203788]], [[127.45496453131318, 37.13468937672745], [127.45495918766456, 37.14370359163698]], [[127.45483562500048, 37.35102673914067], [127.4548302239579, 37.360040623896744]], [[127.4547923492448, 37.423137431537086], [127.45478692892723, 37.43215120609301]], [[127.45466706906576, 37.63045075792115], [127.4546615929272, 37.63946421524565]], [[127.45442937678138, 38.01801694234907], [127.45440703326217, 38.05406830991536]], [[127.45436783601404, 38.1171576696631], [127.45436222640477, 38.126170379896735]], [[127.42345021879831, 34.826585668089606], [127.42344187292831, 34.83560335281226]], [[127.4231219671159, 35.178265432590436], [127.42311347541087, 35.18728259377905]], [[127.42296853789067, 35.340572274319626], [127.42295141436135, 35.35860609842121]], [[127.42277069599544, 35.54795799337965], [127.42276204824509, 35.55697460175286]], [[127.42271008100892, 35.61107396815439], [127.42270140633119, 35.62009048190175]], [[127.4223158807851, 36.016803678420665], [127.42230703097117, 36.025819582217444]], [[127.42212920652825, 36.206134803258216], [127.42210239631223, 36.23318161702483]], [[127.42200378585251, 36.33235221871667], [127.42198580483358, 36.350383060046845]], [[127.4219317657875, 36.40447525677454], [127.42191372072702, 36.42250587989469]], [[127.42164111093179, 36.692958671496484], [127.42163196117444, 36.701973552653506]], [[127.42158615131282, 36.74704775314972], [127.42156779883148, 36.765077337523365]], [[127.42123464718308, 37.089600480655754], [127.42120664295037, 37.11664327307975]], [[127.42119729989525, 37.12565750974146], [127.42116924577006, 37.152700137271]], [[127.42098125789896, 37.33298115782549], [127.42097181449833, 37.341995064357775]], [[127.4209245343727, 37.38706439044563], [127.42091506570927, 37.396078214340406]], [[127.42087714886189, 37.432133372138395], [127.42086765909173, 37.44114712713689]], [[127.42027095773686, 37.9999729748325], [127.42023189149899, 38.0360244297532]], [[127.4201633575868, 38.0991139423974], [127.42015354954044, 38.10812667447607]], [[127.54374751283848, 34.83561957673899], [127.54375705734383, 34.853654916827836]], [[127.54376183277735, 34.86267256677753], [127.54376661033268, 34.8716902033287]], [[127.54377139001075, 34.8807078264798], [127.54377617181247, 34.88972543622932]], [[127.5438145027899, 34.96186583158523], [127.5438193037465, 34.97088332065185]], [[127.54385778826584, 35.043022750052515], [127.54386260845313, 35.052040118313414]], [[127.54388674153005, 35.09712675813191], [127.54389157458013, 35.10614404578791]], [[127.54400821409685, 35.32255491429252], [127.5440131011098, 35.3315718655183]], [[127.54434049056323, 35.92666078121783], [127.54434552519042, 35.93567682636122]], [[127.5443556011567, 35.95370887593275], [127.54436568607879, 35.97174087120822]], [[127.54438588282284, 36.00780469882716], [127.5443909376189, 36.01682062177977]], [[127.54450781989861, 36.224183097889565], [127.54451804013463, 36.242214277423244]], [[127.54461043214684, 36.40449244087732], [127.5446207436215, 36.42252307525196]], [[127.54463106426586, 36.44055365505316], [127.54464139408829, 36.45858418027054]], [[127.54476084944679, 36.66593129372897], [127.54476607091611, 36.67494622159519]], [[127.54483941578756, 36.801153774837985], [127.54484467219996, 36.810168497385]], [[127.54489736509987, 36.90031496926557], [127.5449026472913, 36.909329541067564]], [[127.54498216278054, 37.04454647203788], [127.54498748270393, 37.053560824310225]], [[127.54512663495873, 37.28792916035793], [127.5451427948609, 37.314971062429684]], [[127.54533293093425, 37.63045075792115], [127.54533840707282, 37.63946421524565]], [[127.54534388565216, 37.648477658764], [127.54534936667339, 37.65749108847506]], [[127.54535485013767, 37.666504504377755], [127.54536582440002, 37.68453129475351]], [[127.54538780229228, 37.7205847097557], [127.54539330289033, 37.72959802896868]], [[127.54540981940302, 37.756637903699875], [127.54542084268856, 37.77466441775325]], [[127.54546503424906, 37.846769920971255], [127.54547056928548, 37.855783046643566]], [[127.54553718261266, 37.96393947546954], [127.54557062321864, 38.01801694234907]], [[127.54569400761694, 38.216296719526945], [127.54570528457732, 38.2343218209907]], [[127.53282495960688, 34.871693649365184], [127.53282854436625, 34.880711273665824]], [[127.5328969582136, 35.05204358738757], [127.53290057496098, 35.061060943372574]], [[127.53290781327681, 35.0790956150461], [127.53292230921252, 35.11516479716538]], [[127.53300982773195, 35.331575370498385], [127.53301349462072, 35.340592309410084]], [[127.53306500243104, 35.466828038367034], [127.53306869382993, 35.47584477496256]], [[127.53327426651995, 35.971744459350006], [127.53327805088733, 35.98076043780396]], [[127.53328183693623, 35.98977640268006], [127.53328941408154, 36.00780829169322]], [[127.53329320517949, 36.016824215827576], [127.5333007924297, 36.03485602334499]], [[127.53338853208865, 36.242217901100744], [127.53339236723326, 36.25123347163124]], [[127.53345009937738, 36.386465394668086], [127.53345396188729, 36.39548074714964]], [[127.53379264525219, 37.17074990145228], [127.5337966601304, 37.17976406260047]], [[127.53380469524954, 37.19779234365374], [127.53381676134747, 37.2248346621082]], [[127.53382481436861, 37.2428628056471], [127.53384497831594, 37.287932923751676]], [[127.5339016767489, 37.414127423714184], [127.53390980541725, 37.43215498905517]], [[127.53400380744027, 37.63946802646739], [127.53400791637578, 37.6484814712179]], [[127.53404085386397, 37.720588532077635], [127.53404497931353, 37.72960185252544]], [[127.53405323573121, 37.74762845196918], [127.5340573667011, 37.75664173096289]], [[127.53406563416729, 37.774668247488584], [127.53406977066534, 37.78368148501835]], [[127.5340780491957, 37.80170791860628], [127.53408633511096, 37.819734296891504]], [[127.53409462841813, 37.83776061986528], [127.53409877784584, 37.846773760607675]], [[127.5342662818844, 38.20728803741155], [127.5342705079144, 38.216300610206844]], [[127.5218097463975, 34.59214309346817], [127.5218121035495, 34.60116113326077]], [[127.52193371753333, 35.06106342210772], [127.521938543078, 35.07909809543107]], [[127.5219482070367, 35.1151672808521], [127.52195062571028, 35.12418454360993]], [[127.52200899731878, 35.340594813797885], [127.52201144299765, 35.34961174006243]], [[127.52204825882386, 35.48486401575463], [127.52205318615785, 35.502897423110085]], [[127.5221201353311, 35.74634313115094], [127.52212512654059, 35.76437575419145]], [[127.52213512227105, 35.80044083772696], [127.5221376239798, 35.809457074739036]], [[127.52218536819241, 35.98076300160614], [127.5221878922254, 35.98977896732577]], [[127.52225902233896, 36.242220489442246], [127.52226157910246, 36.251236060821775]], [[127.52228977861284, 36.350406446918804], [127.52230006720501, 36.386467996617405]], [[127.52231295369195, 36.43154462688286], [127.52231553442746, 36.44055991200856]], [[127.52237781746913, 36.65692265841915], [127.52238042704438, 36.66593760202245]], [[127.52240920908169, 36.76510107867115], [127.52241183261808, 36.77411585806228]], [[127.52245132599572, 36.90933590513815], [127.52245661171496, 36.92736501175198]], [[127.5225284311606, 37.170752578273074], [127.52253646449356, 37.197795023083344]], [[127.52254450856023, 37.22483734414841], [127.52254987724193, 37.24286548942877]], [[127.52257139983024, 37.31497752024248], [127.52257679246512, 37.33300539032228]], [[127.52260653795086, 37.43215769117144], [127.522609249318, 37.44117145404799]], [[127.52269390359731, 37.72059126230804], [127.5226966538975, 37.729604583637865]], [[127.52269940542382, 37.73861789115097], [127.52270215817693, 37.74763118484628]], [[127.52271318146825, 37.78368422142733], [127.52271870048948, 37.80171065678247]], [[127.52272422443397, 37.81973703683573], [127.52272975330636, 37.8377633615784]], [[127.52284137287451, 38.198278228013606], [127.52284418897085, 38.20729081557552]], [[127.47798611023707, 35.35862865284812], [127.47798366238483, 35.36764555215351]], [[127.47790723720803, 35.64716273649492], [127.47790227032469, 35.66519565731463]], [[127.47789232331195, 35.70126133659376], [127.47788734317467, 35.71929409503062]], [[127.47774608778113, 36.224189305834535], [127.47774353328876, 36.23320490444607]], [[127.47769220433939, 36.413514015700166], [127.47768704630806, 36.43154462688286]], [[127.4776818836898, 36.44957518348877], [127.47767671648037, 36.46760568550758]], [[127.47767413115267, 36.47662091604357], [127.47766895704865, 36.49465133616229]], [[127.47765600164715, 36.53972714750503], [127.47765081141887, 36.55775737643353]], [[127.47764561657418, 36.57578755071321], [127.47764301741934, 36.58480261735652]], [[127.47762739820205, 36.638892730185255], [127.47762218253088, 36.65692265841915]], [[127.47741781009596, 37.351033205334], [127.47741510957354, 37.36004709218643]], [[127.47739617220908, 37.423143914515194], [127.47739346204916, 37.43215769117144]], [[127.47734447218279, 37.59440331355324], [127.47733626894392, 37.6214438160919]], [[127.36880049952718, 34.80850360004235], [127.36878620507117, 34.817521295973215]], [[127.36872896370456, 34.853591945727764], [127.36870030485682, 34.87162719020221]], [[127.36816549793807, 35.20526952878628], [127.3681363383173, 35.223303725517106]], [[127.36760701164675, 35.547910046370546], [127.3675625178818, 35.574959783365784]], [[127.36754767344779, 35.583976335326], [127.36753282241934, 35.59299287376473]], [[127.36687280365769, 35.9897071573763], [127.36682733088996, 36.01675490216774]], [[127.36678179747939, 36.04380252466348], [127.36676660618545, 36.05281837164555]], [[127.36675140814127, 36.0618342050338], [127.36672099178979, 36.079865831023284]], [[127.36649200562977, 36.21510129146648], [127.36643068447165, 36.25116356361864]], [[127.36641533714497, 36.260179097601586], [127.36639998299727, 36.269194617959855]], [[127.3663846220254, 36.278210124692094], [127.36636925422627, 36.287225617797]], [[127.36624606567877, 36.359349071893746], [127.36623063629423, 36.368364442293284]], [[127.36606045971897, 36.46753261612832], [127.36602942903758, 36.48556301572726]], [[127.3656392088104, 36.710938398022364], [127.36562350960841, 36.719953235485434]], [[127.36522875197694, 36.94531971940115], [127.36521287018894, 36.95433420050635]], [[127.36478138000692, 37.197719999193765], [127.36476529911175, 37.20673409560642]], [[127.36458793602927, 37.30588824796705], [127.36457176900406, 37.3149021792258]], [[127.36419793355925, 37.52221879519155], [127.36418159281479, 37.531232395640906]], [[127.36400136333128, 37.63038108966568], [127.36396849932508, 37.648407945451375]], [[127.36390268337706, 37.68446149126221], [127.36386973137985, 37.70248818126956]], [[127.3634720073351, 37.91880414722093], [127.3634553429552, 37.9278171395042]], [[127.379746866366, 34.79949718318618], [127.37973376892454, 34.80851489628138]], [[127.37968132093683, 34.84458561471684], [127.37966819437166, 34.85360326083166]], [[127.37931156407606, 35.09707463547222], [127.37927167383332, 35.12412640610101]], [[127.37917838963881, 35.187246733550396], [127.3791516836992, 35.205280991734824]], [[127.37912495402672, 35.22331519608111], [127.3791115802841, 35.232332278061236]], [[127.37904462240219, 35.27741748597262], [127.37901779758818, 35.29545147484797]], [[127.37900437624323, 35.30446844907493], [127.3789909489361, 35.31348540982613]], [[127.37859895156318, 35.5749714030977], [127.37858534415498, 35.58398795889953]], [[127.37857173070189, 35.59300450118074], [127.37854448565025, 35.61103754517555]], [[127.37847626704628, 35.656119918451886], [127.37846260513673, 35.66513635251682]], [[127.3779250296388, 36.016766711143866], [127.37788329064702, 36.043814345293264]], [[127.3775332937681, 36.269206536009676], [127.3775192128663, 36.278222046650164]], [[127.37750512570621, 36.2872375436642], [127.3774769325996, 36.305268496807614]], [[127.37717938714928, 36.49459021106354], [127.37716514893026, 36.50360538064937]], [[127.37709386282509, 36.54868102366655], [127.37705101504943, 36.575726245501045]], [[127.3768359168864, 36.71095050862513], [127.37682152593992, 36.71996535004037]], [[127.376677263973, 36.810113011057815], [127.37666280246101, 36.819127701818594]], [[127.37644510617565, 36.954346418138165], [127.37643054138086, 36.963360889497565]], [[127.37607903518442, 37.17970408243645], [127.37603483236279, 37.20674642494192]], [[127.37564925828731, 37.44110820414189], [127.37561941343854, 37.4591356475709]], [[127.37557459628934, 37.48617670930183], [127.37555964392682, 37.4951903689642]], [[127.37554468490266, 37.504204014834066], [127.37551474685702, 37.52223126519164]], [[127.375304431973, 37.64842047204403], [127.37524410063864, 37.684474034058816]], [[127.37483403825293, 37.92782979208361], [127.37481875574433, 37.936842774599995]], [[127.37478817027035, 37.95486869809185], [127.37477286729849, 37.963881639065136]], [[127.37452708897992, 38.108086810337774], [127.37451166949518, 38.11709951571975]], [[127.40164316050995, 34.77246358298587], [127.40162175209433, 34.79049908923533]], [[127.40121135751711, 35.13316351874668], [127.40120046384085, 35.142180741894975]], [[127.40108031352543, 35.241369308651045], [127.40105840487762, 35.259403418541304]], [[127.40099256204876, 35.31350542495769], [127.40098157117554, 35.3225223788704]], [[127.40070520689636, 35.5479418427946], [127.40069408837195, 35.55695844582645]], [[127.39985746054883, 36.2241494715559], [127.39984596536289, 36.233165057098056]], [[127.39971918062281, 36.332335598963105], [127.39967292321036, 36.368397205294414]], [[127.39959177461033, 36.431504491258714], [127.39958016133082, 36.440519763246726]], [[127.39956854288863, 36.44953502158626], [127.39951037315528, 36.49461110851139]], [[127.3994870690406, 36.51264144769684], [127.39947540921207, 36.521656596802]], [[127.39939364512843, 36.584762257983606], [127.39938194376165, 36.59377729777212]], [[127.39922935164881, 36.710971570561036], [127.39921757722199, 36.719986418849615]], [[127.39918222251225, 36.74703088158219], [127.39917042712456, 36.75604567511115]], [[127.39914682060798, 36.774075221088715], [127.39911137144381, 36.80111943733548]], [[127.39889768032636, 36.96338214448753], [127.3988738310836, 36.981411059873594]], [[127.39873028912757, 37.089583399048685], [127.39870629086708, 37.10761192996422]], [[127.39829503488268, 37.414088538482055], [127.39828284462573, 37.423102315442975]], [[127.397976316804, 37.648442257441566], [127.39796398453437, 37.65745567570825]], [[127.39751634161563, 37.981929526562816], [127.39750380421792, 37.99094243308879]], [[127.39069085239933, 34.79048976377824], [127.3906789509146, 34.79950749370685]], [[127.39024695740842, 35.12413684102526], [127.39023485870602, 35.13315407448071]], [[127.39010141771841, 35.23234275466876], [127.39008925436123, 35.24135982666343]], [[127.39006491143434, 35.259393930257154], [127.39004054687481, 35.277427979980274]], [[127.39001616066348, 35.295461975821], [127.38999175278117, 35.31349591776755]], [[127.38953627424169, 35.64711410826388], [127.3895238598303, 35.656130559374574]], [[127.38902273456426, 36.01677749325888], [127.3890100919945, 36.025793388443994]], [[127.38871775726763, 36.23315522464829], [127.38866661079442, 36.269217417713804]], [[127.38861537333224, 36.30527939279017], [127.38857688542443, 36.33232573099122]], [[127.38852548833242, 36.368387324383434], [127.38851262477753, 36.37740268863778]], [[127.38842241964362, 36.440509856422274], [127.38840951027171, 36.449525111519286]], [[127.38834487727627, 36.49460118222084], [127.38833193343156, 36.50361635539539]], [[127.38828010047969, 36.53967691149807], [127.38826712783522, 36.54869201636845]], [[127.38822817528411, 36.57573724898632], [127.38821517955232, 36.58475229919027]], [[127.38790154232814, 36.801109400230864], [127.38788840133496, 36.81012410831055]], [[127.38763760876657, 36.98140095717764], [127.38761108603752, 36.99942981109249]], [[127.38714309684057, 37.314925857799786], [127.38712961829951, 37.323939782967486]], [[127.38698095757853, 37.42309205075042], [127.38695385003385, 37.44111955667411]], [[127.38692671833329, 37.459147007458576], [127.38688597544053, 37.4861880802292]], [[127.38687238237372, 37.49520174357323], [127.38685878325089, 37.50421539312559]], [[127.38619884716529, 37.93685433068713], [127.38617104216829, 37.95488026163156]], [[127.38615713036532, 37.963893206332486], [127.38612928813579, 37.98191905418645]], [[127.41250500822746, 34.83559597830476], [127.41249546585686, 34.844613647171165]], [[127.41217817789239, 35.14218919484093], [127.41212969696205, 35.18727512289244]], [[127.41198360652609, 35.322530888129215], [127.41196405416319, 35.340564761166185]], [[127.41163892006378, 35.63811587317311], [127.41162899293293, 35.647132343835914]], [[127.41100481879838, 36.206127048426985], [127.41098439651587, 36.22415826612979]], [[127.41085120837595, 36.34135985313402], [127.41084093123015, 36.350375264429175]], [[127.41081007237567, 36.37742141650068], [127.41077917235165, 36.40446744582381]], [[127.41075854943584, 36.422498063828286], [127.41074823110172, 36.43151335236334]], [[127.41067587421114, 36.4946199899336], [127.4106551594306, 36.51265033493002]], [[127.4106447951326, 36.521665486941664], [127.41062405271059, 36.53969574998536]], [[127.41056171468425, 36.59378621118758], [127.41055130883841, 36.60280124021824]], [[127.41043653868272, 36.701965656994886], [127.41042607717208, 36.71098052189074]], [[127.41038418458194, 36.74703984460061], [127.4103736997868, 36.75605464105343]], [[127.4103632103283, 36.7650694238139], [127.4103527162043, 36.77408419288074]], [[127.40995046096255, 37.11663525826465], [127.40993978319078, 37.12564949232184]], [[127.40990772135005, 37.152692112034146], [127.40987561667464, 37.17973460803261]], [[127.40970366582863, 37.32395916265069], [127.40969287818048, 37.33297308033323]], [[127.40961723000311, 37.39607011850065], [127.40959557289328, 37.41409771971046]], [[127.4095847371029, 37.423111499646126], [127.40957389648588, 37.432125265800764]], [[127.40930130574213, 37.65746493750264], [127.40929033883202, 37.666478344952075]], [[127.4088922563268, 37.99095180613424], [127.40888110699393, 37.99996470182942]], [[127.40875813545935, 38.09910564003489], [127.40873571207601, 38.11713108498213]], [[127.31395168063877, 34.88959095162957], [127.31393134913182, 34.898608503125196]], [[127.31354332963875, 35.06993943109099], [127.3135228167098, 35.078956714011746]], [[127.31265299478437, 35.45767043777292], [127.31256930525541, 35.49373717055571]], [[127.31214862017647, 35.67406758964287], [127.31212748767012, 35.68308396851085]], [[127.31180937114748, 35.81832802564544], [127.31174549311174, 35.84537647100808]], [[127.3111020089312, 36.11585420246537], [127.31108041141204, 36.12486991611426]], [[127.31086390763852, 36.21502630382131], [127.310842204307, 36.224041867684306]], [[127.3107335428787, 36.269119482598654], [127.3106900106658, 36.28715043315261]], [[127.30994401224969, 36.59366823984555], [127.30992189999648, 36.602683230328985]], [[127.30976683866656, 36.66578778060823], [127.30972244672164, 36.68381752893763]], [[127.30967801528455, 36.70184722250223], [127.3096335443189, 36.719876861291915]], [[127.30929874842026, 36.855097405250135], [127.30923152081839, 36.882141143871586]], [[127.30766025597858, 37.50411298873928], [127.30754450960089, 37.54918086375618]], [[127.3069853233898, 37.76550185675525], [127.30696189391216, 37.77451505865554]], [[127.35785175083038, 34.81750901336099], [127.35783625830146, 34.82652669179631]], [[127.35698935968264, 35.31346139169631], [127.35697348402267, 35.32247833100378]], [[127.3566705029516, 35.493797614897716], [127.35663846122718, 35.51183094023164]], [[127.35657429233082, 35.54789742875675], [127.35655823228664, 35.55691401709991]], [[127.3559262940852, 35.90855040434441], [127.35587722851741, 35.93559850316846]], [[127.35586085879252, 35.94461450895756], [127.3558444817943, 35.95363050116824]], [[127.35579530712724, 35.98067839631613], [127.35577890100306, 35.989694334199456]], [[127.35566385383768, 36.05280551891898], [127.35564738930358, 36.061821348082034]], [[127.35561443828375, 36.07985296561834], [127.35554844834485, 36.115916037493825]], [[127.35538295951152, 36.20607276469612], [127.35536637015193, 36.215088362541216]], [[127.35529993895315, 36.251150617718324], [127.35528331269659, 36.2601661474551]], [[127.35515003634094, 36.33228989471487], [127.35509993542945, 36.35933607497601]], [[127.35493244914991, 36.44948912237162], [127.3548988624764, 36.46751956805403]], [[127.35486524593338, 36.48554995911329], [127.35484842645226, 36.494565134156026]], [[127.35423791827341, 36.81910232842442], [127.3542208198213, 36.82811699721103]], [[127.35399784652424, 36.945306443696985], [127.3539806412687, 36.95432092048049]], [[127.35351319397446, 37.19770660210097], [127.35349577301979, 37.20672069416362]], [[127.35333863498794, 37.28784690350419], [127.35330362984695, 37.30587479860688]], [[127.35286342508128, 37.53121883691492], [127.35284571473595, 37.54023241917815]], [[127.35268596607126, 37.62135403840283], [127.35266817664498, 37.63036748261333]], [[127.35252557548934, 37.702474538991254], [127.35247196884156, 37.72951445712764]], [[127.35209470815383, 37.9187903988598], [127.35207665509158, 37.92780338670966]], [[127.33587548853393, 34.871587314817916], [127.33583963322752, 34.88962247906794]], [[127.33547932277239, 35.06997116924833], [127.33542499960332, 35.09702300936152]], [[127.33456441864384, 35.52081934723814], [127.3345459125318, 35.52983596678589]], [[127.3345088756411, 35.547869165332365], [127.33449034485517, 35.556885744328206]], [[127.33383655483252, 35.872457481331935], [127.33376118674668, 35.908521765410406]], [[127.33319163700932, 36.1789969666889], [127.3331342634141, 36.206043813435805]], [[127.33294246481104, 36.296199083769054], [127.33286550641654, 36.33226081024985]], [[127.33267251086677, 36.422414171581984], [127.3326531640957, 36.431429432653665]], [[127.33236192827141, 36.56665670967051], [127.3323424434202, 36.57567175214254]], [[127.33200987215785, 36.72892538109454], [127.33195092172441, 36.75596972847238]], [[127.33179333555, 36.8280873853105], [127.33173409604146, 36.855131280465265]], [[127.33155590251364, 36.93626222532488], [127.33153605916283, 36.94527670615254]], [[127.33117736512014, 37.107535012940225], [127.33115735331656, 37.11654923279002]], [[127.33093663468802, 37.215704743524135], [127.33083595025248, 37.260774879883]], [[127.33016578164195, 37.55822914129572], [127.33012484791814, 37.57625618953568]], [[127.32973415271897, 37.747510392040226], [127.32969283412498, 37.76553685993751]], [[127.32944414740187, 37.873694505257674], [127.32942336338328, 37.88270755241063]], [[127.32940257009419, 37.891720585718986], [127.32931930414459, 37.92777258048466]], [[127.32894276334214, 38.09000381364283], [127.3289217556086, 38.0990165282296]], [[127.2813822333953, 34.79034252033705], [127.2813346173416, 34.80837786845231]], [[127.28111982080391, 34.889536271354785], [127.28109590147004, 34.898553804614515]], [[127.27882431703858, 35.737125545413406], [127.27877442776362, 35.75515806271158]], [[127.27869951070585, 35.782206736971304], [127.27867451616127, 35.791222934602246]], [[127.27741052624495, 36.2420154938769], [127.27735938029346, 36.26004648851501]], [[127.2771286601849, 36.341185289324315], [127.27692279954502, 36.413307739893696]], [[127.2755667121571, 36.88208233424082], [127.27554032503168, 36.89109686718845]], [[127.27551392616711, 36.900111386411716], [127.27546109319866, 36.91814038368022]], [[127.2748234173596, 37.13448406494637], [127.27479669947097, 37.143498213149364]], [[127.27442139776342, 37.26969484281282], [127.27434067123781, 37.296736626587084]], [[127.27431373842839, 37.30575052695621], [127.27428679362586, 37.31476441354556]], [[127.27425983682461, 37.32377828635396], [127.27423286801901, 37.33279214538025]], [[127.27371817238685, 37.50405284672965], [127.27369096230855, 37.51306642986973]], [[127.27366374010704, 37.52207999920343], [127.27363650577658, 37.53109355472959]], [[127.27289657315337, 37.77445433055467], [127.27278619425682, 37.8105069213396]], [[127.27275856876304, 37.819520034430255], [127.27270328081094, 37.83754621907718]], [[127.27181193336085, 38.12595763498738], [127.27175580046611, 38.14398287689245]], [[127.27167150711388, 38.1710206356252], [127.27164338423643, 38.18003319409865]], [[127.2915844467802, 35.078920996769156], [127.29156151043415, 35.087938254362925]], [[127.29070566427194, 35.4215673182928], [127.29068233754099, 35.43058406378908]], [[127.29002496507194, 35.683047449398984], [127.28988303280136, 35.73714536577903]], [[127.28974072178362, 35.79124279422942], [127.2897169663864, 35.80025898484556]], [[127.28890297214996, 36.1068013864713], [127.28887884452621, 36.11581710154417]], [[127.28858847535435, 36.22400462033092], [127.28853992979687, 36.242035682736876]], [[127.28849134107915, 36.26006669062139], [127.28846703052295, 36.26908217411477]], [[127.28807658882222, 36.41332805483711], [127.28805209391376, 36.42234330636681]], [[127.28751044221289, 36.6206753825644], [127.28741138970221, 36.65673504882796]], [[127.28733698463395, 36.68377965478262], [127.28731216088222, 36.692794496047796]], [[127.28676323628999, 36.891117536742264], [127.2867381573351, 36.90013206269795]], [[127.28610754382287, 37.12549074809204], [127.28608217308734, 37.13450491682553]], [[127.28562356365236, 37.29675760065626], [127.28559797744879, 37.305771507828865]], [[127.28557237985173, 37.31478540122328], [127.28554677085585, 37.32379928083835]], [[127.2855211504558, 37.332813146672905], [127.28549551864627, 37.341826998725786]], [[127.28503218894103, 37.50407397768501], [127.28498047820476, 37.5221011438414]], [[127.28414680850614, 37.81052828578658], [127.28412056425095, 37.81954140577335]], [[127.28406804062426, 37.8375676042175], [127.28396285274992, 37.87361983495755]], [[127.28324790469391, 38.11696659306095], [127.28322125937676, 38.125979241788144]], [[127.28316793305274, 38.14400449760396], [127.2830878542569, 38.17104227721548]], [[127.3250674907153, 34.80844859236744], [127.32502936383541, 34.826483934100224]], [[127.32400656056971, 35.30440092056362], [127.32398703002765, 35.31341785891402]], [[127.32321853337449, 35.66506792413425], [127.3231986527669, 35.67408432206734]], [[127.32281923864322, 35.84539330862235], [127.32275903790571, 35.87244164852508]], [[127.32221360580559, 36.11587120707829], [127.32207112627435, 36.1789809558879]], [[127.32200992783655, 36.206027786864084], [127.32198951022292, 36.21504336994926]], [[127.32182584230208, 36.287167544114766], [127.32180534287347, 36.29618300455102]], [[127.32116532072813, 36.57565550895966], [127.3211445276675, 36.584670532449756]], [[127.32083151992161, 36.71989424297845], [127.32078962761031, 36.737923838327994]], [[127.32034750145475, 36.92723127965239], [127.3203263446496, 36.936245768847144]], [[127.31992257186077, 37.10751845445393], [127.31990122595982, 37.11653266892234]], [[127.31886536735739, 37.54919877280304], [127.31884355064625, 37.55821231218698]], [[127.31809596800713, 37.864664429289746], [127.31807380829541, 37.87367748479678]], [[127.31805163869988, 37.88269052645896], [127.3180294592158, 37.89170355427522]], [[127.31751659099463, 38.09899937010188], [127.31747174453416, 38.117024746614554]], [[127.3459885753587, 35.31344788151172], [127.34597147850926, 35.322464816338076]], [[127.34561068504986, 35.51181733123526], [127.34559342033157, 35.52083396913374]], [[127.34557614794379, 35.52985059351889], [127.34552428472931, 35.556900385579716]], [[127.34479089671197, 35.93558468146193], [127.34477326779336, 35.944600682701115]], [[127.34475563104196, 35.95361667036086], [127.34470267375592, 35.98066455184982]], [[127.34443682607669, 36.11590212459502], [127.34440124567736, 36.13393356977081]], [[127.34429431458561, 36.18802757866364], [127.34425860749471, 36.2060588060473]], [[127.34380958102494, 36.43144454859922], [127.3437734429319, 36.44947503967996]], [[127.34320917462449, 36.72894066092003], [127.34319084262602, 36.73795546206141]], [[127.34276694872337, 36.945292105946656], [127.34274842000379, 36.954306578062734]], [[127.34222625468347, 37.20670622061572], [127.34220748532066, 37.21572029422191]], [[127.34211351308639, 37.26079045583438], [127.34205702926907, 37.287832387624746]], [[127.34154526523538, 37.53120419350136], [127.34152619257381, 37.54021777102545]], [[127.34144981690395, 37.57627194309732], [127.34135415571286, 37.62133934754726]], [[127.34112369737619, 37.729499709192496], [127.34108516768035, 37.74752624263775]], [[127.34034653683793, 38.09001985964167], [127.34030731360951, 38.108045285278955]], [[127.24864453939738, 34.772243846573346], [127.24858982979396, 34.79027920601476]], [[127.24831555147668, 34.88045519872148], [127.24828805657387, 34.88947272420943]], [[127.24698192313006, 35.31328125669826], [127.24695383575556, 35.32229813625761]], [[127.24670048725083, 35.40344944490863], [127.24664404992846, 35.42148292051731]], [[127.24579144669131, 35.69197856354425], [127.24576283047224, 35.70099487512457]], [[127.2456195585721, 35.74607622968496], [127.24556216066331, 35.76410867659017]], [[127.24454939891277, 36.07966770474651], [127.24446185585019, 36.106714846365946]], [[127.2440517752074, 36.23293321962392], [127.24402238600827, 36.241948715491404]], [[127.24387524397093, 36.28702599025002], [127.24384577631349, 36.296041404276664]], [[127.24369824144861, 36.34111826971133], [127.24366869511832, 36.35013360184929]], [[127.24346150274465, 36.41324054446436], [127.24343185118191, 36.42225576734347]], [[127.24253614788633, 36.6927060944601], [127.24250608489011, 36.70172089317562]], [[127.2419626587446, 36.86398492558524], [127.24193234066578, 36.872999463724625]], [[127.24178054783481, 36.9180719484912], [127.24175014873747, 36.92708640424978]], [[127.23965094838071, 37.54003711137376], [127.239588239903, 37.55806410807752]], [[127.23889474575529, 37.75635742201847], [127.23886306144517, 37.76537059537518]], [[127.23751948040875, 38.143911362399145], [127.23745487022623, 38.161936502737746]], [[127.25925826598655, 34.880477358914476], [127.25923196647592, 34.88949489179373]], [[127.25867696961409, 35.078859979970375], [127.25859726091001, 35.105911651494104]], [[127.25765943606987, 35.421505527027335], [127.25763242628017, 35.43052225205609]], [[127.25749719724932, 35.47560567452932], [127.25747011538927, 35.484622318479694]], [[127.25684390132712, 35.69200139541454], [127.25667948635902, 35.74609910680662]], [[127.25662458392947, 35.76413156880899], [127.25659711442007, 35.773147779467294]], [[127.2556558538445, 36.07969086225738], [127.25562795392115, 36.0887065973552]], [[127.25503918298762, 36.27803388791456], [127.25501100901202, 36.28704932323284]], [[127.25498282251432, 36.29606474490938], [127.25484170199458, 36.341141648619555]], [[127.25315257692114, 36.87302329759688], [127.25312356407387, 36.88203782977378]], [[127.25233531867646, 37.12542500591064], [127.25224714989372, 37.15246740674269]], [[127.25159696893769, 37.350774559266675], [127.25156726368682, 37.35978836226529]], [[127.25117988928156, 37.47696654591185], [127.25114999825213, 37.48598015574139]], [[127.25112009390601, 37.49499375176449], [127.25109017623693, 37.50400733397999]], [[127.26964611759095, 35.07888131102381], [127.2696207669588, 35.087898555415016]], [[127.26867483420435, 35.42152712882887], [127.26864905209588, 35.43054386101293]], [[127.26771322868284, 35.755137212187044], [127.26763456587928, 35.78218586580702]], [[127.26630796774701, 36.23297875890666], [127.26628113405097, 36.24199426971368]], [[127.26620056138633, 36.26904072032883], [127.26617367995453, 36.27805617659413]], [[127.26603909347409, 36.32313325331274], [127.26598517509692, 36.341163988491765]], [[127.26353661977575, 37.14347628484485], [127.26350855354507, 37.1524904121655]], [[127.26291626777619, 37.34178390520643], [127.26288792534385, 37.35079772950419]], [[127.26246127086861, 37.48600343884272], [127.2624327257681, 37.495017042404314]], [[127.26231841813224, 37.53107131858108], [127.26228980938487, 37.540084853102165]], [[127.26157043213627, 37.76541872444641], [127.26151253494929, 37.783445060716204]], [[127.26028468832155, 38.16198531919393], [127.26025517252157, 38.17099788423522]], [[129.29714057633106, 35.49852903838987], [129.29734141229258, 35.5075412803353]], [[129.2981456482693, 35.54359010330452], [129.29834693049483, 35.55260227283381]], [[129.29955650205792, 35.60667498566806], [129.29975841072593, 35.61568705373179]], [[129.29996040904547, 35.62469910729257], [129.30076929964062, 35.66074717646683]], [[129.30770317510226, 35.967146376571755], [129.30832002767218, 35.99418079209127]], [[129.31453395976772, 36.26451771931791], [129.31474251996698, 36.27352872355948]], [[129.3237988161643, 36.66098802786857], [129.3240114931532, 36.66999838599999]], [[129.33520198669638, 37.13851667293453], [129.33541973440944, 37.14752624804522]], [[129.35120868507707, 35.45263541248817], [129.35162182955892, 35.47065947576492]], [[129.35327808025423, 35.54275514744068], [129.35410841384478, 35.57880263419442]], [[129.3608044288068, 35.86717413329663], [129.3612260965559, 35.88519685559948]], [[129.3644005676058, 36.02036540728704], [129.36461295165608, 36.02937652691565]], [[129.37971668822297, 36.6601183725714], [129.37993587668922, 36.66912844689499]], [[129.25364565056134, 35.526215119277474], [129.2538418274378, 35.53522753250437]], [[129.2540380914214, 35.54423993129325], [129.2542344425509, 35.55325231564219]], [[129.25443088086513, 35.56226468554919], [129.25502071930518, 35.58930170859929]], [[129.2564000677326, 35.65238758988626], [129.2573879442419, 35.697448499803215]], [[129.2712469845445, 36.31925200299327], [129.2714509784315, 36.32826313832473]], [[129.279477840546, 36.67968600555495], [129.2801010719968, 36.70671761050836]], [[129.28030900053108, 36.71572811612944], [129.28051702149486, 36.72473860706579]], [[129.28093334088115, 36.742759544877025], [129.2811416393888, 36.7517699917483]], [[129.28364845649182, 36.85989420771065], [129.28406756093247, 36.87791470446379]], [[129.3406053655621, 35.47082803547935], [129.34081084724008, 35.479840101091526]], [[129.3430771760568, 35.57897186396277], [129.34349042611086, 35.59699563185999]], [[129.345147100143, 35.66909012138642], [129.34535459837858, 35.67810186706232]], [[129.2652626966812, 35.55309131693608], [129.2654603683752, 35.56210363362582]], [[129.27565888111974, 36.02171257383673], [129.2760635475129, 36.039735684147324]], [[129.28176677638294, 36.292053107385925], [129.2819717777003, 36.30106423232357]], [[129.291291730739, 36.706549702531035], [129.29150096472333, 36.7155601533812]], [[129.29233883118098, 36.75160180979049], [129.29275832332206, 36.76962254977481]], [[129.29338826114014, 36.79665354943492], [129.29422948597025, 36.83269467631494]], [[129.30101341333335, 37.12101520239498], [129.30122697050973, 37.130024975296074]], [[129.39547523463025, 35.460963391055245], [129.39674581277293, 35.51503396040966]], [[129.3969579049875, 35.5240456709101], [129.39717009136825, 35.53305736681689]], [[129.40015061168648, 35.659219576041295], [129.400364215609, 35.66823105279958]], [[129.40487187171405, 35.857468682978556], [129.40508757197446, 35.86647983749607]], [[129.42400074188444, 36.64138403386977], [129.42422493939853, 36.650393904671915]], [[129.32979306386082, 35.48000771140686], [129.32999740803822, 35.48901981794786]], [[129.33389723211152, 35.66024708278863], [129.33410339857508, 35.669258898722994]], [[129.33907895080733, 35.88553811124071], [129.3394959781007, 35.903560999764345]], [[129.33970463065003, 35.912572422123525], [129.33991337585675, 35.921583829878365]], [[129.34221570046637, 36.02070835073579], [129.34263551438215, 36.03873080080689]], [[129.34791476762564, 36.26400648351368], [129.34812715929652, 36.273017320183826]], [[129.35713333969807, 36.65145917917558], [129.35734982748474, 36.66046938281216]], [[129.3857235736232, 35.51520682482422], [129.38614539025338, 35.53323034556784]], [[129.39380247982777, 35.85764372843366], [129.39401692846548, 35.86665494059526]], [[129.4130432518519, 36.65057407271511], [129.4132662475595, 36.659583987477305]], [[129.3751205954765, 35.53340231726322], [129.37533041242054, 35.54241411261575]], [[129.24281595131956, 35.535387417436475], [129.2430109829781, 35.54439986908639]], [[129.2463398024336, 35.69760933801732], [129.2465363988056, 35.70662152966084]], [[129.26808474635388, 36.67084208033091], [129.2682910024187, 36.67985269905098]], [[129.2693236588008, 36.72490557264048], [129.26973736430224, 36.742926619370735]], [[129.27181141719842, 36.8330309720745], [129.27243543296314, 36.86006199140198]], [[129.2726436232206, 36.8690723017781], [129.27285190605056, 36.87808259745136]], [[129.40819469827497, 35.53288338103798], [129.40883551975162, 35.55991820857913]], [[129.41615811970289, 35.86630371501093], [129.4165923124335, 35.88432586403514]], [[129.41986372869528, 35.55974304220474], [129.4200787589164, 35.56875456426841]], [[129.4531665108093, 35.56822284176683], [129.45338533795555, 35.57723417349377]], [[129.36723422645355, 35.66874953025045], [129.36744420502546, 35.67776116351029]], [[129.3757065058701, 36.02920346049579], [129.3761340822232, 36.047225542016065]], [[129.39089997281573, 36.659941293475576], [129.3911204634443, 36.668951310011046]], [[129.4440991783757, 35.64950307869412], [129.44431764276388, 35.65851433733626]], [[129.44892786797362, 35.84774737562702], [129.44936918265367, 35.86576923152348]], [[129.15257439989313, 35.43748779451804], [129.1527586695206, 35.446500814664816]], [[129.1583249705401, 35.71688475309158], [129.15851179372163, 35.725897328527886]], [[129.17334258858958, 36.42883377503685], [129.1737296622222, 36.446856628688124]], [[129.17489294884786, 36.50092484105995], [129.17508713161743, 36.50993615893498]], [[129.18649868025003, 37.03256767006624], [129.18689745429512, 37.05058857010677]], [[127.20686268411183, 34.22204358277099], [127.20683143787774, 34.23106205141951]], [[127.20425381632501, 34.96151365948736], [127.204156556007, 34.98856573434424]], [[127.2034720929086, 35.177926867870326], [127.2034065723751, 35.19596095178994]], [[127.20297926734865, 35.31318118244327], [127.20294629542964, 35.32219802880958]], [[127.20281426121973, 35.35826527925276], [127.2027812160013, 35.36728205810069]], [[127.20151456035914, 35.709909631494725], [127.20144730025471, 35.72794211984]], [[127.20127888836426, 35.77302310327573], [127.20121141881548, 35.79105540164936]], [[127.20100865018064, 35.84515197090712], [127.20094094045974, 35.86318405200122]], [[127.20008947383776, 36.088580476479144], [127.20005521808869, 36.09759615652159]], [[127.19947053573914, 36.250860631839956], [127.19908985165426, 36.35002966188887]], [[127.19874215667895, 36.44018189126816], [127.19860264543608, 36.47624240023143]], [[127.19856772885363, 36.48525749327831], [127.19853279674831, 36.49427257264501]], [[127.19828783677283, 36.55737774505737], [127.19821770809666, 36.57540767112231]], [[127.19715826054589, 36.84584998364212], [127.19712270164565, 36.85486451474686]], [[127.19619259652609, 37.089237499727034], [127.19615660794899, 37.0982516596195]], [[127.19521526086643, 37.332614981526255], [127.19514239727644, 37.3506425433203]], [[127.1948502931734, 37.42275223843664], [127.19470385042187, 37.45880675462803]], [[127.19221172969831, 38.06268698958202], [127.19209839115922, 38.0897249473236]], [[127.1918333437298, 38.15281302915821], [127.1916815158419, 38.188863055896896]], [[127.23777317789401, 34.754185396368676], [127.23771614039885, 34.77222079401947]], [[127.2373441588879, 34.88944957142725], [127.237315455851, 34.89846707577256]], [[127.2372580115133, 34.91650204418844], [127.23720051611974, 34.934536958894434]], [[127.23665175488675, 35.10586596748416], [127.23662274423342, 35.11488314922244]], [[127.2359519306023, 35.32227461095953], [127.23592260906322, 35.331291469223316]], [[127.2357169932568, 35.394409099080974], [127.2356875673532, 35.40342584933033]], [[127.23545168905689, 35.47555936490019], [127.2354221452991, 35.48457599352144]], [[127.23470914440657, 35.700971020661086], [127.23467927078515, 35.70998731081274]], [[127.23434978372953, 35.80916560738491], [127.23431975045843, 35.81818173475518]], [[127.23341252075019, 36.08865923758181], [127.2333820710393, 36.09767494350506]], [[127.23289303129528, 36.24192438543972], [127.23283165651716, 36.25995532029942]], [[127.23131080656117, 36.70169615377906], [127.23127942257739, 36.71071093071721]], [[127.2308069843179, 36.8459309393237], [127.23074375410309, 36.863960040568756]], [[127.22985259902012, 37.11636168788473], [127.2298205662711, 37.1253758330418]], [[127.22901509639622, 37.35072498582733], [127.22898269077164, 37.35973877275416]], [[127.22826610369138, 37.558038593197104], [127.22823336440894, 37.567052062567996]], [[127.22614108875425, 38.134872724175544], [127.22610740171243, 38.1438853067951]], [[127.30200749121143, 35.304366906294014], [127.30198551940059, 35.31338383336109]], [[127.30169899607966, 35.43060265760197], [127.30163264005515, 35.45765283153413]], [[127.30078443281423, 35.80027783226234], [127.30073939253293, 35.81831018523279]], [[127.29999042164998, 36.11583616728637], [127.29996755371538, 36.12485187501073]], [[127.29878771150602, 36.584634890645575], [127.29876430896577, 36.593649888812664]], [[127.29874089601964, 36.60266487329989], [127.29869403889067, 36.62069480122964]], [[127.2986001995518, 36.656754492874704], [127.29857671363064, 36.6657693815672]], [[127.29850619318276, 36.692813965499354], [127.298482665456, 36.70182879942407]], [[127.29800990717533, 36.88212260027508], [127.29798615870057, 36.89113714633929]], [[127.29796239966049, 36.90015167868216], [127.29789105909957, 36.927195193370494]], [[127.29741301442532, 37.10748213266228], [127.29736497557231, 37.125510524238756]], [[127.29535808996758, 37.86462710617794], [127.29533316035173, 37.873640149643606]], [[127.29450421332308, 38.17106280900243], [127.29447890266485, 38.18007538104474]], [[127.21523844796154, 34.952522443660946], [127.21520725627035, 34.961539837549935]], [[127.21467487228718, 35.11483347630225], [127.2146119741849, 35.132867766356284]], [[127.21397991068892, 35.31320770206909], [127.2139163950004, 35.33124139889516]], [[127.21378919424494, 35.36730863053212], [127.21372550907778, 35.385342165319464]], [[127.21337422770513, 35.484525640434654], [127.21334220785533, 35.493542238868706]], [[127.21227753504891, 35.79108239014086], [127.21221250651641, 35.8091146520122]], [[127.21217997058088, 35.81813076258367], [127.21208227601936, 35.84517901282454]], [[127.21060112615167, 36.25088807674428], [127.21056787420622, 36.259903520369825]], [[127.20993327163727, 36.43119435516563], [127.20989972283877, 36.440209525636426]], [[127.20939469737023, 36.57543544137712], [127.209360909129, 36.584450392946145]], [[127.20885227881762, 36.71967302267829], [127.20881824936987, 36.728687755015606]], [[127.20837448677294, 36.84587802707528], [127.20834024480683, 36.85489256731852]], [[127.20806576011576, 36.927008394865005], [127.2079625762828, 36.954051603513285]], [[127.207409930663, 37.09827995973314], [127.2073405729222, 37.11630825661797]], [[127.20650344662376, 37.33264352149163], [127.20646837189992, 37.34165731854197]], [[127.20594037253115, 37.4768626181462], [127.20590504700579, 37.48587619432364]], [[127.20555092495339, 37.57601119611577], [127.20547991103697, 37.594038030600295]], [[127.20328329006361, 38.14382986945354], [127.20324677960598, 38.15284242034193]], [[127.22637037499986, 34.89844292974613], [127.22631053724318, 34.916477882056824]], [[127.22625064630343, 34.93451278065071], [127.226190702134, 34.952547625515514]], [[127.2247359507841, 35.38536775200544], [127.22470531246074, 35.39438450761522]], [[127.2244289543647, 35.47553470003532], [127.2243981796667, 35.484551320492166]], [[127.2233124088904, 35.8001245065217], [127.22328113817663, 35.80914063923523]], [[127.22112180661027, 36.42220574522313], [127.22108956242823, 36.4312209380636]], [[127.22008285058814, 36.71068513019631], [127.22005014445405, 36.71969988500847]], [[127.21775792223805, 37.34168479047193], [127.21772418146294, 37.3506985826337]], [[127.21725022963568, 37.47689022390526], [127.21721626272391, 37.48590380902151]], [[127.21690987870102, 37.56702545337665], [127.21687576014352, 37.57603890031831]], [[127.21619018661377, 37.756304934661685], [127.21615574726258, 37.76531809106781]], [[127.21473042866256, 38.134845568598585], [127.2146953380552, 38.143858142478386]], [[126.51123398349489, 34.29055242956282], [126.51081105718262, 34.326620903493485]], [[126.50664789056192, 34.67827711424047], [126.50654019129887, 34.68729366749099]], [[126.50295914490415, 34.98483225299217], [126.5028498068746, 34.99384834095054]], [[126.50274042027584, 35.00286441519428], [126.50252150128549, 35.020896522531146]], [[126.49843623011513, 35.35448059555372], [126.498213486634, 35.37251163036742]], [[126.48377417944667, 36.50835514200205], [126.48365631841362, 36.517368889389175]], [[126.48223789252917, 36.6255327671696], [126.48211934851747, 36.63454633270165]], [[126.47889865775073, 36.87790730571093], [126.47829797868962, 36.92297303038288]], [[126.47769596239777, 36.96803840393538], [126.47733410946249, 36.99507745945637]], [[126.47624564881853, 37.076193866843575], [126.47612443951719, 37.085206730673434]], [[127.63131403411795, 34.88064479233335], [127.63132837946361, 34.88966238105838]], [[127.63177626046867, 35.16920097381211], [127.63179081116809, 35.178218132741]], [[127.63202450341154, 35.32249084459179], [127.63203916438883, 35.331507774568934]], [[127.63212726712274, 35.38560907127963], [127.63215668691115, 35.40364272894732]], [[127.63224510323245, 35.457743378079755], [127.63227462773584, 35.47577681979503]], [[127.63233375547699, 35.51184354116295], [127.63234855383233, 35.52086018773346]], [[127.63236335876154, 35.52987682079253], [127.63237817026753, 35.538893440338704]], [[127.632511770262, 35.620042407937795], [127.6325266476976, 35.62905889227637]], [[127.63257131967123, 35.65610826411483], [127.6325862235612, 35.6651246943305]], [[127.63320301797394, 36.034786664088905], [127.63321820252062, 36.04380252466348]], [[127.63326379665631, 36.070850024826825], [127.6332942265236, 36.08888162362186]], [[127.6338775616087, 36.43147165308301], [127.63389304594835, 36.44048691432202]], [[127.63414173368673, 36.58472923674124], [127.63417294420199, 36.6027592810639]], [[127.63434509896648, 36.701923546870006], [127.63436079118961, 36.710938398022364]], [[127.63439219657575, 36.728968059258], [127.63443935705295, 36.756012448420044]], [[127.63450233563411, 36.79207144222621], [127.63461281807997, 36.85517415386917]], [[127.63504220169241, 37.098564031074744], [127.63513832278674, 37.15264931082671]], [[127.63559029776869, 37.40504073424719], [127.6356065441724, 37.41405451396723]], [[127.63599863666873, 37.63038108966568], [127.63601506501074, 37.63939452446429]], [[127.63609731662295, 37.68446149126221], [127.63611378895007, 37.693474843174975]], [[127.5984963347911, 34.88969341599874], [127.59850709860264, 34.89871100166635]], [[127.59879953615916, 35.142180741894975], [127.59881043467492, 35.151197951595556]], [[127.59895255674626, 35.26842045328671], [127.59896352323962, 35.277437474563676]], [[127.59900743795126, 35.31350542495769], [127.59901842882448, 35.3225223788704]], [[127.59931703509172, 35.56597503534342], [127.59932816349676, 35.57499161134408]], [[127.59961924372296, 35.80941783848905], [127.59964177405081, 35.827450245983734]], [[127.59968689479649, 35.86351489827611], [127.5997094852504, 35.88154714305164]], [[127.59986818162879, 36.00777133653162], [127.59987955489522, 36.016787248511044]], [[127.60000499486561, 36.115961383308296], [127.60001642892614, 36.124977132165924]], [[127.60005076160341, 36.152024297119894], [127.6000966097493, 36.18808699323097]], [[127.60010808452311, 36.19710263323299], [127.60013104937174, 36.21513387239678]], [[127.60037341650353, 36.40445859341681], [127.60038501430921, 36.41347390634245]], [[127.6007471151977, 36.69294183292482], [127.60075887915856, 36.70195670858569]], [[127.60080598734389, 36.738016074361454], [127.60081777748776, 36.74703088158219]], [[127.6012457339596, 37.07155481317988], [127.60126971087244, 37.089583399048685]], [[127.60138991604919, 37.179725503902446], [127.6014019660157, 37.18873963878114]], [[127.6023336449918, 37.87377356823604], [127.60235859150329, 37.89179969971475]], [[127.60243356468234, 37.94587776196698], [127.60244607972984, 37.954890723887615]], [[127.6025966965795, 38.063045186560025], [127.60262187788126, 38.0810707363512]], [[127.60287493106895, 38.26132318327893], [127.60288764313596, 38.27033565992692]], [[127.56565707439779, 34.8806979773804], [127.56566424709573, 34.88971558384484]], [[127.56575056844807, 34.99792581548419], [127.56575778268468, 35.006943247580196]], [[127.56583010156427, 35.097116829995095], [127.56584460392571, 35.11515138526275]], [[127.5660049830357, 35.31352794200611], [127.56601231029533, 35.32254490338742]], [[127.56614475897227, 35.484847902506864], [127.56615214832424, 35.493864607602454]], [[127.56617433608126, 35.520914641864344], [127.56618914435164, 35.538947930503845]], [[127.56639784725255, 35.79140829192882], [127.56640534903798, 35.80042453711766]], [[127.56649563085382, 35.90861842198509], [127.56651072466515, 35.92665054624329]], [[127.56659398075621, 36.0258262590674], [127.56660156968489, 36.03484215147365]], [[127.56690790832188, 36.39546669202792], [127.5669156367686, 36.40448202626774]], [[127.56697758815223, 36.476604208981925], [127.566985347575, 36.48561942040122]], [[127.56699311044743, 36.49463461816732], [127.56700087677112, 36.50364980227892]], [[127.56701641977847, 36.52168012953356], [127.5670319766098, 36.53971040215485]], [[127.56723547918358, 36.77409896995902], [127.56724335328484, 36.783113730150134]], [[127.56728277635881, 36.82818732565595], [127.56729857015019, 36.84621666795862]], [[127.56732228719402, 36.87326057863206], [127.56733019991023, 36.88227518811013]], [[127.56747323233851, 37.04453581336129], [127.56749718263288, 37.07157881858334]], [[127.56758527442635, 37.17073544662633], [127.56760133749881, 37.18876374578484]], [[127.56797476354653, 37.60339942799467], [127.56799117366067, 37.62142640462926]], [[127.568205841585, 37.855772072717976], [127.56822245779315, 37.87379827548167]], [[127.56835592237856, 38.01800590455921], [127.56837267252928, 38.03603160893685]], [[127.56839782579772, 38.063070061590594], [127.56841461335907, 38.08109562740568]], [[127.56855791427283, 38.23431069761541], [127.5685748448131, 38.252335736417955]], [[127.57659991207852, 34.880691575468575], [127.57660828022259, 34.88970917979771]], [[127.57663340696952, 34.91676191235332], [127.57665856722274, 34.94381452422924]], [[127.57698871977124, 35.295487478208415], [127.57700580531743, 35.31352143707825]], [[127.57717749808064, 35.493858059432874], [127.57720338378613, 35.52090808719214]], [[127.57722066009413, 35.53894137149419], [127.57722930400458, 35.54795799337965]], [[127.57746414670706, 35.7914016719932], [127.57747289878627, 35.80041791499912]], [[127.57754305554616, 35.87254737106536], [127.57756063372432, 35.89057959948075]], [[127.57756942867128, 35.899595693340665], [127.57757822752583, 35.90861177363357]], [[127.57806823421251, 36.40447525677454], [127.578086279273, 36.42250587989469]], [[127.57814956345086, 36.48561263094098], [127.57815862013136, 36.49462782648599]], [[127.57816768083832, 36.50364300837601], [127.57818581433894, 36.52167333118594]], [[127.57834060175362, 36.67492886813474], [127.57834974337821, 36.68394377665648]], [[127.57843220116854, 36.765077337523365], [127.57844138353174, 36.77409210917128]], [[127.57848735664834, 36.819165761972094], [127.57849656354499, 36.82818045143581]], [[127.57851498962673, 36.846209789256875], [127.57854265949884, 36.87325369320402]], [[127.57884947779927, 37.17072848689912], [127.57885884583551, 37.17974264109217]], [[127.5793326056538, 37.63043279655043], [127.57934218888522, 37.63944624806747]], [[127.57976810850104, 38.0360244297532], [127.57979745396733, 38.06306287546744]], [[127.58000397605632, 38.25232850157684], [127.58001385881691, 38.26134099783317]], [[127.62079492813352, 35.169212421539676], [127.62090179939962, 35.241349346577394]], [[127.6210359235751, 35.33151929089535], [127.62106281996667, 35.34955311804389]], [[127.62108974025973, 35.36758689126007], [127.62111668447552, 35.38562061053221]], [[127.62131953077956, 35.52087178443339], [127.62133310197495, 35.52988842132902]], [[127.62145551434976, 35.61103754517555], [127.62146914595375, 35.62005404688632]], [[127.62148278361342, 35.62907053507074], [127.62152373295373, 35.656119918451886]], [[127.62177057814368, 35.818413659859026], [127.62183949722153, 35.86349447550017]], [[127.62206106972084, 36.00775080591717], [127.62207497036121, 36.016766711143866]], [[127.62208887717817, 36.02578260278302], [127.62210279017451, 36.034798480833274]], [[127.622116709353, 36.043814345293264], [127.62215850400956, 36.0708618571181]], [[127.62218639807608, 36.088893463691825], [127.62221431693851, 36.106925015871994]], [[127.62269275325828, 36.41345307034546], [127.62272112231825, 36.43148364161686]], [[127.62294898495058, 36.575726245501045], [127.62296328024537, 36.58474129210889]], [[127.62316408311361, 36.71095050862513], [127.6231784740601, 36.71996535004037]], [[127.62323610187822, 36.75602457879273], [127.62329383228965, 36.792083588431225]], [[127.62336613986436, 36.83715704222891], [127.6233806206837, 36.84617169187595]], [[127.62377404758034, 37.08956204706091], [127.62378870990077, 37.09857631244791]], [[127.62387682097389, 37.15266161616423], [127.62389152903957, 37.1616757853382]], [[127.62474080644388, 37.67546066427653], [127.62477099900676, 37.69348739002499]], [[127.62573598062076, 38.261300915108585], [127.62575151756934, 38.27031338459759]], [[127.60944035517045, 34.88968405624939], [127.60945231495369, 34.89870163879551]], [[127.60975304259159, 35.12413684102526], [127.60977724537123, 35.14217129448927]], [[127.60978935482566, 35.15118850104946], [127.60981358987564, 35.16922287381877]], [[127.60991074563879, 35.24135982666343], [127.60994726814017, 35.268410961853284]], [[127.61002045929261, 35.32251286852685], [127.61003267679132, 35.33152980580821]], [[127.61005712807322, 35.34956363993124], [127.61008160108378, 35.367597420124945]], [[127.61031518209923, 35.538915640016675], [127.61032753052194, 35.547932253391245]], [[127.61036460871324, 35.57498201242436], [127.61041412321393, 35.611048168537145]], [[127.61071306466495, 35.82744055793972], [127.61072558984793, 35.83645673815876]], [[127.61097726543576, 36.01677749325888], [127.61098990800551, 36.025793388443994]], [[127.61110394423149, 36.10693583348257], [127.61111664309196, 36.11595159272563]], [[127.6112056932653, 36.17906152650606], [127.61121843734223, 36.188077176898446]], [[127.61152600020549, 36.404448699554976], [127.61153888664796, 36.413464009241075]], [[127.6117328721648, 36.54869201636845], [127.6117718247159, 36.57573724898632]], [[127.61195429176804, 36.70194670742736], [127.61196736864028, 36.71096156613862]], [[127.61198045132828, 36.719976411162364], [127.61200663416224, 36.73800606014227]], [[127.61215105672737, 36.83716815033712], [127.61217739136487, 36.85519744316534]], [[127.61262868359536, 37.16168702430288], [127.61265544341117, 37.17971532870317]], [[127.6130054977005, 37.41407827711422], [127.61301904242148, 37.42309205075042]], [[127.6133459322559, 37.63941848064254], [127.61335962866386, 37.648431909374736]], [[127.6134007545277, 37.675472112702096], [127.61344193541201, 37.70251219170229]], [[127.61373174875641, 37.891789261044394], [127.61381505223275, 37.94586730308276]], [[127.6139823295323, 38.054021891474534], [127.61399630977414, 38.06303468377871]], [[127.61431958350698, 38.270325079142374], [127.61433371432493, 38.27933753850546]], [[127.58755230963145, 34.88970179051529], [127.58758102589967, 34.91675451567631]], [[127.58779278518585, 35.11513747663311], [127.58780245986118, 35.12415472948031]], [[127.58796758848239, 35.27744596972129], [127.58798709747447, 35.295479977502644]], [[127.58826205074834, 35.547950422791196], [127.58828182141549, 35.565983621015825]], [[127.58854044464623, 35.800410274095974], [127.58855045146126, 35.80942650103079]], [[127.58862062376038, 35.872539709992], [127.58863066619769, 35.881555828458026]], [[127.58864071309682, 35.89057193335922], [127.58865076445973, 35.89958802469422]], [[127.58878183930109, 36.01679597689877], [127.58879195336908, 36.02581187816271]], [[127.58890350517564, 36.124985895042855], [127.58893402312839, 36.15203306863364]], [[127.58897477705914, 36.18809577626958], [127.58898497686391, 36.19711141915444]], [[127.58900539007436, 36.21514266408587], [127.58902582143304, 36.23317385455738]], [[127.58923113681489, 36.41348276164801], [127.58924145056417, 36.422498063828286]], [[127.58937594728944, 36.53969574998536], [127.58938632541768, 36.548710861014854]], [[127.5895425522453, 36.68393588614991], [127.58955300445714, 36.69295077841419]], [[127.58961581541807, 36.74703984460061], [127.58963678967172, 36.7650694238139]], [[127.5897419412144, 36.855216498064785], [127.58975248211193, 36.86423113012722]], [[127.59040442710673, 37.41409771971046], [127.59041526289711, 37.423111499646126]], [[127.59067677509367, 37.639438081173715], [127.59068773223389, 37.648451516242815]], [[127.5907535777156, 37.702531836623585], [127.59078656654366, 37.72957181031372]], [[127.59106319604442, 37.95490008485823], [127.59107432550097, 37.963913035949396]], [[127.59145569708716, 38.27034512694945], [127.59146700175607, 38.27935759275719]], [[127.75171194342614, 34.88947272420943], [127.75173945054506, 34.8984902362762]], [[127.75220894582785, 35.051785886482406], [127.75223667375494, 35.06080315670592]], [[127.7527658510585, 35.232128733701224], [127.7528218141436, 35.25016272208939]], [[127.75321495070439, 35.37639913019909], [127.7532995127492, 35.40344944490863]], [[127.75466794153692, 35.836237921535464], [127.75469676184517, 35.84525401607948]], [[127.7564496215935, 36.38619479386049], [127.75647923364906, 36.39521005772154]], [[127.75710413676669, 36.584527441486955], [127.75713403980417, 36.593542404541616]], [[127.75719388577396, 36.61157228958596], [127.75722382871851, 36.62058721157308]], [[127.75831069003841, 36.94511527456231], [127.75834112972947, 36.954129689113806]], [[127.75904499346409, 37.16145742959471], [127.75910654012752, 37.17948558482621]], [[127.75935327537694, 37.2515976549183], [127.75947697287685, 37.28765335933079]], [[127.75950793168347, 37.29666725098007], [127.75953890427562, 37.30568112884548]], [[127.75956989065973, 37.31469499292582], [127.75975609895791, 37.36877788785578]], [[127.76019252463314, 37.494969377868685], [127.76022380214715, 37.503982952193226]], [[127.76050592763862, 37.58510449949929], [127.76053734479885, 37.594117935666326]], [[127.76101028601028, 37.72931781889978], [127.76104192797912, 37.73833103377966]], [[127.76206195616173, 38.02674659644186], [127.76209406721743, 38.03575935402477]], [[127.76296650499759, 38.279098560228775], [127.76299901989704, 38.288110928889665]], [[127.66468386412677, 35.151126326522615], [127.66470203630362, 35.160143498967976]], [[127.6650305194093, 35.322450300596806], [127.66504884558222, 35.33146721712761]], [[127.66521414791617, 35.412618858952094], [127.66526939568762, 35.43966916333201]], [[127.66582594100194, 35.71016551750737], [127.6659568720778, 35.773279580901416]], [[127.66603187281159, 35.809344461823045], [127.6660506438251, 35.81836064815757]], [[127.66650365865915, 36.03474504865606], [127.66654162835698, 36.05277672884283]], [[127.6676965522772, 36.59370179606506], [127.66771606313131, 36.602716797513004]], [[127.66795087121798, 36.71089574769901], [127.66799012784216, 36.72892538109454]], [[127.66858318649342, 36.99936330285622], [127.66860309173296, 37.00837768758506]], [[127.66864292878917, 37.02640641584174], [127.66868280130892, 37.04443508915563]], [[127.66888269701633, 37.13457763124522], [127.66890273555394, 37.1435918098482]], [[127.66995712903434, 37.61231012032192], [127.6699776461111, 37.62132356849241]], [[127.67014211227452, 37.69343065650599], [127.67016271180353, 37.702443980322165]], [[127.67091044470746, 38.02691442325905], [127.67093138692617, 38.035927234907554]], [[127.69748984112508, 35.09697386540733], [127.6975768931409, 35.133042731913626]], [[127.69790471906352, 35.26829906320934], [127.69792665187569, 35.27731604420002]], [[127.69917056689806, 35.782245425043705], [127.69919306204497, 35.79126163543335]], [[127.69980422347265, 36.03469418547231], [127.69987258388798, 36.061741635174144]], [[127.70035366648484, 36.25107035333129], [127.70037668733531, 36.260085856741966]], [[127.70121228849399, 36.584634890645575], [127.70123569103426, 36.593649888812664]], [[127.70151733454401, 36.70182879942407], [127.70154087273418, 36.71084361965367]], [[127.70196635491034, 36.873108040490784], [127.70199009282469, 36.88212260027508]], [[127.70220420985964, 36.96325302078171], [127.70222805359846, 36.97226744330967]], [[127.70253898945614, 37.08945368608359], [127.7025869855747, 37.10748213266228]], [[127.70265905989206, 37.13452469939816], [127.70268310605498, 37.14353886080341]], [[127.70270716292141, 37.1525530084533], [127.70275530878482, 37.17058126248228]], [[127.7032877517952, 37.36888842235852], [127.70336076255798, 37.39592979114308]], [[127.70338512116116, 37.40494355316288], [127.703409490614, 37.41395730139321]], [[127.70387457843854, 37.58521589624324], [127.7038991659578, 37.59422936844349]], [[127.70509234868857, 38.02685976897492], [127.70511747926277, 38.03587256301647]], [[127.73032854303406, 35.069864053182535], [127.73035388240906, 35.07888131102381]], [[127.73106797350938, 35.331359064377246], [127.7311707133736, 35.3674264521412]], [[127.73244420181251, 35.80923439735451], [127.73249677194812, 35.827266683882755]], [[127.7330781363501, 36.02561825060682], [127.73310469724056, 36.03463407461146]], [[127.73379943861369, 36.26904072032883], [127.73382632004548, 36.27805617659413]], [[127.73477473613846, 36.593588544057866], [127.7348020511336, 36.602603508500685]], [[127.73491143262676, 36.638663229401935], [127.73493880840611, 36.64767812540334]], [[127.73663196512284, 37.19756084232536], [127.73668826020553, 37.215588918026775]], [[127.7371687973935, 37.36882533673663], [127.73719717771031, 37.37783911966897]], [[127.70843848956586, 35.087938254362925], [127.70846143610147, 35.09695549850799]], [[127.70887622129109, 35.25926359168003], [127.70889936228484, 35.26828058001518]], [[127.70903842428493, 35.3223822269248], [127.70906163733376, 35.33139912087911]], [[127.71009328554585, 35.72812908025815], [127.71016436207125, 35.75517789615859]], [[127.71150865892086, 36.26006669062139], [127.71153296947706, 36.26908217411477]], [[127.71187445400754, 36.39529751081272], [127.71192341117779, 36.41332805483711]], [[127.71241538391229, 36.593630489168284], [127.71244009754656, 36.60264546731667]], [[127.71256383065379, 36.64772015279424], [127.71263820264886, 36.67476479982342]], [[127.71268783911779, 36.692794496047796], [127.71271267390914, 36.70180932361765]], [[127.71318663925177, 36.87308844366369], [127.71321169590735, 36.882102997063754]], [[127.71389245617715, 37.12549074809204], [127.71391782691268, 37.13450491682553]], [[127.71401942283623, 37.17056145419096], [127.71404485008881, 37.179575554134225]], [[127.71465851210975, 37.395909821562356], [127.71470994721375, 37.413937318868285]], [[127.71520087261655, 37.58519579044276], [127.71522682607547, 37.59420925613944]], [[127.71559139142045, 37.72039632480788], [127.71561751894433, 37.72940958316193]], [[127.71715302660054, 38.252154866180106], [127.71720668725486, 38.27017973314562]], [[127.74126995022452, 35.0608254650274], [127.74129648441122, 35.06984272922393]], [[127.74182965054902, 35.25018518663626], [127.74185643337826, 35.25920216806569]], [[127.74217875685947, 35.367404893238586], [127.74220569477076, 35.376421699293246]], [[127.74356795910602, 35.82724475852791], [127.74362308144914, 35.845276976318615]], [[127.74592579138123, 36.58455102783641], [127.74595439433041, 36.593565998598656]], [[127.74604027951035, 36.62061082876344], [127.74609759996576, 36.63864064709224]], [[127.74684742307888, 36.87302329759688], [127.74687643592614, 36.88203782977378]], [[127.7478411366817, 37.17950968370734], [127.74807714467929, 37.25162181646054]], [[127.74819546421168, 37.28767755224771], [127.74822507702947, 37.29669145174527]], [[127.74917968335345, 37.58512895238901], [127.74920973459751, 37.59414239646575]], [[127.74966211386183, 37.72934239857094], [127.74969238014079, 37.738355621390745]], [[127.76288582279825, 34.96158923022057], [127.76294344602738, 34.97962401059823]], [[127.7637263904918, 35.22308827970117], [127.7637555691323, 35.232105286330594]], [[127.76431243264683, 35.40342584933033], [127.76440078881078, 35.43047601902217]], [[127.76535061610764, 35.719003587407066], [127.7653805162777, 35.7280198504426]], [[127.76634436793869, 36.016533100145956], [127.76637470962302, 36.025548914956424]], [[127.76719905133146, 36.26897076726801], [127.7672605079789, 36.28700162027603]], [[127.76759949759537, 36.38617033589811], [127.76763039708251, 36.39518559174933]], [[127.7683136719817, 36.59351776189059], [127.76837611985036, 36.61154763082915]], [[127.7692878821021, 36.872974570600405], [127.76931953238113, 36.88198908690312]], [[127.76950972997112, 36.93607589634285], [127.76954147894966, 36.94509031650849]], [[127.77027561754987, 37.15241818592915], [127.7703077073703, 37.161432276026304]], [[127.77082309172579, 37.30565584432369], [127.77085542529124, 37.314669700203105]], [[127.77108216378052, 37.37776630522456], [127.77111461272165, 37.386780050765786]], [[127.77147250642551, 37.485930340826656], [127.77150512924379, 37.49494392072094]], [[127.77153776659613, 37.50395748680382], [127.77157041848936, 37.51297103907411]], [[127.77179938946244, 37.57606551811832], [127.77183215792957, 37.58507895984696]], [[127.77342234499076, 38.01770788655862], [127.77345583717752, 38.026720649659566]], [[127.71890409852998, 34.898553804614515], [127.71892802849126, 34.90757132445605]], [[127.71938472317501, 35.078901649957814], [127.71940886666647, 35.08791890111533]], [[127.72132548383874, 35.791222934602246], [127.72137550624572, 35.809255289172285]], [[127.72266620973208, 36.269061965382946], [127.72269181113109, 36.27807742861503]], [[127.7229999169337, 36.386261923321264], [127.72302566665952, 36.39527720916685]], [[127.72382961153352, 36.67474429138235], [127.72388186037868, 36.69277397421466]], [[127.7246447138477, 36.954198213470605], [127.72467119503885, 36.96321263658883]], [[127.7250965002757, 37.107441537798756], [127.72514987663901, 37.12546990298614]], [[127.72531029106663, 37.17955466836504], [127.72536385780293, 37.19758281339836]], [[127.72587512735934, 37.36884744364083], [127.72590215627108, 37.377861233739004]], [[127.72652715523397, 37.58517459786453], [127.72655447462714, 37.594188056706095]], [[127.72696572971581, 37.72938828070584], [127.72699324459612, 37.73840151834685]], [[127.72788022966577, 38.026817812253086], [127.72790815245072, 38.035830592778204]], [[127.72863853615125, 38.27015801486953], [127.72866679748412, 38.27917042052752]], [[127.6866004523777, 35.13306012914622], [127.68662102918209, 35.14207731792295]], [[127.68693078044967, 35.277333534121844], [127.68703449029177, 35.322418265897]], [[127.68804191070457, 35.75521451180742], [127.68806312785512, 35.76423076874242]], [[127.68808435443165, 35.77324701212229], [127.68810559043841, 35.78226324194562]], [[127.68812683587966, 35.791279458210994], [127.68816935508248, 35.809311850062315]], [[127.68917950867008, 36.233057417922375], [127.68922296357833, 36.25108847751838]], [[127.6900338853249, 36.58465323568363], [127.69005598775033, 36.59366823984555]], [[127.69034421525494, 36.71086204874457], [127.69036645568112, 36.719876861291915]], [[127.69070125157975, 36.855097405250135], [127.69076847918164, 36.882141143871586]], [[127.69099322018242, 36.972286047374595], [127.69103828847469, 36.9903148633427]], [[127.69117373420464, 37.04440098160619], [127.69124159278034, 37.07144385525486]], [[127.69126423244204, 37.08045811898406], [127.69128688217975, 37.08947236896772]], [[127.69140028217289, 37.13454341266101], [127.69144571286667, 37.152571733877565]], [[127.69206300216165, 37.395948681305754], [127.69210902315955, 37.4139762038004]], [[127.69257149488281, 37.59424839361491], [127.69259472680582, 37.60326185815523]], [[127.69287431885209, 37.711422354896094], [127.69289768575221, 37.72043563977869]], [[127.64274183009739, 35.16017136238846], [127.64275758634263, 35.16918853063788]], [[127.64302651597734, 35.32247833100378], [127.64304239868974, 35.33149525683083]], [[127.64324951714505, 35.44871406519712], [127.64326549892034, 35.457730802144695]], [[127.64329748377268, 35.47576423553156], [127.64331348685604, 35.48478093196794]], [[127.64332949704841, 35.493797614897716], [127.64336153877284, 35.51183094023164]], [[127.64363504563813, 35.66511202239697], [127.64369970086746, 35.70117759115773]], [[127.6438943571976, 35.80937299715955], [127.6439106254396, 35.81838919290155]], [[127.64435261069643, 36.061821348082034], [127.64436908254663, 36.07083716364895]], [[127.64455075671009, 36.17001023715232], [127.64456731661238, 36.17902588946009]], [[127.6446170404885, 36.20607276469612], [127.64463362984809, 36.215088362541216]], [[127.64559151475933, 36.72895488697529], [127.64560853734505, 36.737969692758284]], [[127.64583052118459, 36.855160921327], [127.64584765008145, 36.86417553528024]], [[127.64638244296395, 37.143621760886674], [127.64639981746055, 37.15263593546864]], [[127.64731403392875, 37.62135403840283], [127.64733182335503, 37.63036748261333]], [[127.64743872654502, 37.68444785779671], [127.64747442451068, 37.702474538991254]], [[127.64812246097515, 38.026945338880495], [127.64817693515519, 38.05398376212235]], [[127.67564336890239, 35.14209372649588], [127.67566274393084, 35.15111090727181]], [[127.6762873102945, 35.43965357953009], [127.67630697138152, 35.44867031549502]], [[127.6770006397162, 35.76424755647467], [127.67702061769249, 35.77326380539206]], [[127.67764435707883, 36.05276079149787], [127.67766462106177, 36.06177660595734]], [[127.67803091646473, 36.2240589394121], [127.67805135223053, 36.23307449525128]], [[127.67846198033438, 36.41338274902212], [127.67852388994106, 36.440428516371995]], [[127.67977958066106, 36.981318008925136], [127.67980079401076, 36.99033241575302]], [[127.67999213945706, 37.07146145911425], [127.6800134473982, 37.080475728566675]], [[127.68076523152325, 37.39596649204724], [127.68078688366626, 37.404980265960305]], [[127.6812656788238, 37.60327980199275], [127.68128755393286, 37.61229325852324]], [[127.68148486917448, 37.693413745584834], [127.68152882458376, 37.711440368464054]], [[127.68286588308267, 38.25221330100007], [127.6828884720827, 38.26122576021778]], [[127.65418273531031, 35.40361662293561], [127.65419990826042, 35.41263342288193]], [[127.65433756677812, 35.484767336473965], [127.65435480850842, 35.49378401490392]], [[127.65475348918854, 35.70116388739426], [127.65477091568722, 35.71018024121218]], [[127.65496311889461, 35.809359239045534], [127.65498063852414, 35.818375430251784]], [[127.65540345277826, 36.03475994799815], [127.65545662221801, 36.061807462583864]], [[127.65567001003949, 36.16999629681587], [127.6557413925053, 36.2060588060473]], [[127.65575925795326, 36.215074399311725], [127.65577713134103, 36.22408997895613]], [[127.65673587826218, 36.701896175337986], [127.65675418582333, 36.71091101755707]], [[127.65677250152653, 36.71992584608483], [127.656809157374, 36.73795546206141]], [[127.65704821667275, 36.85514663019158], [127.65706666315998, 36.86416123948818]], [[127.65730721563538, 36.98134991205732], [127.65734434733345, 36.999378732746784]], [[127.65736292557555, 37.00839312249578], [127.65740010686511, 37.02642186079626]], [[127.65818860759478, 37.40501265966222], [127.65820756169812, 37.41402643028522]], [[127.81962615974619, 35.46640937567082], [127.8196618422909, 35.47542597366757]], [[127.81973325494023, 35.493459129070374], [127.81987627067627, 35.52952527747244]], [[127.82045088110485, 35.67378770400209], [127.8204869300153, 35.68280399044848]], [[127.82117491026374, 35.854110854358005], [127.82124766755874, 35.87214287060443]], [[127.82186872128254, 36.02541281237426], [127.82190540011665, 36.034428568822854]], [[127.823311340272, 36.37701721084297], [127.82334866022882, 36.38603243520271]], [[127.82565683684423, 36.93593522179917], [127.82569519984416, 36.94494959616642]], [[127.82779235839077, 37.431705362094526], [127.8278316720677, 37.440718978441346]], [[127.82834434648558, 37.55789473332127], [127.82838390608518, 37.56690815614632]], [[127.82937864686113, 37.79223922854706], [127.82953883654271, 37.82829139671771]], [[127.82957892862034, 37.8373044041026], [127.82961903857779, 37.84631739762218]], [[127.83030365172132, 37.99953616499772], [127.83034408497363, 38.00854890875431]], [[127.79838466144373, 35.68286079725767], [127.79845183198725, 35.70089336697685]], [[127.80070227182358, 36.29593766847442], [127.80073687943266, 36.30495303484917]], [[127.80181737962913, 36.58442261361567], [127.8018876018917, 36.60245245751778]], [[127.80305533027675, 36.89993696425773], [127.80309098419671, 36.90895141294864]], [[127.8031980411597, 36.935994676576414], [127.80323375857287, 36.9450090702999]], [[127.80514970682661, 37.42275223843664], [127.8052228955931, 37.44077952415398]], [[127.80533280104677, 37.46782034914592], [127.80536946884304, 37.47683392984949]], [[127.80558981893113, 37.53091512390598], [127.80562660123604, 37.539928607877144]], [[127.80573704651681, 37.566968976845025], [127.80581075875291, 37.584995820357484]], [[127.80643997212869, 37.73822175587929], [127.80647713334771, 37.74723492162249]], [[127.80869924217284, 38.27898714942622], [127.8087374115645, 38.28799948227558]], [[127.78488640197492, 34.98859193857876], [127.78501147392986, 35.024661218404525]], [[127.78649783500894, 35.44845911146133], [127.7865617752419, 35.466492402992515]], [[127.78739818737587, 35.70092026658316], [127.78743055035845, 35.709936539980696]], [[127.78791772398066, 35.84517901282454], [127.78795031777449, 35.85419506907564]], [[127.78853948861662, 36.016481757452354], [127.78857235866468, 36.02549755537758]], [[127.78953197032817, 36.28694976937041], [127.78956528142805, 36.29596515840746]], [[127.79070671243092, 36.60248025500581], [127.7907405457634, 36.61149516549387]], [[127.79176257251466, 36.88193610566076], [127.79189987586065, 36.9179939644999]], [[127.79193423988426, 36.927008394865005], [127.79200301380544, 36.94503721437294]], [[127.79377758893808, 37.40475351154629], [127.79384800439534, 37.422780871043436]], [[127.79391848259692, 37.44080817531531], [127.79402431767383, 37.46784902815548]], [[127.79423641254715, 37.52193036087779], [127.7942718168353, 37.53094386797167]], [[127.79444907504664, 37.57601119611577], [127.79448457409512, 37.58502462027154]], [[127.79609851852494, 37.990614379294215], [127.79613475307085, 37.999627166251784]], [[127.77374935369659, 34.93451278065071], [127.77383928992641, 34.961565027795665]], [[127.7738993140279, 34.97959979204387], [127.77392934608069, 34.98861715400886]], [[127.77404960777524, 35.0246864674391], [127.77413994436813, 35.05173831131801]], [[127.7754173769953, 35.43045139495246], [127.7754788035056, 35.44848475753952]], [[127.77637564669881, 35.70996243308807], [127.7764067788282, 35.71897870147106]], [[127.77681275734567, 35.83618895592212], [127.7768440836676, 35.84520503432851]], [[127.77952580793279, 36.6025070035698], [127.77955834003969, 36.61152192279706]], [[127.78060704175977, 36.89999210057478], [127.78064005476641, 36.909006567222754]], [[127.78067308246044, 36.91802102013489], [127.78070612484866, 36.927035459309955]], [[127.78150356818539, 37.143377875196485], [127.78153698015235, 37.152391970546525]], [[127.78234334517327, 37.36872612557141], [127.78237713104852, 37.377739876345025]], [[127.78241093197123, 37.38675361332025], [127.78247857898728, 37.404781045870884]], [[127.78274977036433, 37.47689022390526], [127.78278373727612, 37.48590380902151]], [[127.78288572883481, 37.5129444814919], [127.78291975631925, 37.52195801135207]], [[127.7847102460494, 37.99064249797783], [127.78481481561347, 38.01768084440645]], [[127.78583290514263, 38.27904508296566], [127.78586824730336, 38.28805743443698]], [[127.84201290439088, 35.547497707104114], [127.8420512004181, 35.5565141632514]], [[127.84216619060268, 35.58356345040412], [127.84220455472379, 35.59257985235385]], [[127.84247358118769, 35.65569428643729], [127.84251208186205, 35.664710579922726]], [[127.84336343748805, 35.86306560226253], [127.84344124677082, 35.8810975509502]], [[127.84410542409634, 36.03436691751714], [127.84414464976949, 36.04338264007706]], [[127.84517065820948, 36.27778664080907], [127.84536933000707, 36.322863275436646]], [[127.84644981959548, 36.56627119476335], [127.84649008728098, 36.575286111231755]], [[127.84669169443559, 36.620360488014164], [127.84677246285699, 36.63839014277517]], [[127.84910482262073, 37.15221220887186], [127.84914627142054, 37.16122623205903]], [[127.8502304415703, 37.395585993364556], [127.85035634762579, 37.422626903744366]], [[127.85090388862591, 37.539802744571965], [127.85098840747129, 37.55782958957302]], [[127.85192310280942, 37.75612123001336], [127.85205127281142, 37.783160479666705]], [[127.85316929078027, 38.017495413500725], [127.85334244724766, 38.05354610872594]], [[127.85408182023072, 38.20675908207076], [127.85438790250613, 38.26984560844587]], [[127.85443170669376, 38.27885791367721], [127.85447553044662, 38.287870204985566]], [[127.80863916553709, 35.47545466528723], [127.80870811581073, 35.49348783968669]], [[127.81187513615005, 36.30492449824987], [127.81191104140737, 36.31393984161676]], [[127.81295926558279, 36.5753788529756], [127.81299565278593, 36.584393786050846]], [[127.81306847573687, 36.602423611110225], [127.81310491149954, 36.61143850309178]], [[127.81442744723826, 36.93596548001129], [127.81446448744862, 36.944979864229474]], [[127.8152835551468, 37.14329283682411], [127.81532097634421, 37.15230690454761]], [[127.81817559231291, 37.828322641464155], [127.81825302891626, 37.84634866253822]], [[127.98376069523637, 35.267493812221794], [127.98386794047144, 35.28552722618758]], [[127.98478338129391, 35.43880905722933], [127.98489153531028, 35.456841956250834]], [[127.98554248067302, 35.56503821035275], [127.98581473346081, 35.610119405699166]], [[127.98724023511888, 35.84453613989899], [127.98735057245278, 35.862567815075565]], [[127.98896152831915, 36.1240209717499], [127.98912936651519, 36.15106719430767]], [[127.98918536231, 36.16008257447469], [127.98924138298835, 36.1690979409633]], [[127.98940959443746, 36.19614395834485], [127.98946571476287, 36.20515927010602]], [[127.98980296085305, 36.259250853233894], [127.98985925599695, 36.26826606916926]], [[127.99328316420181, 36.80915391535193], [127.99334100665726, 36.81816829345547]], [[127.99614792222496, 37.250842219098125], [127.99620703951861, 37.259855920719545]], [[128.00071672767118, 37.935844024011935], [128.00077788104977, 37.94485667067496]], [[128.00108405742537, 37.98991969508939], [128.00126809130538, 38.016957342577584]], [[127.9720874828891, 35.150318573772545], [127.97213957370083, 35.15933547774776]], [[127.9726617562224, 35.249503773975256], [127.9727664713112, 35.267537270918325]], [[127.97387161363136, 35.45688571848289], [127.97408328803357, 35.49295141168682]], [[127.97445462427093, 35.556065852309075], [127.97450776660608, 35.56508214666173]], [[127.9762208435248, 35.853596387077275], [127.97627477048836, 35.86261223248065]], [[127.97812261343354, 36.16914285775567], [127.97828700237572, 36.1961889193841]], [[127.97861643834064, 36.250280673227955], [127.97867142977076, 36.259295917632414]], [[127.98022115320903, 36.511717197807386], [127.98044412076091, 36.547776502794505]], [[127.9815086477849, 36.71905519937199], [127.98156492500321, 36.728069730111876]], [[127.98212907565504, 36.81821428054195], [127.98218562882161, 36.82722865985978]], [[127.9839513121572, 37.106667580847265], [127.98418092121308, 37.142723249736726]], [[127.98915805717121, 37.90885382704566], [127.98933718846746, 37.935891896856056]], [[127.98939695218047, 37.944904558953546], [127.98945674255513, 37.953917207129514]], [[127.98951655960407, 37.96292984138286], [127.98963627377573, 37.980955068117254]], [[127.9897560947972, 37.998980239147855], [127.98981604540843, 38.00799280377148]], [[127.98987602277035, 38.01700535446583], [127.98993602689569, 38.026017891229834]], [[127.90581389047276, 35.06940385778581], [127.9058585346886, 35.07842096251342]], [[127.90590319873759, 35.08743805375784], [127.90599258636982, 35.1054721957911]], [[127.90603730997059, 35.11448924657687], [127.9060820534394, 35.123506283873375]], [[127.90621640314198, 35.15055731481207], [127.90626122617076, 35.15957429813633]], [[127.90657554539837, 35.22269280340937], [127.9066655305217, 35.2407265405146]], [[127.90811621606085, 35.529258976405586], [127.9081618830253, 35.538275391573606]], [[127.91023803101487, 35.944000018343566], [127.91028464060429, 35.95301580829493]], [[127.91075187703231, 36.04317295820392], [127.91079871493463, 36.052188598203756]], [[127.91197645097327, 36.2775751615343], [127.91202383306464, 36.28659044644108]], [[127.9136955422206, 36.6021167928956], [127.91384004535476, 36.629161126942336]], [[127.9140330162378, 36.66522004683414], [127.91412963044418, 36.683249424397964]], [[127.91519807678365, 36.881568949623755], [127.91524689134367, 36.8905833153387]], [[127.91672147163567, 37.1610078813462], [127.91677096410717, 37.170021819827134]], [[127.91851715405085, 37.48550096316291], [127.91861776069531, 37.503527831065625]], [[127.92049524626132, 37.83701488802909], [127.92054642008148, 37.84602778812149]], [[127.92152307130819, 38.017270249735375], [127.92157470364388, 38.026282871841005]], [[127.93915203984048, 35.15044242030808], [127.93924897529253, 35.168476297077625]], [[127.93963757928783, 35.240611263768265], [127.93968625194044, 35.24962807378604]], [[127.94110720319885, 35.51110967691104], [127.94115652868165, 35.52012608067143]], [[127.94299705803998, 35.853723471452525], [127.94304722307314, 35.86273935872962]], [[127.94410585259615, 36.05206984325075], [127.94415651027394, 36.06108543057175]], [[127.94527669215766, 36.25942489563359], [127.9453278701403, 36.26844016864657]], [[127.94677012627763, 36.520862253215746], [127.94682196810531, 36.529877128906705]], [[127.94786365893287, 36.71017175963486], [127.94791598700665, 36.71918634691635]], [[127.94880913362424, 36.872432226200665], [127.9489146543169, 36.8904608916703]], [[127.9509911853736, 37.242008845042506], [127.95104490507629, 37.25102261902804]], [[127.95223280951626, 37.44932214767688], [127.95228708216227, 37.4583356034586]], [[127.95321342545228, 37.611562231861015], [127.95326813502112, 37.620575438177774]], [[127.9547545477621, 37.863926762041], [127.95480994441283, 37.87293957956039]], [[127.82842662403533, 34.916342278836304], [127.82846255029773, 34.92535968964118]], [[127.82965711355588, 35.222926696958346], [127.8296935864699, 35.23194364993224]], [[127.83090632522999, 35.52949552015971], [127.83098039736153, 35.54752849344662]], [[127.83109162899736, 35.5745778517969], [127.83112873915562, 35.58359427748651]], [[127.8314634733078, 35.66474149880136], [127.831500748652, 35.673757788933166]], [[127.83228736751792, 35.86309674630349], [127.83232500888562, 35.87211273770669]], [[127.83442124887972, 36.36797129063272], [127.83445983850142, 36.37698651861102]], [[127.83527419504041, 36.566303146113874], [127.83531316384911, 36.57531807302537]], [[127.83676725790653, 36.90886072693451], [127.83688620938936, 36.93590390194502]], [[127.83905471397138, 37.422659858047005], [127.83909536510113, 37.431673477881894]], [[127.84052962349939, 37.74714145931968], [127.84057093190331, 37.756154581027694]], [[127.8406949676554, 37.783193863000314], [127.840736349782, 37.792206929270336]], [[127.84173507678162, 38.008516358528304], [127.8417769228608, 38.01752907791115]], [[127.92723299515063, 34.970139716080475], [127.92770221077798, 35.06031138889359]], [[127.92826802738341, 35.1685156160461], [127.92831531502955, 35.177532547236865]], [[127.93007980428894, 35.51114949436476], [127.93012789675994, 35.520165911299244]], [[127.93192241758166, 35.85376379157206], [127.93206921588951, 35.88081145240796]], [[127.9341949653913, 36.26848110297911], [127.93424488623403, 36.27749637573333]], [[127.93565171479817, 36.529918453750916], [127.93600616602419, 36.59302229398283]], [[127.936158411655, 36.62006659106361], [127.93641260602492, 36.665140144900114]], [[127.93656539409496, 36.69218411236603], [127.93666736608516, 36.71021335530675]], [[127.93966435910261, 37.23303744541851], [127.93971671264742, 37.24205124698269]], [[127.94098021548614, 37.45837833656525], [127.94113910489075, 37.48541866233818]], [[127.94119211522184, 37.494432076565126], [127.9412451491695, 37.50344547694143]], [[127.94322410988514, 37.836931543279846], [127.94338600111422, 37.86397012118413]], [[127.94430748721875, 38.01718636584995], [127.9444163574633, 38.035211542093755]], [[127.96110902428592, 35.15036085061056], [127.96115990382462, 35.15937776863706]], [[127.96161883797295, 35.24052942269733], [127.96166994398388, 35.2495462055453]], [[127.96305842079195, 35.4929942246305], [127.96326554072708, 35.5290597574134]], [[127.96336923875486, 35.54709244237676], [127.96342112231976, 35.556108764496265]], [[127.96514627156837, 35.853639769198395], [127.96519894456559, 35.86265562889598]], [[127.96641690365233, 36.070016638377155], [127.96652340240759, 36.0880476892994]], [[127.96657668728001, 36.097063194270014], [127.9667366840049, 36.12410962720315]], [[127.96905356195533, 36.51176163188465], [127.96910797138186, 36.52077649325782]], [[127.97036608703873, 36.72811451386223], [127.97042108009045, 36.737129045454466]], [[127.97097235764608, 36.82727360452243], [127.97119355601708, 36.863331042662494]], [[127.97292125358575, 37.14276870912826], [127.97303353836111, 37.160796490214324]], [[127.97359646387683, 37.25093456647326], [127.97365289435719, 37.25994829806271]], [[127.97484375642813, 37.4492334649312], [127.97490074238058, 37.45824689199013]], [[127.97598831229521, 37.629499372128215], [127.97604580822687, 37.63851252184406]], [[127.97760792458853, 37.881862314010554], [127.977666142633, 37.89087507467168]], [[127.97772438664495, 37.8998878214216], [127.97778265663678, 37.90890055425921]], [[127.97807439672607, 37.95396400972346], [127.97813282285667, 37.96297665906378]], [[127.97824975332979, 37.98100191598301], [127.9783082576972, 37.99001452355972]], [[127.97842534475578, 38.00803969694179], [127.9784839274719, 38.01705226274495]], [[127.86270252147773, 35.24086627085074], [127.86278285053587, 35.258900046700845]], [[127.86415941812993, 35.565465962430416], [127.8642002209235, 35.57448237010778]], [[127.86432273809056, 35.601531511805184], [127.86440450693836, 35.61956420514341]], [[127.86456826269321, 35.65562942906382], [127.86465024973033, 35.673661959623004]], [[127.86626364075187, 36.025285441779175], [127.86630537838917, 36.03430115634356]], [[127.86769317493076, 36.331812084081356], [127.86773554785628, 36.34082733456521]], [[127.8678627796709, 36.367873003973244], [127.86790522798373, 36.376888199756955]], [[127.86799018122302, 36.394918550287976], [127.8680752100045, 36.412948846094935]], [[127.86820289496933, 36.43999418717458], [127.86824549447019, 36.44900927349428]], [[127.86867253246518, 36.53915938358252], [127.86880101444046, 36.56620414947843]], [[127.86914447190117, 36.63832292204339], [127.86923052729585, 36.65635247804728]], [[127.87282552979495, 37.39551691070837], [127.87295955822438, 37.422557753912365]], [[127.87309376583296, 37.449598472705944], [127.8731833372407, 37.467625549435844]], [[127.87363239311821, 37.55776010314629], [127.87367740882377, 37.566773482411975]], [[127.87503725020673, 37.83716841875142], [127.87517423718094, 37.864207226030004]], [[127.87609218252692, 38.044462747582024], [127.87613829512543, 38.053475377771335]], [[127.87646166009215, 38.1165633997784], [127.87692536600629, 38.206687963099185]], [[127.87734447496545, 38.28779887994386], [127.87743783924404, 38.30582337493276]], [[127.95013054309044, 35.150402132791264], [127.95018021134614, 35.159419064538476]], [[127.95223571963585, 35.52910161844535], [127.95233694894023, 35.54713433110603]], [[127.95526011154703, 36.0610437757105], [127.95531205859794, 36.07005933568923]], [[127.95541602195766, 36.08809041468065], [127.95546803828731, 36.09710593369058]], [[127.956355860869, 36.250367665902466], [127.95640829485477, 36.2593829388393]], [[127.95911356464683, 36.719143684364646], [127.95922090847323, 36.73717278983727]], [[127.95997499425668, 36.86337498714009], [127.96002903739385, 36.8723893265579]], [[127.96459950099484, 37.62053136738856], [127.96471173027972, 37.638557709906244]], [[127.96617985111865, 37.87289510847371], [127.96623665784853, 37.8819078977451]], [[127.9662934899157, 37.89092067310994], [127.96635034733222, 37.89993343456712]], [[127.96714901960897, 38.02611063404046], [127.9672062587167, 38.03512318674958]], [[127.89488961989049, 35.078457174864006], [127.89493307690637, 35.08747427815534]], [[127.89502004886359, 35.10550844429024], [127.89506356382196, 35.114525507130736]], [[127.89510709811148, 35.12354255648458], [127.89515065174074, 35.132559592350255]], [[127.89523781705242, 35.15059362361098], [127.8952814287519, 35.15961061900301]], [[127.89541238012761, 35.18666152420764], [127.8955435060988, 35.21371230792334]], [[127.89558725359485, 35.22272920882399], [127.89563102052472, 35.23174609621983]], [[127.89567480689693, 35.240762970109394], [127.89571861272017, 35.249779830491136]], [[127.89708628810425, 35.52929579432232], [127.89713072093343, 35.53831222166933]], [[127.89910543186771, 35.935021583414574], [127.89915076170878, 35.944037399290615]], [[127.89919611169005, 35.953053201545806], [127.89937771319904, 35.989116274330215]], [[127.89960516933182, 36.03419480867448], [127.89965072121578, 36.04321047464464]], [[127.90088830309219, 36.286628296880195], [127.90093442518972, 36.29564358052062]], [[127.90200091016231, 36.502991327431694], [127.90214082234704, 36.53003615157708]], [[127.90402425947082, 36.8906220034983], [127.90407177596677, 36.899636368051375]], [[127.9054108563147, 37.15203298385111], [127.90550714480618, 37.1700608999892]], [[127.90715723352794, 37.4765270218285], [127.9072061447356, 37.48554048933958]], [[127.90779478178042, 37.5937010196095], [127.907843977059, 37.60271430710824]], [[127.90918057079605, 37.84606782857592], [127.90923038387386, 37.855080727699466]], [[127.91033191103696, 38.053360993090024], [127.91048295863041, 38.08039868969507]], [[127.88328918291275, 34.94323405353097], [127.88333115233313, 34.952251370549064]], [[127.88417446734816, 35.13259488298807], [127.88425921159755, 35.15062893771558]], [[127.88455640997097, 35.21374770424186], [127.8846840638212, 35.24079840170075]], [[127.88779934096699, 35.88997858490783], [127.88801940147921, 35.93505792833223]], [[127.88846099151003, 36.02521559374875], [127.8885052584997, 36.03423128534455]], [[127.88970793151518, 36.27764980101237], [127.88979759366536, 36.295680406102434]], [[127.89006705872212, 36.34977189321162], [127.89015704018549, 36.367802279491976]], [[127.89078915481606, 36.49401345044282], [127.8908344565444, 36.50302843136888]], [[127.89147079966155, 36.62923672501503], [127.89151640446337, 36.638251500272006]], [[127.89280160646847, 36.89065963178226], [127.89284780317425, 36.89967400859136]], [[127.89414969002844, 37.152070968718], [127.8941964866335, 37.16108494602467]], [[127.89580002944358, 37.467551958937655], [127.89584756094956, 37.476565452728686]], [[127.8964195935094, 37.584726298678554], [127.8964674010666, 37.59373961251071]], [[127.89786312880751, 37.85511968379908], [127.8979115799092, 37.86413258160487]], [[127.8987874049272, 38.026362366715716], [127.89893406068518, 38.05340022640872]], [[127.89908091288245, 38.080437960930446], [127.8991299073167, 38.0894505112835]], [[128.00480006681818, 35.11411820082503], [128.00491134284908, 35.13215201514187]], [[128.0067617395344, 35.429702135035846], [128.00681823660307, 35.43871857493596]], [[128.00806754137423, 35.63707681679814], [128.00812461850077, 35.646092944204405]], [[128.01510108341108, 36.7189145722694], [128.01516128639835, 36.72792905712273]], [[128.01771414228506, 37.106524971014274], [128.01777550781043, 37.11553886261218]], [[128.01851402813946, 37.223704483132025], [128.0186992753383, 37.25074557696352]], [[128.02119302893203, 37.61128157705783], [128.02125594379876, 37.62029469261709]], [[128.02392385176947, 37.998832987594675], [128.02405214559613, 38.01685800800596]], [[127.87373467419064, 35.249849718858904], [127.87377606492522, 35.25886658893052]], [[127.87502637355138, 35.52936640422602], [127.8752363827131, 35.574448522217125]], [[127.87544685874718, 35.61953030127615], [127.87570004772901, 35.673627988502226]], [[127.8771905073116, 35.98918808205782], [127.8773623256804, 36.025251031320515]], [[127.8788788326162, 36.34079252654799], [127.87892250887566, 36.34980775195374]], [[127.87900991964376, 36.36783816173305], [127.87914118155182, 36.39488367380153]], [[127.87922878676453, 36.41291394676465], [127.87936034067249, 36.43995925355907]], [[127.87940423096778, 36.44897432844517], [127.87962397529014, 36.49404949747611]], [[127.87980012269955, 36.53010938614244], [127.87984420850867, 36.53912432405389]], [[127.88033044803218, 36.6382877362848], [127.88041911096384, 36.6563172693036]], [[127.88055225326859, 36.68336146591708], [127.88059667351507, 36.69237617067251]], [[127.88157893292349, 36.89069620018443], [127.88162380982962, 36.89971058890435]], [[127.88500073588001, 37.56673709894048], [127.88509355730882, 37.58476379240051]], [[127.88748867866984, 38.04442573636978], [127.88753618850683, 38.05343835463795]], [[127.88772643998661, 38.08948868865031], [127.88786935161872, 38.116526293116195]], [[127.88887510955318, 38.30578601683122], [127.88892323841634, 38.31479823142329]], [[127.85032138058638, 34.91628113443311], [127.8503980399969, 34.934315901829486]], [[127.8516728017243, 35.23188178945581], [127.85171172329048, 35.24089870839857]], [[127.85308492571646, 35.55648235705776], [127.8531640410082, 35.57451520767144]], [[127.85324322660585, 35.59254800407542], [127.85328284578901, 35.60156438194514]], [[127.85451980927613, 35.881065364649785], [127.85464042178025, 35.90811315387636]], [[127.85520541023456, 36.03433455066125], [127.85524590116667, 36.04335026257886]], [[127.85651008454215, 36.322830566836174], [127.85655115527481, 36.33184584205137]], [[127.85671562083829, 36.367906806206875], [127.85675678292901, 36.37692201306277]], [[127.85762542625456, 36.56623819588309], [127.85766699280872, 36.57525310156602]], [[127.85783344392675, 36.611312587237656], [127.8578751029741, 36.62032742438407]], [[127.85917576383243, 36.89978056882551], [127.85921801990249, 36.9087949665809]], [[127.86165796257788, 37.42259286903095], [127.86178810358403, 37.449633621961375]], [[127.86581955836448, 38.26981052567809], [127.86591001280902, 38.287835099659624]], [[127.91673574860522, 35.060349559925406], [127.91678157894937, 35.06936666576308]], [[127.91733313373523, 35.17757088360209], [127.91737922946157, 35.18658781402476]], [[127.91765623415526, 35.24068911292214], [127.91770247341134, 35.2497059487845]], [[127.91909924347468, 35.520204733637414], [127.91914612374023, 35.529221149853406]], [[127.92099079001852, 35.880850790702844], [127.92103851059501, 35.889866663368764]], [[127.92482680265502, 36.59306266496635], [127.9249751449402, 36.62010700162926]], [[127.92641936775667, 36.8815292145383], [127.92646950150018, 36.8905435673098]], [[127.92798393140286, 37.160967743613384], [127.9283912053302, 37.233078760570564]], [[127.92982814097097, 37.485460354160196], [127.9298797922016, 37.49447378188572]], [[127.9305014049397, 37.602633834158055], [127.93055335616172, 37.61164708177604]], [[128.01691509477013, 35.294407407322744], [128.01697243659208, 35.30342403517262]], [[128.0191704042933, 35.6460458382601], [128.01922874795375, 35.655061936502314]], [[128.026914857271, 36.809009658779836], [128.02703845611765, 36.82703830714901]], [[128.0295336651164, 37.18759967934934], [128.02978563723542, 37.223654600137195]], [[128.03478988602393, 37.92668119091424], [128.034920501489, 37.9447064013122]], [[128.1574866555261, 34.996163169344314], [128.15777538388485, 35.03223046841901]], [[128.15806462564453, 35.06829755061567], [128.15813701640917, 35.07731428726582]], [[128.15835438170888, 35.1043644158335], [128.1584269011912, 35.11338109822324]], [[128.1602503951342, 35.33879374398342], [128.160323756842, 35.347810073073205]], [[128.16283753938532, 35.654357154637644], [128.16298659433195, 35.67238884469878]], [[128.16373385827035, 35.76254647495068], [128.1638837097316, 35.78057783690751]], [[128.16403369436233, 35.798609144138986], [128.16418381228212, 35.81664039663336]], [[128.16561660327693, 35.98793456308359], [128.16599566762739, 36.03301115282463]], [[128.167826942974, 36.24937400519392], [128.16790367067838, 36.25838895222781]], [[128.17623331805035, 37.213895048605124], [128.17647482489312, 37.240935408851975]], [[128.17679733607144, 37.27698902787737], [128.17695880712867, 37.29501575395156]], [[128.17720128342756, 37.32205573873657], [128.17728218085134, 37.33106903917293]], [[128.1775250893311, 37.35810885698857], [128.17784947242114, 37.39416175254513]], [[128.18013640664705, 37.64652577935921], [128.180218611631, 37.65553857809103]], [[128.18178748742528, 37.826779100490924], [128.18195340652414, 37.844804125173916]], [[128.08341947582122, 35.36623924506243], [128.08361423507404, 35.39328846338983]], [[128.0857738005202, 35.690821784716015], [128.08583973725982, 35.699837714402584]], [[128.08669958514622, 35.81704355867143], [128.08683231064524, 35.83507502223535]], [[128.087031620093, 35.862122115123455], [128.08709811561513, 35.87113778542496]], [[128.08749770959344, 35.92523152019079], [128.08769790629705, 35.95227820298135]], [[128.09410784513682, 36.79967837360481], [128.09417748594672, 36.80869261514001]], [[128.0943865942875, 36.83573525688681], [128.09452615491708, 36.85376361565598]], [[128.09550656306118, 36.979960579133255], [128.09557682611302, 36.98897454424389]], [[128.09720153453358, 37.19629192083817], [128.09727255193684, 37.205305553566184]], [[128.0988429595319, 37.403601963556646], [128.09891470782313, 37.41261527707829]], [[128.100791424243, 37.6469565485942], [128.10093668944262, 37.66498241063411]], [[128.10386935715027, 38.02548794064353], [128.10394334620665, 38.03450029275686]], [[128.10423963276142, 38.07054956146099], [128.10431378706127, 38.07956184369415]], [[128.104462194965, 38.097586366221186], [128.1047594084317, 38.13363524348705]], [[128.10513167218488, 38.178696025374954], [128.10520622468383, 38.18770813978224]], [[128.10528081046937, 38.196720240196846], [128.10535542955745, 38.20573232661769]], [[128.0615920188568, 35.39339284581241], [128.0617170983981, 35.41142565927176]], [[128.06386053709628, 35.71797516517404], [128.0639876325085, 35.7360069987929]], [[128.06468867891257, 35.835181108350255], [128.06475258040734, 35.84419685460402]], [[128.06500847040505, 35.880259703062535], [128.06513658599403, 35.89829104533771]], [[128.06539315886454, 35.93435356592262], [128.06545737334295, 35.94336916190104]], [[128.06759253386807, 36.2408761518715], [128.067657725638, 36.24989128227967]], [[128.0701566026817, 36.592456060508816], [128.07028929526425, 36.61048523555741]], [[128.07102121711327, 36.709644713357314], [128.07115467881425, 36.72767353015016]], [[128.07175672739172, 36.80880252301477], [128.0718237705304, 36.81781678656927]], [[128.07249584434015, 36.90795866279273], [128.07256321626735, 36.91697277445454]], [[128.07317091405986, 36.99809915753072], [128.07323858634172, 37.00711313097354]], [[128.07378104980887, 37.07922442056948], [128.07384899360397, 37.08823826950669]], [[128.07597031958716, 37.3676607156077], [128.0762461775988, 37.40371425405382]], [[128.08008949715642, 37.899427848958524], [128.08016025148203, 37.90844043345052]], [[128.08115413273262, 38.034615151169035], [128.08122536204613, 38.04362752630605]], [[128.0833770908553, 38.31399228127038], [128.08344931266438, 38.32300422294991]], [[128.04725094755824, 34.89751899808756], [128.04731076838826, 34.906536172866105]], [[128.04875446839992, 35.12294431579525], [128.04881495717572, 35.131961152758656]], [[128.04996936292926, 35.303278482083854], [128.05015252963085, 35.33032813944163]], [[128.0524938881348, 35.6729465508021], [128.05255603801317, 35.68196255949349]], [[128.05292951750107, 35.73605832547923], [128.05324151157942, 35.781137755570505]], [[128.05336650334027, 35.799169432134704], [128.05342904086973, 35.80818524995268]], [[128.0535541992889, 35.82621684465311], [128.05361682020362, 35.83523262153268]], [[128.05405594627024, 35.898342677437235], [128.05424456152235, 35.92538963939647]], [[128.0543074891474, 35.93440526605813], [128.05437044473058, 35.94342087905503]], [[128.05614460347945, 36.19585248933739], [128.05620837536736, 36.20486770544273]], [[128.05646374644886, 36.24092843278154], [128.05652766016613, 36.24994358033869]], [[128.05865282550675, 36.547435748113216], [128.05897754799193, 36.59250901312081]], [[128.06041493317733, 36.79082728867449], [128.0604806035397, 36.79984159721848]], [[128.0605463031114, 36.80885589196712], [128.06061203190592, 36.81787017291909]], [[128.0610729528405, 36.88096975316797], [128.06127093007822, 36.90801222333857]], [[128.06133698121616, 36.91702635244216], [128.0614691716617, 36.93505456921175]], [[128.06160147975757, 36.95308273072268], [128.06166767795844, 36.962096790752966]], [[128.06259755161304, 37.08829217965864], [128.06266419305447, 37.097306032278624]], [[128.06420516022723, 37.304620820886754], [128.06427251732234, 37.31363434106545]], [[128.06515089407148, 37.43080884103791], [128.06528648082804, 37.44883547901078]], [[128.06671745805218, 37.63811182260426], [128.06678593432898, 37.64712482889724]], [[128.13529304086603, 34.960212211409285], [128.13550195255425, 34.98726298514364]], [[128.13824328721225, 35.33891194017642], [128.13831420407905, 35.34792830845531]], [[128.1458642215595, 36.285556069481686], [128.14593852420415, 36.29457100159232]], [[128.14848456163605, 36.60107050075831], [128.14856002909323, 36.610084950664344]], [[128.15369356895846, 37.21402158774539], [128.15377135383233, 37.223035096138716]], [[128.15416079795082, 37.268102429729005], [128.1542387908377, 37.27711585476303]], [[128.1575460511039, 37.65566714145581], [128.15762555199717, 37.66467996778477]], [[128.15962463421556, 37.889996089197936], [128.15970506187583, 37.89900855244478]], [[128.16295176778223, 38.25949560617606], [128.1631156295662, 38.277519370380915]], [[128.1631976153506, 38.286531231442176], [128.16327963775342, 38.29554307847454]], [[128.1633616967922, 38.304554911476906], [128.16352592484824, 38.322578535387265]], [[128.06901570242078, 34.87938415406202], [128.06907786042848, 34.888401322319]], [[128.0707036973547, 35.12284295464332], [128.07076660526286, 35.131859757906575]], [[128.0721576713321, 35.330226001332164], [128.07222122511746, 35.33924249278491]], [[128.0747866602638, 35.69989100315024], [128.07491613224295, 35.71792285679031]], [[128.07556522006294, 35.80808130649172], [128.0756302875461, 35.81709707639815]], [[128.0757605092452, 35.835128575248326], [128.07595605882076, 35.86217572109525]], [[128.07602129993853, 35.87119140905755], [128.07608657004096, 35.88020708335749]], [[128.0764133557799, 35.92528524987093], [128.07647880006454, 35.93430084216636]], [[128.07872129232794, 36.240822835842614], [128.07878776213744, 36.24983794876231]], [[128.08289879478713, 36.7997338377854], [128.0829671218649, 36.80874809740278]], [[128.08324073423006, 36.8448049978116], [128.08330921340513, 36.85381918839216]], [[128.0840644979018, 36.95297437295221], [128.08427112674875, 36.98001640575258]], [[128.08434006433154, 36.98903038902929], [128.0844090325882, 36.99804435847549]], [[128.08447803153305, 37.00705831408991], [128.08503112957635, 37.079169460909156]], [[128.0876149790422, 37.41267198047167], [128.0877558627331, 37.43069860258118]], [[128.08945629247486, 37.64701373106003], [128.08952753903327, 37.656026687527714]], [[128.09247616235996, 38.02554590329821], [128.09254875566683, 38.0345582740836]], [[128.09291220842633, 38.079619918448955], [128.0930578167243, 38.09764447837886]], [[128.09334942347877, 38.13369343050481], [128.09371466475332, 38.17875430606994]], [[128.09378781087509, 38.187766439226316], [128.09386098965555, 38.19677855839458]], [[128.0948152928851, 38.313934834166695], [128.09488893053668, 38.3229467573869]], [[128.10210511807495, 34.91529446892965], [128.10217097834936, 34.924311530420454]], [[128.10516517088925, 35.330065285133195], [128.1052323905312, 35.339081723292466]], [[128.10536691940592, 35.357114558848735], [128.10543422866516, 35.3661309562427]], [[128.10550156782335, 35.37514734004517], [128.10556893689377, 35.38416371025465]], [[128.11501561864577, 36.61026279574637], [128.11508721525922, 36.61927728994801]], [[128.11667042097432, 36.81759267121905], [128.1168151182165, 36.83562101080196]], [[128.1198836872204, 37.21420335514848], [128.12003124482655, 37.2322304760713]], [[128.1206227906081, 37.30433840456297], [128.12077100650808, 37.322365247836395]], [[128.12368775915866, 37.67387757468085], [128.12376321605362, 37.68289043283033]], [[128.12843029630488, 38.23264837917281], [128.12850786901222, 38.241660370982046]], [[128.1908138635444, 35.05008118509823], [128.19096578108605, 35.06811457736844]], [[128.19104179047534, 35.07713125314286], [128.19119391056518, 35.095164563962356]], [[128.1925690888364, 35.25746191559888], [128.19272256611382, 35.275494682691416]], [[128.1938007324525, 35.4017225272906], [128.19387800114296, 35.41073869971552]], [[128.19395530415574, 35.419754858507034], [128.19403264150608, 35.42877100366359]], [[128.19589907901616, 35.64515439297862], [128.1959772797926, 35.6541701967678]], [[128.19652565875649, 35.71728044032873], [128.1967612007024, 35.74432748232818]], [[128.199293273725, 36.03282158975234], [128.199372982392, 36.041836804213716]], [[128.20413903319255, 36.57371009366142], [128.2042208955381, 36.58272448137748]], [[128.2062793267045, 36.80807967880207], [128.20636214082293, 36.817093706722616]], [[128.21029625060157, 37.240737366318264], [128.210634883007, 37.276790728166716]], [[128.21405458632657, 37.63731208180749], [128.21414086199124, 37.64632482955354]], [[128.21570041679598, 37.80855189844702], [128.21578742615569, 37.81756438050234]], [[128.22134800950144, 38.38532248642818], [128.22143753964943, 38.39433407043697]], [[128.0363649827987, 34.9065849715822], [128.03648231015111, 34.92461931319993]], [[128.04132272359132, 35.65496465376739], [128.04144445663053, 35.67299674515518]], [[128.04223836257523, 35.79020401078017], [128.0422996223409, 35.799219858863594]], [[128.04248356497604, 35.826267321270784], [128.0425449336746, 35.835283114787366]], [[128.0431601221959, 35.92544029922505], [128.0432217914721, 35.934455942564554]], [[128.04508466614467, 36.2049188840256], [128.04520974279396, 36.22294930870664]], [[128.045334930638, 36.24097967856427], [128.04546022977792, 36.259009993587505]], [[128.04875740682573, 36.72777890168903], [128.04882156399097, 36.73679332378184]], [[128.04907847811398, 36.77285087431674], [128.049207106637, 36.79087956686418]], [[128.04927146381002, 36.79989389245334], [128.04933584960833, 36.80890820425108]], [[128.04972276626987, 36.862993785345175], [128.04985196809278, 36.8810222019866]], [[128.05036992623138, 36.953135316328954], [128.0504348006889, 36.96214939347553]], [[128.05141138881217, 37.097358892223696], [128.05154209369596, 37.115386590314394]], [[128.05206607805115, 37.18749682914068], [128.05213170736184, 37.196510546700594]], [[128.05391478712048, 37.43987568259438], [128.053981239654, 37.44888901197288]], [[128.0553165250984, 37.62915268290862], [128.05538360218742, 37.638165720532434]], [[128.05740987989356, 37.90855037771165], [128.0574778903434, 37.91756298370958]], [[128.0582280107501, 38.016700729286654], [128.058433228665, 38.04373800328994]], [[128.02674708819785, 35.114024819649046], [128.02680513200897, 35.1230417025155]], [[128.0286762107469, 35.411574805108785], [128.02879403842772, 35.42960766305819]], [[128.03111272125466, 35.78123752462602], [128.0311727043668, 35.7902534026304]], [[128.0338997077328, 36.19595377948298], [128.03396092914855, 36.204969028830185]], [[128.03408345361282, 36.222999486425074], [128.03426744457656, 36.250045070047975]], [[128.0343288294186, 36.25906023717825], [128.0343902415417, 36.26807539060088]], [[128.03743311547498, 36.70980108822801], [128.03749590765523, 36.71881555454788]], [[128.03762157580408, 36.73684444585867], [128.0378732476156, 36.77290206312791]], [[128.03818846753268, 36.817973774571726], [128.0382515956657, 36.8269880754952]], [[128.0383779361851, 36.8450166359665], [128.03850438912872, 36.86304514126171]], [[128.0390113272269, 36.93515861047659], [128.039138343854, 36.95318683973771]], [[128.04170255727533, 37.31373981173521], [128.04209114192727, 37.36782084690611]], [[128.0426108722994, 37.43992811724025], [128.04267596887888, 37.44894146360273]], [[128.04391832891434, 37.620192406470785], [128.04398400803524, 37.6292054750642]], [[128.04610127101523, 37.91761632409225], [128.04616792344368, 37.926628933348404]], [[128.11311899040837, 34.92425678112981], [128.11318607769272, 34.93327381085539]], [[128.11446641395443, 35.104594804845654], [128.1145340998286, 35.11361156385124]], [[128.11616761177302, 35.330009710691584], [128.11623605334103, 35.339026130422425]], [[128.11651012376706, 35.37509167342114], [128.1165787174795, 35.38410802518204]], [[128.11976718673, 35.79884548179075], [128.11997740174692, 35.82589257381604]], [[128.12323602522096, 36.240599220713804], [128.12330760705183, 36.24961426028452]], [[128.12619712138635, 36.610204563105626], [128.12627001948113, 36.61921903828414]], [[128.13160480262928, 37.268224918438136], [128.1316801067017, 37.277238383213536]], [[128.13502690331347, 37.673817066550626], [128.13510373185264, 37.68282990514514]], [[128.1368802728459, 37.89012134223902], [128.1369579277641, 37.89913384588387]], [[128.1399346322431, 38.24159862167715], [128.1400136503217, 38.25061057962379]], [[128.09109363965888, 34.90633112106756], [128.09115827398688, 34.91534821398552]], [[128.09252224760314, 35.104704042003554], [128.09265281457704, 35.12273761912405]], [[128.09422869786218, 35.33913631464866], [128.09436078122985, 35.35716918640973]], [[128.09442686692094, 35.36618560191201], [128.09449298196748, 35.375202003826764]], [[128.09675845361332, 35.681751573613354], [128.09682560437392, 35.69076749901979]], [[128.09783645290446, 35.82600474234866], [128.09790408255645, 35.83502044931995]], [[128.0987860070568, 35.952223395946625], [128.09885405857193, 35.96123891148294]], [[128.10097872009905, 36.24071309846303], [128.10104774594714, 36.24972817538723]], [[128.10538781905288, 36.80863607623559], [128.10545880514053, 36.817650285531094]], [[128.10552982280262, 36.82666448101212], [128.10560087205383, 36.835678662677346]], [[128.1085412709033, 37.205248199651344], [128.10861366020055, 37.21426179989413]], [[128.10912128845152, 37.27735661314808], [128.10933932808695, 37.30439703923577]], [[128.112126523661, 37.64689827710949], [128.11220050992154, 37.655911196255204]], [[128.11227452915793, 37.66492410147093], [128.11234858138573, 37.67393699275547]], [[128.1153379037293, 38.0344412071985], [128.11563977944977, 38.07049039974606]], [[128.11677662468588, 38.2056728786579], [128.1170049085487, 38.23270899657274]], [[128.20216451573575, 35.09510152697459], [128.20231918711625, 35.11313474154287]], [[128.20356151643787, 35.25739850054105], [128.20363945551577, 35.26641486984444]], [[128.20504829390578, 35.42870718792146], [128.2055204148993, 35.4828036455629]], [[128.2072623281585, 35.681153116808126], [128.2075808722355, 35.71721594596299]], [[128.2082996688387, 35.798356510585], [128.20845979197938, 35.81638759647512]], [[128.21047337924665, 36.04177154062262], [128.2105543887642, 36.050786719890844]], [[128.21218215957248, 36.23108741718407], [128.21226392839748, 36.24010230753521]], [[128.2149827847585, 36.53758595373321], [128.21531506091142, 36.573643555856364]], [[128.21748931792155, 36.8080125740177], [128.21782605555663, 36.84406851502725]], [[128.2195187590326, 37.02434489069058], [128.21985911059838, 37.06039949935804]], [[128.22148407882705, 37.23165585265874], [128.22156998467258, 37.240669205802114]], [[128.22191399068106, 37.27672247913801], [128.2220000879292, 37.285735762656266]], [[128.22530035393416, 37.62823020367583], [128.22538795962052, 37.637242943047426]], [[128.22714829698472, 37.81749479369776], [128.227236726464, 37.82650723929894]], [[128.2327062078229, 38.37623989882412], [128.23279711805094, 38.38525147410223]], [[128.17969988153112, 35.03210963870818], [128.1798492555482, 35.05014312647545]], [[128.18172766891865, 35.27555714073186], [128.18195448323243, 35.30260625147772]], [[128.18271271710492, 35.3927690690514], [128.182788725858, 35.40178527589208]], [[128.18286476837378, 35.4108014691054], [128.1829408446673, 35.41981764868986]], [[128.18508475586017, 35.672265137565525], [128.1851618182786, 35.68128092125345]], [[128.1857022145768, 35.74439102411005], [128.18577955128504, 35.753406698363335]], [[128.19048318443362, 36.29432205566637], [128.190562645413, 36.30333689241583]], [[128.1990224788831, 37.240804453672624], [128.19910573794763, 37.249817836785965]], [[128.1994391450534, 37.28587123009215], [128.19952258962843, 37.294884543625585]], [[128.20434088789196, 37.808620367536356], [128.20442651652797, 37.81763287169134]], [[127.99393537611995, 35.132197245834725], [127.9940988434943, 35.15924791103252]], [[127.99486457766434, 35.285482739033036], [127.99491945536246, 35.294499410948575]], [[127.99685561011655, 35.61007438512746], [127.99702297086547, 35.637122894602804]], [[127.99825712048293, 35.83547488836858], [127.99831350523549, 35.844490731441496]], [[128.00024556568863, 36.15102127521322], [128.000302833944, 36.16003664030248]], [[128.00390363085535, 36.71896250124204], [128.00396252526497, 36.72797700173455]], [[128.00875998498688, 37.4490923304129], [128.00882104080884, 37.45810571176099]], [[128.00986316152955, 37.61133107209076], [128.0099862836559, 37.62935732133238]], [[128.0120962396064, 37.93579505076259], [128.01215878263756, 37.94480768163639]], [[128.1241352576968, 34.93321805667727], [128.12434029483487, 34.960269008962214]], [[128.1271700222684, 35.329953135076956], [128.12723968574895, 35.338969536047394]], [[128.12751864925482, 35.37503500396354], [128.12758846759587, 35.38405133694355]], [[128.1306913746173, 35.78075650007211], [128.13083386167835, 35.79878792515257]], [[128.1344374901701, 36.24955574960825], [128.13472925331936, 36.28561569370802]], [[128.1391685178138, 36.826488409811276], [128.13924351339062, 36.835502534091276]], [[128.14250008625567, 37.223096777474304], [128.14257656434697, 37.23211029199901]], [[128.1462097174087, 37.65572978916247], [128.1463660132392, 37.67375546837486]], [[128.14825247115004, 37.89005926497468], [128.14833151244764, 37.89907174859766]], [[128.15144178899376, 38.250547697704285], [128.15152225370318, 38.25955962141987]], [[128.7765224469539, 35.34287290465533], [128.7766642966963, 35.35188758345488]], [[128.78267922016136, 35.730491458407606], [128.78282380428183, 35.739505535020044]], [[128.79460108636366, 36.46058602750791], [128.79475096705454, 36.4695989613991]], [[128.80049607513803, 36.812079931950365], [128.8006485765817, 36.82109231189222]], [[128.8049462664983, 37.07343316528226], [128.80510074749, 37.08244513179019]], [[128.81243944588, 37.50599142501977], [128.8125972626629, 37.5150027044526]], [[128.89878550055295, 35.41364762722597], [128.89894134049814, 35.42266174968483]], [[128.90254482300156, 35.629982676715606], [128.90270233245946, 35.638996460778756]], [[128.91439151402727, 36.29696444237278], [128.91455428577783, 36.30597717677391]], [[128.9318837278434, 37.24322345324054], [128.93256638383454, 37.27926828463449]], [[129.2429750211432, 36.049235967700376], [129.2435715848991, 36.07627096220924]], [[129.24897657525355, 36.319580022404], [129.2495811404286, 36.34661370701698]], [[129.26684035006326, 37.10350340265197], [129.26725919025552, 37.121523322737765]], [[128.28042108783694, 35.247910412958326], [128.28068047082155, 35.274959051041954]], [[128.28808529120656, 36.03227089143737], [128.2882649854779, 36.05030094445617]], [[128.28844483946466, 36.06833094235719], [128.28880502716265, 36.104390772759224]], [[128.28898536116347, 36.12242060523694], [128.28943689777256, 36.16749494506173]], [[128.29125310820683, 36.34778885298154], [128.29134434308452, 36.35680340328921]], [[128.29336180238644, 36.55512000898048], [128.29363844202263, 36.58216266309361]], [[128.29410032865687, 36.62723347599556], [128.29419282923936, 36.6362475969705]], [[128.29623828134564, 36.83455474645349], [128.29633173270634, 36.843568548033396]], [[128.29896531766317, 37.09594934274799], [128.29905998232582, 37.10496274059778]], [[128.29915468911844, 37.113976124505974], [128.2994390624723, 37.14101619256809]], [[128.29972381570263, 37.16805613510899], [128.29991386249438, 37.18608269371822]], [[128.3020155810958, 37.384371152473115], [128.30211160371283, 37.39338410354953]], [[128.30346041976074, 37.51956394984675], [128.30365379521933, 37.53758941824778]], [[128.30530446161006, 37.69080363717425], [128.3054019495565, 37.699816112130726]], [[128.30696768052616, 37.84401380317531], [128.30716418328936, 37.862038261853776]], [[128.31203367352387, 38.303619924477495], [128.3123352794688, 38.330654437714486]], [[128.28802425173947, 34.8961965001977], [128.28811038623917, 34.90521323399316]], [[128.29132440615595, 35.238822818042294], [128.29141200665495, 35.24783903433996]], [[128.29167504168947, 35.27488760132987], [128.29176279793754, 35.28390376302021]], [[128.29185059316598, 35.29291991105481], [128.29202630063287, 35.31095216615039]], [[128.29396941780138, 35.50930336308569], [128.29405819317844, 35.51831916921837]], [[128.2970100082281, 35.815833078855846], [128.297100134257, 35.82484841846058]], [[128.29936634407554, 36.05022743665601], [128.29954873034376, 36.068257386225135]], [[128.30221162290223, 36.32968545149129], [128.30239653847352, 36.3477145449151]], [[128.3024890579028, 36.35672907087899], [128.3025816184528, 36.36574358300898]], [[128.30350948972458, 36.455887943132545], [128.30360250384308, 36.46490230299619]], [[128.3053776495762, 36.636172507148125], [128.3055653806221, 36.65420065843179]], [[128.30735717576084, 36.825465325000486], [128.3074519007409, 36.834479115841226]], [[128.31031332992347, 37.10488636809849], [128.31040937014055, 37.113899727187885]], [[128.31069774732887, 37.14093972075879], [128.31079395863702, 37.14995302404563]], [[128.3111792322951, 37.18600609764081], [128.31127565791587, 37.195019331145026]], [[128.3114686379449, 37.2130457562709], [128.31156519239323, 37.22205894788994]], [[128.31292147699577, 37.348242163714374], [128.31301867829708, 37.35725514573305]], [[128.3132132107755, 37.3752810678182], [128.31331054199316, 37.38429400788215]], [[128.31664572809723, 37.69072563925788], [128.3167445886168, 37.69973808901207]], [[128.31823279605467, 37.83492315089218], [128.31833236414306, 37.84393537600011]], [[128.32306251676866, 38.267494086245605], [128.32346968305754, 38.30354019893701]], [[128.26071998015718, 35.49148474913119], [128.26089002203148, 35.50951654349341]], [[128.2673768621006, 36.18566922740185], [128.26746482153015, 36.19468407384952]], [[128.27030025850078, 36.483151870254], [128.27047881565173, 36.50118063754186]], [[128.27056815376412, 36.51019500042652], [128.27083640646694, 36.53723800602675]], [[128.2713739861578, 36.59132364336056], [128.27146372224507, 36.60033786776921]], [[128.2715534982303, 36.609352078322665], [128.27164331413178, 36.61836627501955]], [[128.27399259849014, 36.85273052100626], [128.27408349910166, 36.861744343060465]], [[128.2765531613337, 37.10511228202234], [128.2766452012188, 37.11412571452725]], [[128.2769215667278, 37.14116592844755], [128.277013770579, 37.150179305218494]], [[128.27961221055781, 37.4025481917831], [128.27970561236205, 37.41156116386702]], [[128.28064192159866, 37.50169011593943], [128.2807357820726, 37.51070293424242]], [[128.2813939773118, 37.57379227064137], [128.28186537496373, 37.61885566249165]], [[128.28224324990262, 37.654906123935454], [128.2825270984177, 37.681943822945506]], [[128.28442915191417, 37.86219192556476], [128.2845247004738, 37.8712041834064]], [[128.14960787424462, 35.383934951005244], [128.14968017390237, 35.39295123181542]], [[128.15430039752445, 35.96094941721842], [128.154523649322, 35.98799559585799]], [[128.16151655687437, 36.8173516443933], [128.1615941487455, 36.82636574253193]], [[128.1659948471196, 37.33113311446916], [128.16607443200513, 37.34014642176689]], [[128.16888234938148, 37.65560340442846], [128.16896322064784, 37.66461621015555]], [[128.17058823816754, 37.84486939259626], [128.1709967614245, 37.88993181491932]], [[128.17454793158583, 38.2774542001609], [128.17463133056944, 38.28646604027495]], [[128.1747147668025, 38.29547786635501], [128.174798240303, 38.304489678399925]], [[128.2352380426412, 35.112939545904354], [128.23531905635423, 35.12195606790509]], [[128.23999681941308, 35.635875288946934], [128.2401631114347, 35.65390673623013]], [[128.2465929292913, 36.33906103711972], [128.24676508402058, 36.357090339484095]], [[128.25164807631677, 36.86188834247717], [128.25173638221344, 36.87090219755042]], [[128.25182472739127, 36.879916038738614], [128.25191311186836, 36.88892986604044]], [[128.25235562438004, 36.93399879420737], [128.2524442450351, 36.94301253816303]], [[128.25279912210635, 36.97906737501594], [128.25315463117747, 37.01512198945395]], [[128.25395684342251, 37.09624405830041], [128.25404617656622, 37.10525755193329]], [[128.25512128069008, 37.21341838945873], [128.2553010235702, 37.231445000687195]], [[128.25692593071253, 37.39368199181456], [128.2570165857017, 37.40269502543553]], [[128.25710728106623, 37.411708045095175], [128.25737960960112, 37.4387470202936]], [[128.2592961318657, 37.628016325287845], [128.25938784280513, 37.6370289955102]], [[128.26141585846153, 37.835304197897194], [128.26169395016754, 37.8623412000288]], [[128.26666877074055, 38.33997406436914], [128.26704902714334, 38.37602022417153]], [[128.2128997168533, 35.067987637627866], [128.21297813858516, 35.077004271169194]], [[128.2165434072554, 35.482738696193465], [128.21662344751948, 35.49175470320418]], [[128.21928481695988, 35.789275264194764], [128.21936607498856, 35.79829080603694]], [[128.22397461575036, 36.30313922910939], [128.22405795756927, 36.31215398729573]], [[128.2260693122685, 36.528504043598325], [128.22615358518377, 36.537518456619914]], [[128.22912686389662, 36.85301419315789], [128.22921249648, 36.86202810763864]], [[128.23110608176293, 37.060330713960745], [128.23119259492867, 37.06934430902492]], [[128.23859893918095, 37.82643653407831], [128.23868879001125, 37.835448942859784]], [[128.2440615666684, 38.367156225411264], [128.24415385570802, 38.37616779160999]], [[128.29905542611888, 34.90514176641413], [128.29914279531798, 34.9141584627936]], [[128.30116303422255, 35.121538723935835], [128.30125133968545, 35.13055509358127]], [[128.30213655459312, 35.22071803990116], [128.3023140698104, 35.23875046541672]], [[128.30275854825652, 35.28383129024857], [128.30284756244018, 35.29284741423825]], [[128.30302570944184, 35.310879621228295], [128.3031148422949, 35.319895704225516]], [[128.30982173958256, 35.987047814778926], [128.3100983176436, 36.01409293446774]], [[128.31019059226367, 36.023107946797026], [128.31028290788112, 36.032122945340355]], [[128.31335244471265, 36.329610153795855], [128.31344616534867, 36.33862468275038]], [[128.31372757725396, 36.365668186588316], [128.31391539371188, 36.38369711994469]], [[128.31457406739665, 36.4467979505389], [128.31485698397023, 36.473840955873854]], [[128.31665757579248, 36.645110425132586], [128.31675276568666, 36.65412446896446]], [[128.3169432724727, 36.672152514969476], [128.3170385894034, 36.681166517139864]], [[128.31847344044516, 36.816374882136664], [128.31856943787508, 36.825388661903844]], [[128.3225423235684, 37.194941638881936], [128.32264013146175, 37.20395483320107]], [[128.3227379828937, 37.21296801355257], [128.32283587788456, 37.22198117993512]], [[128.3239156034982, 37.3211250878222], [128.3242109928557, 37.34816404182629]], [[128.32430954367837, 37.3571769985194], [128.3245067770022, 37.37520286993556]], [[128.32949514743055, 37.825831439293054], [128.3295960528963, 37.83484365280406]], [[128.2732152121264, 35.64468285562428], [128.2733020992006, 35.65369850366273]], [[128.27461004648356, 35.788931578350486], [128.27496030652662, 35.8249932100213]], [[128.27769602493015, 36.104463395787796], [128.27787381985618, 36.12249327598597]], [[128.2783189989015, 36.1675677352059], [128.27849734758829, 36.18559742235333]], [[128.28010963740869, 36.34786212205552], [128.28019958771634, 36.35687669636663]], [[128.2812821150003, 36.4650505095078], [128.28137258646183, 36.47406490401088]], [[128.28246138620577, 36.582236558035056], [128.2825523819285, 36.591250772493844]], [[128.28282561191477, 36.61829333270907], [128.28291676957818, 36.627307491722526]], [[128.28511675599142, 36.84364314546554], [128.28520893256282, 36.85265695745002]], [[128.28771326078663, 37.09602462292727], [128.2878065925982, 37.105038045243184]], [[128.2908152481044, 37.393460194143046], [128.29090996091713, 37.40247315589288]], [[128.2920498105523, 37.510627606224205], [128.29214507328143, 37.519640386158166]], [[128.2923357260814, 37.537665904041006], [128.29271754160823, 37.57371677183158]], [[128.29386707915884, 37.681868030688634], [128.29396315168896, 37.69088054451315]], [[128.29579668920667, 37.862115642358795], [128.29589362205238, 37.871127875591206]], [[128.30089497859987, 38.33073312432634], [128.30099418699027, 38.33974462580401]], [[128.31008899281645, 34.91408598557784], [128.31026624210165, 34.932119289221745]], [[128.31213689643548, 35.121465689695], [128.31222641113297, 35.130482035059124]], [[128.31411543209234, 35.319822134576455], [128.31456780152908, 35.36490222247992]], [[128.31602215214963, 35.50915620448926], [128.3161133926309, 35.518171961934975]], [[128.317395023012, 35.64439112624488], [128.31748687331083, 35.653406677924806]], [[128.3190545857082, 35.80666895455437], [128.319147173208, 35.81568425886209]], [[128.32082079945147, 35.977957382457895], [128.32091417160046, 35.98697242512187]], [[128.32119453702444, 36.01401747039426], [128.32128807522056, 36.02303245790695]], [[128.3219440072883, 36.08613698425111], [128.32203787848022, 36.09515186139054]], [[128.32506388268516, 36.383620633797854], [128.32515914032604, 36.39263505466394]], [[128.32544516736283, 36.419678234151256], [128.32573157597722, 36.44672128894235]], [[128.3260183666925, 36.47376421899898], [128.3261140485995, 36.4827785012925]], [[128.32803664471305, 36.66306123364119], [128.32813322392613, 36.67207522447506]], [[128.32822984608416, 36.68108920141458], [128.32832651120694, 36.6901031644584]], [[128.32861676456142, 36.717144970201744], [128.32881048198414, 36.73517277119348]], [[128.33331387088688, 37.14979682202491], [128.33341279774518, 37.15881006062012]], [[128.33390809292578, 37.20387604406369], [128.3340072842836, 37.212889198836756]], [[128.33510130800803, 37.31203297870882], [128.33520103059246, 37.321045965696925]], [[128.33932812832398, 37.690566371744744], [128.33942973392718, 37.6995787700374]], [[128.33408450108837, 35.121316641105444], [128.33417643420236, 35.130332936916304]], [[128.334913370758, 35.202462811867896], [128.33500567205357, 35.211478984770906]], [[128.33648808105076, 35.355735891775545], [128.33658108180845, 35.364751832167265]], [[128.34271558702017, 35.95075851858118], [128.3430030158656, 35.97780357753876]], [[128.34396388295906, 36.06795287713566], [128.34415656909283, 36.08598257137939]], [[128.34687222875363, 36.338392483927315], [128.34696984281516, 36.347406922968204]], [[128.34873433381654, 36.50966445505766], [128.34883277557088, 36.51867863060325]], [[128.3502155643071, 36.64487562995379], [128.35031466460623, 36.653889597116525]], [[128.35200612812034, 36.80712491053621], [128.35210602468996, 36.816138627226536]], [[128.35583360709123, 37.1496363417993], [128.35593520659503, 37.15864952826734]], [[128.3575669631073, 37.30285860968204], [128.35766933424824, 37.31187155832407]], [[128.3636855509785, 37.834598581402275], [128.3637906484328, 37.843610701777976]], [[128.3684616525622, 38.24013004610061], [128.36867615787006, 38.25815300351641]], [[128.323110718903, 35.121391662080946], [128.32320144281763, 35.13040798283355]], [[128.32392868642577, 35.202538057513756], [128.3241109013951, 35.220570439641726]], [[128.33002805951256, 35.79757774801492], [128.3301218560628, 35.80659304105864]], [[128.33305030931726, 36.08606029236905], [128.33314544856376, 36.09507514430923]], [[128.33573025022264, 36.338470922142214], [128.3358265803796, 36.34748538688233]], [[128.3363088737584, 36.392557502811776], [128.33659876456483, 36.419600606101106]], [[128.337276681317, 36.4827006952447], [128.337567863291, 36.509743382557794]], [[128.3376650102567, 36.51875758391392], [128.33776220040917, 36.527771771393574]], [[128.3391274082582, 36.65396893829415], [128.3392252485939, 36.662982917458706]], [[128.3395190307108, 36.69002477155396], [128.3398132049129, 36.71706650052246]], [[128.34000953914023, 36.735094250301536], [128.3401077717419, 36.74410810432696]], [[128.3522187620572, 37.82566920688814], [128.3523224309742, 37.834681368045594]], [[128.35724739838145, 38.25823705268088], [128.35735331129123, 38.26724853721198]], [[128.16837080628827, 34.98708649061084], [128.16844410967605, 34.99610332933153]], [[128.16888461436608, 35.0502040769904], [128.16903171031643, 35.06823755106148]], [[128.16910530730377, 35.07725426774957], [128.16932629448704, 35.10430433640516]], [[128.17095589508747, 35.30266777158536], [128.17125390050742, 35.338733143680265]], [[128.17471928376375, 35.75346924431189], [128.17479540721783, 35.7624849255116]], [[128.1749477555912, 35.78051624686083], [128.17510023935267, 35.79854751346668]], [[128.17887872163504, 36.24029641271399], [128.17895669316545, 36.24931135295999]], [[128.18186613340092, 36.58285445659223], [128.1820247675602, 36.600883275511634]], [[128.18865176055175, 37.34001715259247], [128.1888164344755, 37.358043641621215]], [[128.19306556871715, 37.817700267253315], [128.19314985417887, 37.82671277916934]], [[128.24629314576603, 35.121888994141514], [128.24637540480126, 35.13090548024]], [[128.25112507300977, 35.644822644208446], [128.2512094783672, 35.65383833841945]], [[128.25239509783228, 35.78005661834729], [128.25248006735805, 35.789072106923115]], [[128.2563430225981, 36.194754869223104], [128.25642974617315, 36.20376972511206]], [[128.25904945274704, 36.474208983908326], [128.25913737920007, 36.48322341170586]], [[128.25931334938346, 36.50125222580394], [128.25940139314966, 36.510266612101724]], [[128.2595775981205, 36.52829534318783], [128.2598421994421, 36.555338336022565]], [[128.2602839864837, 36.60040971386998], [128.2603724617799, 36.6094239478955]], [[128.26367385572485, 36.942940857977085], [128.26403402779792, 36.97899560146559]], [[128.265027811947, 37.07814499853178], [128.26520902307348, 37.09617198071559]], [[128.26529968912533, 37.10518545092306], [128.26539039552796, 37.11419890720584]], [[128.26575362502186, 37.15025259306413], [128.2659354823623, 37.168279352411396]], [[128.2683144186186, 37.40262214830139], [128.26840646721257, 37.411635144348026]], [[128.26914433346883, 37.483738609762135], [128.26932921115818, 37.50176433635901]], [[128.2705349390929, 37.61893019568217], [128.27062797694947, 37.62794285614916]], [[128.27072105626846, 37.63695550261823], [128.270907339372, 37.65498075355768]], [[128.2255462672849, 35.25726867510471], [128.22562664127472, 35.266285001319524]], [[128.22895289678772, 35.6359426292025], [128.22903478398632, 35.644958381935304]], [[128.2302674660911, 35.780193029637466], [128.23034993724747, 35.789208563197185]], [[128.234183483378, 36.203908261537165], [128.23443622879756, 36.23095288287905]], [[128.23519648953533, 36.31208600251505], [128.23545058614397, 36.339130127469836]], [[128.23723877910214, 36.528435522663216], [128.23732434814332, 36.53744991328137]], [[128.2402564451614, 36.843930956686044], [128.2403433561195, 36.852944862454365]], [[128.240430305737, 36.86195875434559], [128.24060432102152, 36.87998649649148]], [[128.24069138672436, 36.88900034674349], [128.2411272965611, 36.93406938974103]], [[128.24191438148267, 37.01519279201865], [128.2420020300369, 37.024206433896154]], [[128.2424408581865, 37.06927443472556], [128.24252874101913, 37.07828799317069]], [[128.2460763196985, 37.438818911117764], [128.24652422552415, 37.48388370692005]], [[128.25550775392855, 38.36708302403313], [128.25560146235952, 38.37609456672168]], [[126.59139706402479, 34.913389331160204], [126.59129768733929, 34.922405757547345]], [[126.5906008133314, 34.98552035990771], [126.59050108292489, 34.994536677032265]], [[126.59030148918491, 35.012569270283926], [126.5895013390088, 35.08469909641719]], [[126.5881950165709, 35.20190819596498], [126.58748848220219, 35.26501982905876]], [[126.58708376108872, 35.301083317722664], [126.58688113078219, 35.31911497973767]], [[126.58402532876636, 35.57155247816208], [126.58392267763766, 35.580567903673284]], [[126.57704590555993, 36.17555546852472], [126.57694015384696, 36.18456996806346]], [[126.57320908642777, 36.50006870216748], [126.57310162949666, 36.509082701396395]], [[126.62916493142674, 33.380552550459285], [126.62907500870082, 33.38957132458649]], [[126.61884069811684, 34.39057190462662], [126.61874618203777, 34.39958917319971]], [[126.6098685883003, 35.229119726908046], [126.60977008593275, 35.23813572881329]], [[126.6094743162351, 35.265183652337676], [126.60937563873966, 35.27419959944335]], [[126.60917815223816, 35.29223145254138], [126.60907934319329, 35.30124735853054]], [[126.60878265264908, 35.32829499423942], [126.60868366793297, 35.33731084538419]], [[126.59574844774566, 36.48221193423539], [126.59543398119283, 36.50925414180153]], [[126.59396091373274, 36.63544945434645], [126.59332678744876, 36.68953232406311]], [[126.40713406750805, 36.39950032318472], [126.4070078209523, 36.40851401272344]], [[126.46265281271037, 34.70496274598908], [126.46254023218145, 34.71397913659406]], [[126.46163778541292, 34.78610976851968], [126.46129854026962, 34.813158529459095]], [[126.4566166027634, 35.18281254582599], [126.45650134081181, 35.19182820861299]], [[126.44046151521815, 36.408815538601786], [126.44033907656289, 36.41782931283369]], [[126.43787884233048, 36.59810185701718], [126.43775525563579, 36.607115337089404]], [[126.43213660094273, 37.0127074035382], [126.43201046041897, 37.021720237010776]], [[126.43611154369923, 33.342970944865776], [126.4358920970825, 33.36100755936454]], [[126.41804177285137, 34.77671283671287], [126.41792403739987, 34.78572899064945]], [[126.39585670098774, 36.40841142209393], [126.39572911036934, 36.417425064035285]], [[126.40782708916254, 34.72251820623681], [126.40770848174668, 34.73153440995522]], [[126.40628107592633, 34.83972778348811], [126.40616178167278, 34.848743808639135]], [[126.38470563770514, 36.40830779049032], [126.38457675916004, 36.417321398507326]], [[126.45036645777054, 34.81306471244579], [126.45025208488008, 34.82208090736595]], [[126.44575168888306, 35.173701794397964], [126.44563526608577, 35.18271743937551]], [[126.44247222865222, 35.426134638316135], [126.44235434926314, 35.43514989674028]], [[126.42943390035737, 36.3997023153248], [126.42931022863948, 36.40871607099376]], [[126.54336397006503, 33.3618822099006], [126.54326525822853, 33.37090079506485]], [[126.52868752434881, 34.660419797907075], [126.52858228442312, 34.66943643727726]], [[126.52710400626518, 34.79566795537814], [126.52699806277931, 34.804684389954176]], [[126.52593603579216, 34.89484798377487], [126.52572306376682, 34.9128805383917]], [[126.52561650679127, 34.921896795170746], [126.52550990247948, 34.930913038261316]], [[126.52540325081074, 34.93992926766173], [126.52518980531927, 34.9579616853854]], [[126.52497617015062, 34.97599404832834], [126.52486928138534, 34.98501020925285]], [[126.52098950007387, 35.30958286531716], [126.52044571930715, 35.35466099226595]], [[126.51270463989233, 35.985718538754256], [126.51259230024287, 35.99473315516522]], [[126.50599046715999, 36.51755711019905], [126.50587514382977, 36.52657090514921]], [[126.37457843084665, 34.758284412848454], [126.37433361551973, 34.77631649727904]], [[126.37372062490638, 34.82139646760307], [126.37359786334282, 34.830412420382046]], [[126.3732292513417, 34.857460196115916], [126.37310627149168, 34.866476093820374]], [[126.34764796822432, 36.65135032595123], [126.34576169850267, 36.7775327816342]], [[126.34549127174067, 36.79555862099696], [126.34522060439997, 36.813584403890374]], [[126.3639008724036, 34.74015087286635], [126.36365390137286, 34.75818294454211]], [[126.36291167056689, 34.81227882929094], [126.36278777301425, 34.82129476189838]], [[126.36167021531998, 34.902437535436725], [126.36154576627614, 34.911453330250296]], [[126.33401125150534, 36.81347501263845], [126.33387451372147, 36.82248784725293]], [[126.33277841985534, 36.89459001536479], [126.33250378658003, 36.91261541600423]], [[126.38404513845511, 34.86657698555651], [126.38367945371355, 34.89362469700094]], [[126.37999568471605, 35.1640949871463], [126.37987204520974, 35.1731104494933]], [[126.35936540532568, 36.615405248418924], [126.35883383150072, 36.65145802672879]], [[126.35696586201313, 36.77764097542192], [126.35669805887677, 36.79566688534443]], [[126.35210509667706, 34.80316026362708], [126.35198006419249, 34.81217617574821]], [[126.34706023085255, 35.16378598510806], [126.34693295747131, 35.172801344788745]], [[126.32266390781176, 36.82237736371005], [126.32238762042923, 36.84040291852921]], [[126.3221110872355, 36.85842841678328], [126.32197272838843, 36.8674411446947]], [[126.32128001051326, 36.912504572036525], [126.32114128201081, 36.92151721505151]], [[126.53792929569323, 34.80477130426129], [126.53782449544477, 34.81378775418531]], [[126.53698441559591, 34.88591886160233], [126.53687919557626, 34.89493518850729]], [[126.53656325497559, 34.92198408715229], [126.53635239391872, 34.9400166178406]], [[126.53614134547857, 34.958049093786606], [126.53593010949078, 34.97608151497697]], [[126.52699628773989, 35.72437853859684], [126.52688663115575, 35.73339358650544]], [[126.51313631668262, 36.83312521910252], [126.51267274223605, 36.86917847796389]], [[126.47368204482686, 34.69603877456965], [126.47357069814909, 34.705055209762016]], [[126.46964224235013, 35.020621811024625], [126.46918937531474, 35.056685495148535]], [[126.46907603280246, 35.06570138181846], [126.4689626399446, 35.07471725474061]], [[126.44893506638762, 36.607214474215674], [126.44869033012637, 36.62524145706052]], [[126.48360556678365, 34.77727792928779], [126.48349496269688, 34.786294271933734]], [[126.48015389377797, 35.05677817843672], [126.48004175635431, 35.06579409594442]], [[126.47608540853595, 35.38134253994424], [126.47597146401829, 35.39035796172705]], [[126.4756293267207, 35.41740414426571], [126.4755151796317, 35.42641951083658]], [[126.45473792513764, 37.003894630370006], [126.45461449352338, 37.01290754301223]], [[126.4956245263307, 34.687204197598156], [126.49551559582328, 34.69622070727737]], [[126.4946424076204, 34.76835229262544], [126.49453304076022, 34.77736867925751]], [[126.49189361032984, 34.99375785037325], [126.49178302233838, 35.00277389448395]], [[126.48956091768126, 35.183091892685255], [126.48944929353466, 35.192107648266436]], [[126.48720636953996, 35.37241986856877], [126.48709369959026, 35.38143533489159]], [[126.48698097959736, 35.3904507874222], [126.48664251913723, 35.417497062244664]], [[126.48174137600353, 35.80514666659951], [126.48162627865456, 35.8141614690851]], [[126.46609767852247, 36.994980113254876], [126.46597562765503, 37.00399307198344]], [[126.34468629631114, 34.550606502521504], [126.34456163408265, 34.55962276530689]], [[126.34205672463114, 34.7399451343293], [126.34193089405214, 34.748961108309075]], [[126.3111744466218, 36.84029130565909], [126.31089528179608, 36.85831673117269]], [[126.33024443091615, 34.80295208077991], [126.32998954969665, 34.82098375224065]], [[126.32871174203817, 34.91114128163836], [126.32858364887112, 34.92015695864491]], [[126.32890809236737, 33.32396794581536], [126.32878742814104, 33.33298595716031]], [[126.31186667299741, 34.559308920568704], [126.31173842828767, 34.568325064509224]], [[126.30903208763634, 34.75766090619147], [126.30890258351793, 34.766676747022046]], [[126.30669219043156, 34.919943928562084], [126.3061696681426, 34.95600621433901]], [[126.4407022431303, 34.713791212308905], [126.44058724283691, 34.72280752641661]], [[126.43978080890626, 34.78592134138527], [126.43966539923747, 34.79493754581926]], [[126.43931886250684, 34.82198607681239], [126.43908758135878, 34.84001836219988]], [[126.43477161591238, 35.17360572447341], [126.43465398111927, 35.182621337534734]], [[126.30083904550416, 34.56821846879144], [126.30070956764068, 34.577234563277564]], [[126.29521923556527, 34.95589807682727], [126.29508726105911, 34.9649135776628]], [[126.28980906622064, 34.5771269586822], [126.28967835415887, 34.586143003371234]], [[126.28413568826493, 34.96480441687388], [126.28400245579247, 34.97381986750327]], [[126.2755769728634, 33.296396372644494], [126.27545094646163, 33.30541424796928]], [[126.2496353455683, 35.0726541696849], [126.24908473311463, 35.108714777947725]], [[126.26100986988486, 35.04572102641499], [126.26060116569265, 35.07276674082874]], [[126.39085185167062, 35.173211494484775], [126.39072936912702, 35.18222697657635]], [[129.43829892559756, 35.86594841199611], [129.43873812771767, 35.883970327012676]], [[129.32841975850903, 35.90373020861405], [129.32862715640354, 35.91274168666704]], [[129.32883464639883, 35.9217531501281], [129.32924990285755, 35.939776033266604]], [[129.34595106642624, 36.65163305351478], [129.34616625249504, 36.660643313899925]], [[129.4929723907854, 35.83801022900379], [129.49319790215105, 35.84702093984316]], [[129.5151043091181, 35.837641021690764], [129.51533232067342, 35.84665161092591]], [[126.29693010674552, 33.30562408552437], [126.29668230693635, 33.323659938730366]], [[126.33953057093997, 33.33308680343986], [126.33941095965794, 33.342104835665005]], [[126.17906943431842, 33.286388962911786], [126.17893352802085, 33.29540651418784]], [[126.25422842477029, 33.28716508042181], [126.25410024631672, 33.29618289647132]], [[126.16846962299847, 33.2772568547578], [126.168332673835, 33.286274380546665]], [[126.24362047589159, 33.27803919521636], [126.24349125095961, 33.28705698793823]], [[126.23288446318892, 33.277930212740614], [126.23275413472143, 33.28694796827761]], [[126.21128007692852, 33.28672714749258], [126.2111474824163, 33.295744814140164]], [[126.5937214926354, 37.599939267951925], [126.60504869922912, 37.600025710166065]], [[126.61637595391993, 37.60011106542965], [126.62770325609942, 37.600195333728514]], [[126.70699564992977, 37.60075477565713], [126.7183233101143, 37.600830347750225]], [[126.79761807367157, 37.60132891336984], [126.82027406930099, 37.60146157636206]], [[126.9335561421478, 37.60205965834202], [126.9448845269387, 37.60211348661254]], [[126.97886985790907, 37.60226844760793], [126.99019835840241, 37.60231792663914]], [[127.04684125974579, 37.6025490116752], [127.06949859506031, 37.602633834158055]], [[127.5566456418716, 37.60340540931386], [127.56797476354653, 37.60339942799467]], [[127.6812656788238, 37.60327980199275], [127.69259472680582, 37.60326185815523]], [[127.907843977059, 37.60271430710824], [127.9305014049397, 37.602633834158055]], [[128.88196969757703, 37.59532739294626], [128.8932942607052, 37.595194227806964]], [[126.68463545808861, 37.57356251617219], [126.69595893665603, 37.57364018700427]], [[126.70728245839179, 37.57371677183158], [126.7186060226882, 37.57379227064137]], [[126.8431678651453, 37.574551076943514], [126.87714005138034, 37.57473521545988]], [[126.8997883437703, 37.574852543556], [126.91111253861166, 37.574909578300165]], [[127.01303164215044, 37.575374010235315], [127.02435612583871, 37.57542018243098]], [[127.03568063506789, 37.57546526832671], [127.04700516922993, 37.57550926791504]], [[127.0923035430468, 37.57567440305103], [127.10362819275302, 37.575712970996484]], [[127.14892699834449, 37.57585637923219], [127.18290130261713, 37.575952528521654]], [[127.20555092495339, 37.57601119611577], [127.21687576014352, 37.57603890031831]], [[127.33012484791814, 37.57625618953568], [127.34144981690395, 37.57627194309732]], [[127.4660249039008, 37.57637352671192], [127.51132503284397, 37.57637787254671]], [[127.77179938946244, 37.57606551811832], [127.79444907504664, 37.57601119611577]], [[128.2813939773118, 37.57379227064137], [128.29271754160823, 37.57371677183158]], [[128.5984356992804, 37.571267834635464], [128.6210799256139, 37.571054945220375]], [[128.6663676513072, 37.570616139620014], [128.67768942773606, 37.570503724415275]], [[126.77531179421092, 37.565140636819315], [126.7866342369149, 37.56520959695856]], [[126.85456967593578, 37.565600556653884], [126.86589237390187, 37.565661916312244]], [[126.91118350004903, 37.5658964965956], [126.92250636211857, 37.56595242703029]], [[126.95647513188386, 37.566113703058534], [127.0357365874347, 37.56645200690629]], [[127.0470597570596, 37.566495992264585], [127.05838295099794, 37.5665388916595]], [[127.06970616864193, 37.56658070508389], [127.09235267261606, 37.56666107399363]], [[127.12632259117626, 37.566773482411975], [127.1489693048584, 37.56684299132091]], [[127.21690987870102, 37.56702545337665], [127.22823336440894, 37.567052062567996]], [[127.80573704651681, 37.566968976845025], [127.82838390608518, 37.56690815614632]], [[127.87367740882377, 37.566773482411975], [127.88500073588001, 37.56673709894048]], [[128.58698252148014, 37.56236071304652], [128.59830335995485, 37.56225593064267]], [[128.62094485949467, 37.56204311007086], [128.63226551934596, 37.56193507193818]], [[128.666227131943, 37.56160444636838], [128.68886789514193, 37.56137860352849]], [[126.5367374976164, 37.6265274043125], [126.54806855496838, 37.62661937021543]], [[126.63871880621677, 37.627315930659904], [126.6500503025383, 37.62739810465133]], [[126.67271343175612, 37.627559188438475], [126.68404506343377, 37.62763809820744]], [[126.7520357540711, 37.62808870626315], [126.79736369415902, 37.62836734829325]], [[126.94468347490164, 37.62915268290862], [126.97868111329572, 37.629307794284564]], [[126.99001371634411, 37.62935732133238], [127.00134634683491, 37.62940575999425]], [[127.03534439686452, 37.62954454558478], [127.04667713102776, 37.62958863062431]], [[127.10334115555627, 37.62979272931706], [127.11467402693613, 37.629830283707186]], [[127.35266817664498, 37.63036748261333], [127.36400136333128, 37.63038108966568]], [[127.45466706906576, 37.63045075792115], [127.46600029966469, 37.630454567911]], [[127.54533293093425, 37.63045075792115], [127.5793326056538, 37.63043279655043]], [[127.63599863666873, 37.63038108966568], [127.64733182335503, 37.63036748261333]], [[127.97598831229521, 37.629499372128215], [128.0099862836559, 37.62935732133238]], [[128.04398400803524, 37.6292054750642], [128.0553165250984, 37.62915268290862]], [[128.22530035393416, 37.62823020367583], [128.27062797694947, 37.62794285614916]], [[126.62749270310535, 37.618220237707924], [126.6388227855058, 37.61830347283396]], [[126.68414357217222, 37.618625536247734], [126.69547388005972, 37.61870333276179]], [[126.77478721272756, 37.61921745032839], [126.78611784972115, 37.6192865444014]], [[126.89942623096859, 37.619917651104835], [126.91075725682065, 37.61997477814211]], [[126.9447505221096, 37.620139631379914], [126.95608167108568, 37.620192406470785]], [[126.97874405620125, 37.62029469261709], [126.990075291122, 37.620344203655556]], [[127.0014065534722, 37.62039262665988], [127.0127378426424, 37.62043996162204]], [[127.03540049900518, 37.62053136738856], [127.05806325533494, 37.62061842089446]], [[127.06939466946382, 37.6206603155315], [127.11472055151856, 37.62081701314682]], [[127.34135415571286, 37.62133934754726], [127.35268596607126, 37.62135403840283]], [[127.46600440493991, 37.62144109554985], [127.47733626894392, 37.6214438160919]], [[127.55665931697202, 37.621432389817805], [127.56799117366067, 37.62142640462926]], [[127.64731403392875, 37.62135403840283], [127.6699776461111, 37.62132356849241]], [[127.95326813502112, 37.620575438177774], [127.96459950099484, 37.62053136738856]], [[128.02125594379876, 37.62029469261709], [128.04391832891434, 37.620192406470785]], [[128.2705349390929, 37.61893019568217], [128.28186537496373, 37.61885566249165]], [[126.57117926078887, 37.59075078940315], [126.59383079593985, 37.59092687767666]], [[126.71841758962488, 37.59181766937895], [126.74107030355489, 37.591965504487824]], [[126.82035605481704, 37.5924486939034], [126.83168274164905, 37.59251337370279]], [[126.87698984198549, 37.59276122431584], [126.89964359544089, 37.592878628328414]], [[126.92229747793098, 37.592991684706874], [126.93362446604286, 37.59304658250975]], [[126.97893271673779, 37.59325530426858], [127.00158701251445, 37.593353143355856]], [[127.03556865552382, 37.59349174956297], [127.0468959205845, 37.5935357776215]], [[127.1488423287504, 37.59388311354033], [127.16016980990187, 37.593916271124165]], [[127.18282482638092, 37.59397932504445], [127.20547991103697, 37.594038030600295]], [[127.46601670979608, 37.59440059564906], [127.47734447218279, 37.59440331355324]], [[127.69257149488281, 37.59424839361491], [127.7038991659578, 37.59422936844349]], [[127.71522682607547, 37.59420925613944], [127.72655447462714, 37.594188056706095]], [[127.74920973459751, 37.59414239646575], [127.76053734479885, 37.594117935666326]], [[127.8964674010666, 37.59373961251071], [127.90779478178042, 37.5937010196095]], [[128.6779733826068, 37.58852699546748], [128.71194651472743, 37.58818301461894]], [[128.87047978665208, 37.58644852990365], [128.8818030595411, 37.58631649363272]], [[129.05164290822603, 37.58420566379873], [129.0629649209763, 37.58405625714917]], [[126.68453716853986, 37.58257514822009], [126.70718689815854, 37.582729453777155]], [[126.74116181042196, 37.58295276431631], [126.79778747122269, 37.58330322027724]], [[126.83176332516652, 37.58350045637978], [126.84308868240991, 37.58356402876846]], [[126.88839045814426, 37.58380745314906], [126.92236713701574, 37.583978612721644]], [[127.00164711194749, 37.584339954491426], [127.01297293459592, 37.584387228266934]], [[127.02429878340558, 37.58443341539879], [127.03562465776815, 37.58447851587932]], [[127.06960242809059, 37.58460729733912], [127.08092839858196, 37.58464805114138]], [[127.10358040649061, 37.584726298678554], [127.1149064426912, 37.58476379240051]], [[127.16021078827428, 37.584902900167705], [127.18286307301715, 37.58496593369881]], [[127.51132639822426, 37.585391415320736], [127.55663197895196, 37.585378373601635]], [[127.70387457843854, 37.58521589624324], [127.71520087261655, 37.58519579044276]], [[127.72652715523397, 37.58517459786453], [127.74917968335345, 37.58512895238901]], [[127.76050592763862, 37.58510449949929], [127.77183215792957, 37.58507895984696]], [[127.79448457409512, 37.58502462027154], [127.80581075875291, 37.584995820357484]], [[127.88509355730882, 37.58476379240051], [127.8964195935094, 37.584726298678554]], [[128.85899260411384, 37.577568481574794], [128.870314586694, 37.57743757348211]], [[128.89295833055672, 37.57717250084432], [128.90428009062535, 37.577038336343136]], [[126.5717386858592, 37.545688911586595], [126.58305760968375, 37.545777355859904]], [[126.76416666606386, 37.547044919991166], [126.78680605947845, 37.54718383610181]], [[126.79812581386793, 37.54725166659089], [126.80944560590301, 37.54731841202077]], [[126.82076543497675, 37.54738407238038], [126.83208530048219, 37.54744864765887]], [[126.86604510951909, 37.54763586290129], [126.90000522459025, 37.54781331203893]], [[126.95660605193682, 37.54808735743435], [126.96792630727683, 37.54813891095577]], [[126.99056690297101, 37.54823876237151], [127.01320760796995, 37.54833427289627]], [[127.17169519549434, 37.548881296665705], [127.18301588928003, 37.54891223001247]], [[127.30754450960089, 37.54918086375618], [127.31886536735739, 37.54919877280304]], [[128.6319928426347, 37.54391142889662], [128.6433107168997, 37.543802376129456]], [[128.6885815948569, 37.54335532036737], [128.69989915653937, 37.54324084534607]], [[128.72253408629274, 37.54300864213866], [128.73385145315135, 37.542890913991]], [[128.7451687538564, 37.542772101506664], [128.79043728301957, 37.54228600859878]], [[128.9262360737525, 37.540723648577035], [128.97149994249733, 37.540168172737545]], [[128.98281571400622, 37.54002659400544], [129.0280779991653, 37.53944944069153]], [[126.560306663875, 37.55461175726301], [126.57162690050153, 37.55470131530361]], [[126.69615265697372, 37.55561483063695], [126.70747345119635, 37.55569136593547]], [[126.76407804797586, 37.55605776245201], [126.77539908821505, 37.55612778567509]], [[126.86596875872041, 37.55664889656983], [126.88861152869019, 37.556768319763194]], [[126.92257592816587, 37.556939313326545], [126.99050554726688, 37.557251991119536]], [[127.01314897882513, 37.557347532548825], [127.02447073409434, 37.55739367488273]], [[127.05843615057327, 37.557525588270366], [127.06975800426522, 37.55756738817056]], [[127.1037237014337, 37.55768627408715], [127.12636760688181, 37.55776010314629]], [[127.22826610369138, 37.558038593197104], [127.239588239903, 37.55806410807752]], [[127.31884355064625, 37.55821231218698], [127.33016578164195, 37.55822914129572]], [[127.82834434648558, 37.55789473332127], [127.87363239311821, 37.55776010314629]], [[128.64344838700458, 37.552814169473976], [128.6774057257133, 37.55248039636822]], [[128.73400001909232, 37.55190241245061], [128.7453186816397, 37.55178356152746]], [[128.90377266837928, 37.55000576778246], [128.92640778654408, 37.549734445890955]], [[129.02826196204953, 37.54845982579722], [129.05089533745206, 37.54816465098746]], [[126.62885795035957, 37.50105735762611], [126.64017030948743, 37.501140243470225]], [[126.80986088133645, 37.502253548043484], [126.82117390434315, 37.50231910225202]], [[126.83248696369591, 37.50238357313345], [126.84380005878926, 37.502446960677105]], [[126.8551131890176, 37.50250926487249], [126.87773955245709, 37.5026306231773]], [[126.9682462904993, 37.50307272048999], [126.9908732718559, 37.50317241047546]], [[127.07006853355662, 37.503487195763796], [127.0813822393047, 37.503527831065625]], [[127.13795109217315, 37.5037147545375], [127.16057877327256, 37.50378193906079]], [[127.25109017623693, 37.50400733397999], [127.27371817238685, 37.50405284672965]], [[127.28503218894103, 37.50407397768501], [127.30766025597858, 37.50411298873928]], [[127.37554468490266, 37.504204014834066], [127.38685878325089, 37.50421539312559]], [[127.76022380214715, 37.503982952193226], [127.77153776659613, 37.50395748680382]], [[127.91861776069531, 37.503527831065625], [127.9412451491695, 37.50344547694143]], [[128.26932921115818, 37.50176433635901], [128.28064192159866, 37.50169011593943]], [[128.56344452533256, 37.49948259308437], [128.57475595238108, 37.499380213385955]], [[128.97061533665632, 37.49511486722913], [128.99323320731125, 37.4948310853379]], [[126.68522427680655, 37.51948642963625], [126.76443228360434, 37.520006308792155]], [[126.77574787563736, 37.52007624144947], [126.79837917551107, 37.520212854800924]], [[126.945486073271, 37.52099514717773], [126.95680221344438, 37.52104773482416]], [[126.99075080617769, 37.52119899286036], [127.02469964449963, 37.521340493368434]], [[127.05864871204093, 37.52147223613743], [127.0925979924317, 37.521594220970925]], [[127.1265474693014, 37.521706447687045], [127.1378640024237, 37.52174168809255]], [[127.27366374010704, 37.52207999920343], [127.28498047820476, 37.5221011438414]], [[127.36419793355925, 37.52221879519155], [127.37551474685702, 37.52223126519164]], [[127.78291975631925, 37.52195801135207], [127.79423641254715, 37.52193036087779]], [[128.29214507328143, 37.519640386158166], [128.30346041976074, 37.51956394984675]], [[128.80128445292004, 37.51512790096682], [128.8125972626629, 37.5150027044526]], [[128.83522267065422, 37.51474906201372], [128.84653526769256, 37.51462061613106]], [[126.68502817872984, 37.53751184785389], [126.70766427391861, 37.537665904041006]], [[126.78689191337246, 37.538170934733444], [126.79821030537096, 37.53823874328031]], [[126.8095287349973, 37.538305467118946], [126.8208472016449, 37.538371106238294]], [[126.90007745381115, 37.538800207042435], [126.95667146823519, 37.53907416378628]], [[127.0245852402826, 37.53936711185876], [127.04722337471387, 37.53945608213835]], [[127.05854247865155, 37.53949893991685], [127.06986160626145, 37.53954071277828]], [[127.1038191250557, 37.53965952179194], [127.12645757815325, 37.53973330309365]], [[127.16041540651348, 37.539835837862846], [127.17173471986287, 37.53986784618084]], [[127.23965094838071, 37.54003711137376], [127.26228980938487, 37.540084853102165]], [[127.34152619257381, 37.54021777102545], [127.35284571473595, 37.54023241917815]], [[127.80562660123604, 37.539928607877144], [127.85090388862591, 37.539802744571965]], [[128.2923357260814, 37.537665904041006], [128.30365379521933, 37.53758941824778]], [[128.69975474064628, 37.53422921941214], [128.7223869477727, 37.53399709131106]], [[128.79028197736793, 37.53327469150471], [128.80159757713795, 37.53315049781836]], [[128.9713228637244, 37.531157540625], [128.98263727471652, 37.53101600768301]], [[126.44774046822067, 37.50859602646439], [126.45905336781898, 37.50869627286845]], [[126.47036632315898, 37.508795436031214], [126.48167933363537, 37.50889351593628]], [[126.74189239972591, 37.510850339545904], [126.75320655183332, 37.51092241680677]], [[126.76452074393855, 37.51099341045773], [126.77583497543583, 37.51106332048703]], [[126.7984635541836, 37.51119988963454], [126.80977790022256, 37.511266548730134]], [[126.82109228323047, 37.51133212415883], [126.83240670260157, 37.511396615909774]], [[126.84372115773007, 37.51146002397231], [126.85503564801009, 37.511522348335895]], [[126.87766473160139, 37.51164374592518], [126.88897932370095, 37.51170281913076]], [[126.92292329394485, 37.511873536274436], [126.94555276300277, 37.51198192888218]], [[126.95686754238261, 37.51203449951244], [126.96818235085506, 37.51208598634863]], [[127.13790755699667, 37.51272822823119], [127.14922274853706, 37.51276237332451]], [[127.27369096230855, 37.51306642986973], [127.28500633933145, 37.51308756766559]], [[127.77157041848936, 37.51297103907411], [127.78288572883481, 37.5129444814919]], [[128.2807357820726, 37.51070293424242], [128.2920498105523, 37.510627606224205]], [[128.81243944588, 37.50599142501977], [128.8350621355161, 37.50573786464046]], [[128.95948168849316, 37.50426587046898], [128.9707921002939, 37.5041255573169]], [[126.83224607312395, 37.529422659658], [126.8661977091211, 37.52960975379074]], [[126.87751498987231, 37.529669949673334], [126.8888323039889, 37.52972906112495]], [[127.01332478793596, 37.53030771197846], [127.02464245513151, 37.53035380954631]], [[127.04727786535851, 37.53044275104185], [127.05859560717677, 37.5304855949548]], [[127.09254897217168, 37.53060761926969], [127.1038668049947, 37.530646124877535]], [[127.14913834256694, 37.530789301321114], [127.16045627549687, 37.530822383905395]], [[127.26231841813224, 37.53107131858108], [127.27363650577658, 37.53109355472959]], [[127.30759083909066, 37.53115375516046], [127.34154526523538, 37.53120419350136]], [[127.35286342508128, 37.53121883691492], [127.36418159281479, 37.531232395640906]], [[127.7942718168353, 37.53094386797167], [127.80558981893113, 37.53091512390598]], [[128.57514375192648, 37.526416382729856], [128.58645920093073, 37.52631281970126]], [[128.8466972340696, 37.5236317575698], [128.85801111869475, 37.52350218669123]], [[128.95983273390786, 37.52228729799408], [128.9711458637909, 37.522146894016366]], [[126.53697001926263, 37.60850298429612], [126.54829834242646, 37.60859489075555]], [[126.60494071351793, 37.60903811432697], [126.6162693345302, 37.60912349719319]], [[126.69557097783785, 37.60969073163363], [126.70689996189412, 37.60976741558908]], [[126.7862040101404, 37.610273754743794], [126.79753331827662, 37.61034173897425]], [[126.94481753945058, 37.6111265659475], [126.95614732094896, 37.611179323977716]], [[127.01279665491577, 37.61142679910129], [127.03545657615408, 37.61151817531876]], [[127.0581165973122, 37.61160520068249], [127.06944664383829, 37.61164708177604]], [[127.66995712903434, 37.61231012032192], [127.68128755393286, 37.61229325852324]], [[127.93055335616172, 37.61164708177604], [127.95321342545228, 37.611562231861015]], [[128.00986316152955, 37.61133107209076], [128.02119302893203, 37.61128157705783]], [[128.7122389145101, 37.60620600615902], [128.73489280570882, 37.605971103063006]], [[129.0633419344505, 37.602076579428115], [129.0746665915823, 37.60192598999727]], [[126.64994764512682, 37.63641057499836], [126.67261351083887, 37.636571710864764]], [[126.74061215719487, 37.6370289955102], [126.75194541153046, 37.63710139988703]], [[126.76327870612857, 37.63717271573673], [126.77461204037951, 37.637242943047426]], [[126.9559502835725, 37.63821852975676], [126.96728419861766, 37.6382702502685]], [[126.97861814233809, 37.63832088205906], [126.98995211412385, 37.63837042512004]], [[127.0466223726828, 37.638601809199514], [127.05795650005064, 37.63864481971655]], [[127.10329324137453, 37.638805973882356], [127.1372960237313, 37.63891540702448]], [[127.44332699573539, 37.63945931510453], [127.4546615929272, 37.63946421524565]], [[127.53400380744027, 37.63946802646739], [127.54533840707282, 37.63946421524565]], [[127.57934218888522, 37.63944624806747], [127.59067677509367, 37.639438081173715]], [[127.6133459322559, 37.63941848064254], [127.63601506501074, 37.63939452446429]], [[127.96471173027972, 37.638557709906244], [127.97604580822687, 37.63851252184406]], [[128.05538360218742, 37.638165720532434], [128.06671745805218, 37.63811182260426]], [[128.21405458632657, 37.63731208180749], [128.22538795962052, 37.637242943047426]], [[128.25938784280513, 37.6370289955102], [128.27072105626846, 37.63695550261823]], [[128.7240090817025, 37.633123364791544], [128.7353400946182, 37.633005255355485]], [[126.71785128197962, 37.64589352958245], [126.74052040538312, 37.64604165173905]], [[126.79719391881886, 37.6463929017511], [126.81986359335298, 37.64652577935921]], [[126.91054370752515, 37.64701373106003], [126.93321406567102, 37.64712482889724]], [[127.01256124850902, 37.647479365895876], [127.03523211756077, 37.64757086035179]], [[127.09190971748492, 37.64778053675113], [127.10324530583773, 37.64781920459084]], [[127.13725219664586, 37.6479286731125], [127.1485878667973, 37.647962984267025]], [[127.36396849932508, 37.648407945451375], [127.397976316804, 37.648442257441566]], [[127.4319841837313, 37.64846676604262], [127.4433201475134, 37.64847275703863]], [[127.53400791637578, 37.6484814712179], [127.54534388565216, 37.648477658764]], [[127.59068773223389, 37.648451516242815], [127.61335962866386, 37.648431909374736]], [[128.06678593432898, 37.64712482889724], [128.08945629247486, 37.64701373106003]], [[128.100791424243, 37.6469565485942], [128.112126523661, 37.64689827710949]], [[128.18013640664705, 37.64652577935921], [128.21414086199124, 37.64632482955354]], [[128.72415694294557, 37.642134758463776], [128.73548932381163, 37.642016610849026]], [[126.70642088169828, 37.65483040511892], [126.7177567500974, 37.654906123935454]], [[126.80844516275792, 37.65547266245426], [126.81978138836901, 37.65553857809103]], [[126.93314555887471, 37.65613782127885], [126.9558187789184, 37.65624459743475]], [[126.97849211621369, 37.65634701592453], [126.98982882730432, 37.656396591023245]], [[127.04651278276538, 37.6566281247312], [127.05784964958512, 37.65667116306183]], [[127.39796398453437, 37.65745567570825], [127.40930130574213, 37.65746493750264]], [[127.43197596220523, 37.65748019223234], [127.44331329623901, 37.65748618516509]], [[127.54534936667339, 37.65749108847506], [127.556686703761, 37.65748618516509]], [[128.08952753903327, 37.656026687527714], [128.11220050992154, 37.655911196255204]], [[128.1462097174087, 37.65572978916247], [128.1575460511039, 37.65566714145581]], [[128.16888234938148, 37.65560340442846], [128.180218611631, 37.65553857809103]], [[128.270907339372, 37.65498075355768], [128.28224324990262, 37.654906123935454]], [[126.52481743466973, 37.671495003151634], [126.53615528621458, 37.67158820746253]], [[126.67221338165578, 37.67262166027079], [126.68355186082667, 37.67270069766071]], [[126.81961686846837, 37.67356413367743], [126.83095587204075, 37.67362900192774]], [[126.91032987257016, 37.6740525586986], [126.9443477903634, 37.67421773195536]], [[127.01238441814584, 37.67451864521283], [127.02372395167194, 37.67456498190207]], [[127.6134007545277, 37.675472112702096], [127.62474080644388, 37.67546066427653]], [[128.11234858138573, 37.67393699275547], [128.12368775915866, 37.67387757468085]], [[128.13502690331347, 37.673817066550626], [128.1463660132392, 37.67375546837486]], [[128.7472738322844, 37.668931240038916], [128.76994647363335, 37.668689269438026]], [[126.68365058927255, 37.66368820582021], [126.70632493751457, 37.66384296099031]], [[126.74033677906559, 37.664066922211376], [126.77434898898846, 37.66428107729511]], [[126.80836155079672, 37.66448542592139], [126.81969914674657, 37.66455136286417]], [[127.01244338786864, 37.6655055659932], [127.02378155017767, 37.665551887710684]], [[127.40929033883202, 37.666478344952075], [127.44330644191082, 37.66649959948279]], [[127.54535485013767, 37.666504504377755], [127.5566935580892, 37.66649959948279]], [[128.10093668944262, 37.66498241063411], [128.11227452915793, 37.66492410147093]], [[128.15762555199717, 37.66467996778477], [128.16896322064784, 37.66461621015555]], [[128.73578798172224, 37.660039278921786], [128.74712303375688, 37.65991996602025]], [[126.83087492866723, 37.68264177974389], [126.85355578659365, 37.68276828706214]], [[126.94428056365716, 37.68323070003718], [126.9556213020558, 37.68328359466633]], [[126.9783028663051, 37.68338611249647], [127.01232542213805, 37.683531710544905]], [[127.0463482146475, 37.68366749396476], [127.05768919522531, 37.683710574040624]], [[127.36390268337706, 37.68446149126221], [127.37524410063864, 37.684474034058816]], [[127.54536582440002, 37.68453129475351], [127.55670727591283, 37.684526386687445]], [[127.63609731662295, 37.68446149126221], [127.64743872654502, 37.68444785779671]], [[128.12376321605362, 37.68289043283033], [128.13510373185264, 37.68282990514514]], [[128.2825270984177, 37.681943822945506], [128.29386707915884, 37.681868030688634]], [[128.75876242292006, 37.67782202012778], [128.77010007998248, 37.67770045094965]], [[126.67191281638908, 37.69965897497657], [126.6832554113832, 37.69973808901207]], [[126.69459805044352, 37.699816112130726], [126.72862622590485, 37.70004363585694]], [[126.75131188532892, 37.70018986352403], [126.76265477594067, 37.700261340875734]], [[126.84205608991861, 37.70073113358905], [126.85339928167303, 37.70079388259301]], [[127.01220735121785, 37.70155779954177], [127.03489467861903, 37.701649471566675]], [[127.08026962970358, 37.70181972074491], [127.10295724359412, 37.70189829778503]], [[127.35252557548934, 37.702474538991254], [127.36386973137985, 37.70248818126956]], [[127.5907535777156, 37.702531836623585], [127.61344193541201, 37.70251219170229]], [[127.64747442451068, 37.702474538991254], [127.67016271180353, 37.702443980322165]], [[128.3054019495565, 37.699816112130726], [128.3167445886168, 37.69973808901207]], [[128.33942973392718, 37.6995787700374], [128.37345711069224, 37.699331609931924]], [[128.430168454659, 37.69889785962871], [128.44151057535203, 37.698807837177874]], [[126.68335427190279, 37.69072563925788], [126.69469553838994, 37.69080363717425]], [[126.91018715703377, 37.69207837417567], [126.92152917601808, 37.69213455832116]], [[126.95555541774448, 37.69229656592943], [126.97823972675661, 37.69239911688881]], [[127.03495098111902, 37.6926364044007], [127.04629330969752, 37.69268058928765]], [[127.0576356627506, 37.692723683285216], [127.09166286263982, 37.692846419871]], [[127.62477099900676, 37.69348739002499], [127.63611378895007, 37.693474843174975]], [[127.67014211227452, 37.69343065650599], [127.68148486917448, 37.693413745584834]], [[128.29396315168896, 37.69088054451315], [128.30530446161006, 37.69080363717425]], [[128.31664572809723, 37.69072563925788], [128.33932812832398, 37.690566371744744]], [[128.37335138762492, 37.690319291473905], [128.43005586960072, 37.68988568127414]], [[126.59502992428128, 37.49178965649647], [126.62896264229717, 37.49204473010968]], [[126.64027364234141, 37.492127589130526], [126.65158468839675, 37.492209365369916]], [[126.68551809657927, 37.492448197264856], [126.69682932062872, 37.492525642244836]], [[126.85519069549566, 37.493496167485496], [126.8778143399945, 37.49361748651517]], [[126.88912621250054, 37.493676521492816], [126.90043811770393, 37.49373447343259]], [[126.91175005499936, 37.49379134232488], [126.95699811299473, 37.49400798723368]], [[127.02487105983884, 37.49430046165401], [127.03618331019297, 37.4943454164421]], [[127.08143255382976, 37.49451440403644], [127.10405731250407, 37.49459239880148]], [[127.25112009390601, 37.49499375176449], [127.2624327257681, 37.495017042404314]], [[127.37555964392682, 37.4951903689642], [127.38687238237372, 37.49520174357323]], [[127.76019252463314, 37.494969377868685], [127.77150512924379, 37.49494392072094]], [[127.9298797922016, 37.49447378188572], [127.94119211522184, 37.494432076565126]], [[128.55200660725816, 37.490571739238504], [128.56331673256, 37.4904704751776]], [[128.9817462691921, 37.48596285849731], [128.99305380741595, 37.48582047258197]], [[126.60644814487473, 37.48286317691369], [126.62906728761861, 37.48303208855973]], [[126.65168661673935, 37.48319667053647], [126.67430612739916, 37.48335692273496]], [[126.6856159492943, 37.4834354251341], [126.69692581475985, 37.4835128450491]], [[126.74216570023037, 37.4838116996143], [126.82133703754731, 37.48429301662517]], [[126.84395775551911, 37.484420792302885], [126.8552681674605, 37.48448305617616]], [[126.87788909422925, 37.48460433593996], [126.8891996078466, 37.48466335181045]], [[126.90051015414596, 37.48472128499353], [126.91182073252226, 37.48477813547966]], [[126.957063354696, 37.48499471026899], [126.96837408438124, 37.48504614713272]], [[127.03623903869132, 37.485332030264], [127.04754995479495, 37.48537588770376]], [[127.10410488636963, 37.48557893268367], [127.11541593865961, 37.48561629318883]], [[127.14934921658616, 37.485721877609684], [127.16066034756315, 37.48575490669903]], [[127.17197149669884, 37.48578685292029], [127.18328266338801, 37.48581771626819]], [[127.20590504700579, 37.48587619432364], [127.21721626272391, 37.48590380902151]], [[127.25114999825213, 37.48598015574139], [127.26246127086861, 37.48600343884272]], [[127.37557459628934, 37.48617670930183], [127.38688597544053, 37.4861880802292]], [[127.77147250642551, 37.485930340826656], [127.78278373727612, 37.48590380902151]], [[127.9072061447356, 37.48554048933958], [127.91851715405085, 37.48550096316291]], [[127.92982814097097, 37.485460354160196], [127.94113910489075, 37.48541866233818]], [[128.24652422552415, 37.48388370692005], [128.26914433346883, 37.483738609762135]], [[128.55188022945188, 37.4815595744053], [128.5631889966862, 37.4814583431167]], [[129.15115237044245, 37.474703552866], [129.1624572910876, 37.47454499478028]], [[126.6291718863458, 37.4740194329775], [126.6517884996972, 37.474183961683366]], [[126.66309687472031, 37.47426460290159], [126.69702226592537, 37.47450003385792]], [[126.70833081635732, 37.47457634656728], [126.7196394091302, 37.4746515771174]], [[126.73094804363944, 37.47472572549584], [126.7422567192805, 37.47479879169031]], [[126.75356543544883, 37.474870775688736], [126.78749182107126, 37.47508023438945]], [[126.82141854967296, 37.475279952907606], [126.8440365512228, 37.47540768722633]], [[126.8892729705107, 37.475650168220746], [126.91189137857327, 37.47576491473591]], [[126.96843793864568, 37.47603283963649], [126.97974733837889, 37.47608317745032]], [[127.07022348725937, 37.47644691258842], [127.08153311567341, 37.476487508446226]], [[127.13808158141478, 37.476674250474034], [127.1493913350629, 37.47670835138407]], [[127.1720108980195, 37.47677330566239], [127.20594037253115, 37.4768626181462]], [[127.21725022963568, 37.47689022390526], [127.25117988928156, 37.47696654591185]], [[127.78274977036433, 37.47689022390526], [127.80536946884304, 37.47683392984949]], [[127.89584756094956, 37.476565452728686], [127.90715723352794, 37.4765270218285]], [[128.97008551774337, 37.468082710032085], [128.98139042205048, 37.467941497317426]], [[129.1396504936014, 37.46585101879689], [129.1509541468202, 37.46569359271063]], [[126.6070913150597, 37.42878736081937], [126.65229723446083, 37.42912020716723]], [[126.66359882896128, 37.429200717928076], [126.69750387797428, 37.42943576801421]], [[126.75401314184862, 37.42980591006983], [126.76531511652315, 37.4298766971568]], [[126.90094169970943, 37.43064186244067], [126.91224413726692, 37.43069860258118]], [[126.95745419529662, 37.430914757001794], [126.96875678373715, 37.43096609402691]], [[127.03657288895732, 37.431251422258484], [127.07048128378416, 37.431379497076406]], [[127.11569279516846, 37.431535133424305], [127.1382986764044, 37.431606467163334]], [[127.40957389648588, 37.432125265800764], [127.42087714886189, 37.432133372138395]], [[127.43218040546317, 37.43214039763374], [127.45478692892723, 37.43215120609301]], [[127.47739346204916, 37.43215769117144], [127.50000000000001, 37.432159852864714]], [[127.52260653795086, 37.43215769117144], [127.53390980541725, 37.43215498905517]], [[127.82779235839077, 37.431705362094526], [127.83909536510113, 37.431673477881894]], [[128.06515089407148, 37.43080884103791], [128.0877558627331, 37.43069860258118]], [[126.65219557810723, 37.438132986099625], [126.66349852750497, 37.43821352293961]], [[126.69740764133446, 37.43844864916378], [126.70871076581182, 37.43852486309671]], [[126.83304779156086, 37.43929188363781], [126.84435138334743, 37.43935512768525]], [[126.91217364835381, 37.43971189279957], [126.92347747260251, 37.43976757036511]], [[126.93478132764565, 37.43982216696638], [126.96869307150514, 37.439979470895295]], [[127.03651730917905, 37.44026489155553], [127.0478214389646, 37.44030867804712]], [[127.07042977039347, 37.44039300786197], [127.09303819360775, 37.440473013406184]], [[127.13825529607203, 37.44062005147388], [127.16086396566155, 37.440687083900045]], [[127.37564925828731, 37.44110820414189], [127.38695385003385, 37.44111955667411]], [[127.42086765909173, 37.44114712713689], [127.4321722713708, 37.441154154908105]], [[127.50000000000001, 37.44117361644155], [127.522609249318, 37.44117145404799]], [[127.79391848259692, 37.44080817531531], [127.8278316720677, 37.440718978441346]], [[128.0426108722994, 37.43992811724025], [128.05391478712048, 37.43987568259438]], [[128.2460763196985, 37.438818911117764], [128.25737960960112, 37.4387470202936]], [[128.9015816552968, 37.43286313655324], [128.91288160205596, 37.43272858505044]], [[128.9693801924802, 37.43203963098136], [129.01457765663955, 37.43146903323447]], [[126.76513886433631, 37.44790273115698], [126.77644358902859, 37.44797248293999]], [[126.88949286256462, 37.44861053401971], [126.90079797929529, 37.448668392220455]], [[126.92340830820285, 37.4487808647253], [126.93471351917196, 37.44883547901078]], [[127.86178810358403, 37.449633621961375], [127.87309376583296, 37.449598472705944]], [[127.95223280951626, 37.44932214767688], [127.97484375642813, 37.4492334649312]], [[128.00875998498688, 37.4490923304129], [128.04267596887888, 37.44894146360273]], [[128.053981239654, 37.44888901197288], [128.06528648082804, 37.44883547901078]], [[128.91305104571296, 37.44173959964903], [128.9243522711058, 37.44160392442221]], [[128.95825548851573, 37.441190418067244], [128.9695564060544, 37.44105042246672]], [[129.01475928548652, 37.440479639938566], [129.02605980465177, 37.44033424439295]], [[126.68581152403347, 37.46540983886969], [126.70842586718263, 37.46556349667904]], [[126.71973310254087, 37.46563870287655], [126.73104037961589, 37.465712827252624]], [[126.7423476978034, 37.465785869795], [126.76496245509873, 37.46592870933051]], [[126.78757736959237, 37.46606722138854], [126.79888488427775, 37.466134854584745]], [[126.82150002550378, 37.466266875255556], [126.83280765083569, 37.46633126270831]], [[126.87803850285336, 37.466577993055246], [126.88934630050818, 37.46663697072491]], [[126.97980980641643, 37.46706983978197], [126.99111787617119, 37.46711907924226]], [[127.02504224628183, 37.46726030519307], [127.03635042125227, 37.467305216340684]], [[127.0476586210152, 37.4673490453911], [127.07027509250018, 37.46743345717152]], [[127.08158336301302, 37.46747403988755], [127.0928916559, 37.467513540478436]], [[127.11550830637775, 37.467589295258854], [127.13812503909644, 37.46766072146262]], [[127.14943343478453, 37.46769481133336], [127.17205028179492, 37.46775974458438]], [[127.79402431767383, 37.46784902815548], [127.80533280104677, 37.46782034914592]], [[127.8731833372407, 37.467625549435844], [127.89580002944358, 37.467551958937655]], [[128.5177091490059, 37.46383221070051], [128.55162764261567, 37.463535202305174]], [[129.03772916113988, 37.458208749721685], [129.13945371330422, 37.456840993025445]], [[126.6293809441051, 37.455994079721314], [126.64068651386212, 37.45607683151248]], [[126.79896903776638, 37.45712180573978], [126.83288773339517, 37.45731815027817]], [[126.91203257631871, 37.4577384315576], [126.92333911299431, 37.457794145196026]], [[126.96856556188835, 37.45800618301477], [127.02509925761943, 37.45824689199013]], [[127.09294052355844, 37.4585000452906], [127.11555445939165, 37.4585757755453]], [[127.16078257283007, 37.45871425448148], [127.1720896480334, 37.45874616968744]], [[127.18339674076546, 37.45877700307132], [127.19470385042187, 37.45880675462803]], [[127.37561941343854, 37.4591356475709], [127.38692671833329, 37.459147007458576]], [[127.94098021548614, 37.45837833656525], [127.95228708216227, 37.4583356034586]], [[127.97490074238058, 37.45824689199013], [128.00882104080884, 37.45810571176099]], [[128.55150143353285, 37.4545229950409], [128.5628061301901, 37.454421862022635]], [[128.9245231448779, 37.45061488065874], [128.96973269809845, 37.450061199471314]], [[129.0262428687046, 37.44934478949261], [129.03754466067613, 37.449198266599836]], [[126.23811414827276, 35.10860106452765], [126.24908473311463, 35.108714777947725]], [[126.65503485848485, 35.112224342587574], [126.66600739120668, 35.11230033164616]], [[126.68795257851666, 35.112449330693195], [126.72087065609925, 35.11266538141218]], [[126.80865383416428, 35.113197820465594], [126.81962688926973, 35.11325990622644]], [[126.86351943720732, 35.11349831745631], [126.8854659001714, 35.11361156385124]], [[126.98422640987361, 35.114072006887376], [127.00617348118996, 35.114163401454725]], [[127.07201525787333, 35.1144137453744], [127.0829889637489, 35.11445199265612]], [[127.21467487228718, 35.11483347630225], [127.23662274423342, 35.11488314922244]], [[127.5219482070367, 35.1151672808521], [127.53292230921252, 35.11516479716538]], [[127.56584460392571, 35.11515138526275], [127.58779278518585, 35.11513747663311]], [[127.89506356382196, 35.114525507130736], [127.90603730997059, 35.11448924657687]], [[128.00480006681818, 35.11411820082503], [128.02674708819785, 35.114024819649046]], [[128.1145340998286, 35.11361156385124], [128.1584269011912, 35.11338109822324]], [[128.20231918711625, 35.11313474154287], [128.2352380426412, 35.112939545904354]], [[128.35593763289947, 35.112147360521604], [128.37788248950946, 35.11199041741664]], [[129.03612902230978, 35.105435738177945], [129.06903521323778, 35.105014231462675]], [[126.64415663479257, 35.10313108826759], [126.65512791808699, 35.10320804474249]], [[126.66609924270072, 35.10328400854009], [126.68804201374091, 35.10343295805532]], [[126.7209564667882, 35.10364893695215], [126.75387126274747, 35.10385598112449]], [[126.79775816574727, 35.10411814105132], [126.8087299787046, 35.104181199004294]], [[126.84164561829114, 35.1043644158335], [126.863589539913, 35.104481596098346]], [[127.1817882246606, 35.10573437829439], [127.19276090172102, 35.105762682306384]], [[127.23665175488675, 35.10586596748416], [127.25859726091001, 35.105911651494104]], [[127.53291868281381, 35.10614752179278], [127.54389157458013, 35.10614404578791]], [[127.89502004886359, 35.10550844429024], [127.90599258636982, 35.1054721957911]], [[128.09252224760314, 35.104704042003554], [128.11446641395443, 35.104594804845654]], [[128.15835438170888, 35.1043644158335], [128.16932629448704, 35.10430433640516]], [[128.37778580569326, 35.102974197334895], [128.38875696181213, 35.102894262902]], [[128.82756185101778, 35.0988830838709], [128.83853078554577, 35.098762463918646]], [[128.92627986104714, 35.09776179495086], [128.93724818736231, 35.0976322479588]], [[129.00305665113183, 35.096834139090554], [129.0140244744103, 35.096697649990126]], [[129.02499222368527, 35.09656016924525], [129.04692749808393, 35.096282232909594]], [[129.0688624700464, 35.096000330259905], [129.07982984127625, 35.095857891623076]], [[126.91832172979908, 35.12279078367547], [126.92929630264531, 35.12284295464332]], [[126.98416957513248, 35.123088905444305], [127.01709384589572, 35.12322455241603]], [[127.05001832938864, 35.12335125651662], [127.07196809607242, 35.12343075756531]], [[127.08294301110955, 35.12346901756498], [127.09391794656061, 35.123506283873375]], [[127.37927167383332, 35.12412640610101], [127.39024695740842, 35.12413684102526]], [[127.50000000000001, 35.12418653122026], [127.52195062571028, 35.12418454360993]], [[127.58780245986118, 35.12415472948031], [127.60975304259159, 35.12413684102526]], [[127.89510709811148, 35.12354255648458], [127.9060820534394, 35.123506283873375]], [[128.02680513200897, 35.1230417025155], [128.04875446839992, 35.12294431579525]], [[128.0707036973547, 35.12284295464332], [128.09265281457704, 35.12273761912405]], [[128.23531905635423, 35.12195606790509], [128.24629314576603, 35.121888994141514]], [[128.30116303422255, 35.121538723935835], [128.31213689643548, 35.121465689695]], [[128.323110718903, 35.121391662080946], [128.33408450108837, 35.121316641105444]], [[128.3450582424548, 35.12124062678038], [128.35603194246548, 35.12116361911781]], [[128.93756478608873, 35.115661121497965], [128.94853545619657, 35.115530495897026]], [[128.97047658331397, 35.11526626742221], [128.98144703925198, 35.115132664590256]], [[129.0253281330317, 35.114588329795225], [129.03629822130497, 35.1144497653376]], [[126.46918937531474, 35.056685495148535], [126.48015389377797, 35.05677817843672]], [[126.75428164569864, 35.05877321053905], [126.7652472847864, 35.05884012833849]], [[126.78717867005696, 35.058970990503084], [126.79814441516929, 35.05903493484749]], [[126.82007600767177, 35.0591598500098], [126.83104185399137, 35.059220820807894]], [[127.18196326249266, 35.06064848640697], [127.19292990407962, 35.06067674338557]], [[127.52193371753333, 35.06106342210772], [127.53290057496098, 35.061060943372574]], [[127.74126995022452, 35.0608254650274], [127.75223667375494, 35.06080315670592]], [[127.91673574860522, 35.060349559925406], [127.92770221077798, 35.06031138889359]], [[128.43212821106044, 35.057483974225754], [128.44309311285437, 35.0573992178503]], [[129.0022302310713, 35.05176303533411], [129.01319202954264, 35.051626772991504]], [[126.88519485586292, 35.14967846433361], [126.91812929197044, 35.14984110079553]], [[127.07182648492618, 35.150481713154626], [127.08280503067162, 35.15052001132465]], [[127.46706316907516, 35.15123376423444], [127.48902105564112, 35.15123774342075]], [[127.59881043467492, 35.151197951595556], [127.60978935482566, 35.15118850104946]], [[127.66468386412677, 35.151126326522615], [127.67566274393084, 35.15111090727181]], [[127.88425921159755, 35.15062893771558], [127.89523781705242, 35.15059362361098]], [[127.90621640314198, 35.15055731481207], [127.95013054309044, 35.150402132791264]], [[127.96110902428592, 35.15036085061056], [127.9720874828891, 35.150318573772545]], [[128.59780479851077, 35.14626491565453], [128.60878102686877, 35.14616496531621]], [[128.79536816193692, 35.14431374251256], [128.80634333062642, 35.14419590291832]], [[129.0038849079, 35.14190489012207], [129.01485876936638, 35.14176817401855]], [[129.0258325566662, 35.14163046462209], [129.036806269263, 35.14149176195456]], [[129.04777990662043, 35.14135206603795], [129.06972695347184, 35.1410696945464]], [[129.10264694604598, 35.14063868850049], [129.1245932163705, 35.14034638553017]], [[126.5895013390088, 35.08469909641719], [126.60046999328047, 35.084780961627416]], [[126.78694340484611, 35.08602089112548], [126.79791276844986, 35.086084899314265]], [[126.90760820344428, 35.08667041071097], [126.92954765506974, 35.0867756062203]], [[126.96245704029737, 35.08692595742974], [126.97342688863937, 35.0869740899197]], [[127.2696207669588, 35.087898555415016], [127.29156151043415, 35.087938254362925]], [[127.70843848956586, 35.087938254362925], [127.71940886666647, 35.08791890111533]], [[127.89493307690637, 35.08747427815534], [127.90590319873759, 35.08743805375784]], [[128.38856130848603, 35.08486183488282], [128.39953000671954, 35.084780961627416]], [[129.00272586292897, 35.07880573990187], [129.01369127468053, 35.07866934153396]], [[126.81940188087464, 35.140309751056435], [126.83037859754779, 35.14037090460038]], [[126.95112452717764, 35.14097797618927], [126.98405582989544, 35.14112266199417]], [[127.01698736004447, 35.14125839917492], [127.02796458479251, 35.1413016562848]], [[127.40120046384085, 35.142180741894975], [127.41217817789239, 35.14218919484093]], [[127.59879953615916, 35.142180741894975], [127.60977724537123, 35.14217129448927]], [[127.67564336890239, 35.14209372649588], [127.68662102918209, 35.14207731792295]], [[128.59768374308635, 35.13724934509669], [128.60865876169206, 35.137149427967714]], [[128.80619929423, 35.13518101979109], [128.82814702067282, 35.13494243887931]], [[128.94885475238857, 35.133559226361214], [128.95982776777217, 35.133427520815616]], [[129.01469176217256, 35.13275409746173], [129.02566434079557, 35.13261643381539]], [[126.60037098139755, 35.09379715557322], [126.64425086062896, 35.094114802357375]], [[126.75395341225789, 35.09483945420912], [126.76492387688572, 35.09490646110201]], [[126.79783548426427, 35.09510152697459], [126.84171810557284, 35.095347719876315]], [[126.97336892211499, 35.09599101334961], [126.98434000365675, 35.09603816921711]], [[127.33542499960332, 35.09702300936152], [127.37931156407606, 35.09707463547222]], [[127.54388674153005, 35.09712675813191], [127.56583010156427, 35.097116829995095]], [[127.69748984112508, 35.09697386540733], [127.70846143610147, 35.09695549850799]], [[128.19119391056518, 35.095164563962356], [128.20216451573575, 35.09510152697459]], [[128.39962901860247, 35.09379715557322], [128.42156869647476, 35.093632378422114]], [[128.8164479280484, 35.089987798402895], [128.82741572092957, 35.08986821021007]], [[129.02482438083652, 35.08754606777629], [129.03579084960717, 35.08740764143892]], [[129.09062205714943, 35.08670064112859], [129.1015880676515, 35.08655626749877]], [[126.81925170864085, 35.15834291303344], [126.83023084685357, 35.15840410723594]], [[126.88512701951656, 35.15869515556146], [126.91806508902869, 35.158857846077055]], [[126.92904450329077, 35.15891008644967], [126.95100341522425, 35.15901158244598]], [[127.45607938199714, 35.16024748944435], [127.46705953461415, 35.160250972388916]], [[127.64274183009739, 35.16017136238846], [127.66470203630362, 35.160143498967976]], [[127.8952814287519, 35.15961061900301], [127.90626122617076, 35.15957429813633]], [[127.95018021134614, 35.159419064538476], [127.96115990382462, 35.15937776863706]], [[127.97213957370083, 35.15933547774776], [127.9940988434943, 35.15924791103252]], [[128.60890334635127, 35.155180488853006], [128.61988073066894, 35.155079510976954]], [[128.72965146750164, 35.15401504815687], [128.74062821873085, 35.1539031338408]], [[128.78453461050836, 35.1534455355731], [128.7955110524823, 35.153328650846156]], [[128.8174637455063, 35.1530918993296], [128.82843999548223, 35.15297203257757]], [[128.86136835282173, 35.152606468575414], [128.87234433928228, 35.15248262605715]], [[129.03697576901692, 35.150505732533254], [129.04795061552142, 35.15036599019684]], [[129.05892538621683, 35.15022525430364], [129.08087469803417, 35.149940801936424]], [[126.91825761234308, 35.13180756959319], [126.92923339473715, 35.131859757906575]], [[127.00606462388008, 35.132197245834725], [127.01704061479363, 35.132241482551784]], [[127.0280166293542, 35.13228472528604], [127.04996872726723, 35.132368228778816]], [[127.08289703805619, 35.132486028980374], [127.09387318321494, 35.13252330767909]], [[127.19265932000913, 35.1328140840689], [127.2146119741849, 35.132867766356284]], [[127.39023485870602, 35.13315407448071], [127.40121135751711, 35.13316351874668]], [[127.48902347700209, 35.133203284129195], [127.50000000000001, 35.133203781197004]], [[127.6866004523777, 35.13306012914622], [127.6975768931409, 35.133042731913626]], [[127.88417446734816, 35.13259488298807], [127.89515065174074, 35.132559592350255]], [[127.99393537611995, 35.132197245834725], [128.00491134284908, 35.13215201514187]], [[128.04881495717572, 35.131961152758656], [128.07076660526286, 35.131859757906575]], [[128.24637540480126, 35.13090548024], [128.30125133968545, 35.13055509358127]], [[128.31222641113297, 35.130482035059124], [128.32320144281763, 35.13040798283355]], [[128.33417643420236, 35.130332936916304], [128.356126293924, 35.1301798640546]], [[128.82800063080654, 35.12592762107601], [128.83897318810858, 35.12580688077771]], [[128.9596668759005, 35.12441320637823], [128.97063861152975, 35.124280551853914]], [[128.98161027520158, 35.12414690461051], [129.003553384529, 35.123876632051406]], [[129.05840986107526, 35.12318357957329], [129.0693809297935, 35.1230419913538]], [[126.56622637907672, 35.20174076796328], [126.5881950165709, 35.20190819596498]], [[126.64311738406045, 35.20230933161633], [126.65410198589113, 35.202386569898046]], [[127.15942981314215, 35.20486234945019], [127.17041578369385, 35.20489275054038]], [[127.36816549793807, 35.20526952878628], [127.3791516836992, 35.205280991734824]], [[128.32392868642577, 35.202538057513756], [128.334913370758, 35.202462811867896]], [[128.35688261593958, 35.20230933161633], [128.36786717571115, 35.20223109703501]], [[128.37885169288478, 35.20215186616655], [128.40082059728257, 35.2019904156187]], [[128.74131333601832, 35.19897842113], [128.7522960843308, 35.19886532502759]], [[128.97193743038895, 35.19639432007243], [128.98291877524727, 35.19626031719093]], [[128.99390004735608, 35.1961253189711], [129.00488124617746, 35.195989325434404]], [[129.0268434218065, 35.19571435249704], [129.10370864889737, 35.19472059796235]], [[129.1805700214125, 35.19367808386673], [129.19154989207524, 35.19352517337771]], [[126.45650134081181, 35.19182820861299], [126.48944929353466, 35.192107648266436]], [[126.55534652310833, 35.19263964111835], [126.5663295600678, 35.19272482114715]], [[126.65419545968949, 35.19337040864803], [126.67616236038639, 35.1935218459629]], [[126.85190302506676, 35.19458991218834], [126.86288710984411, 35.194648199264556]], [[127.10454393062626, 35.19567846561366], [127.15946745156208, 35.195845366104294]], [[127.19242176898943, 35.19593354994677], [127.2034065723751, 35.19596095178994]], [[128.3677712749999, 35.19321498740896], [128.37875457874514, 35.193135782848614]], [[128.46661941122423, 35.19246629347959], [128.48858515585144, 35.192288962491375]], [[128.53251605875826, 35.19192235092004], [128.5434986591882, 35.19182820861299]], [[128.74117619084626, 35.189963391493364], [128.752157726511, 35.18985033294082]], [[128.8729504465909, 35.18854099509475], [128.8839312096807, 35.18841599271241]], [[128.9607946206152, 35.1875131117406], [128.9717748256249, 35.187380148376874]], [[129.00471500542452, 35.18697528819526], [129.02667475722342, 35.18670040654693]], [[129.04863420955084, 35.1864215452135], [129.05961382206894, 35.18628062222013]], [[129.10353150196215, 35.18570698192653], [129.11451072670346, 35.18556108488697]], [[129.20234162946602, 35.18435809989726], [129.21332012235624, 35.18420325104759]], [[126.39072936912702, 35.18222697657635], [126.43465398111927, 35.182621337534734]], [[126.44563526608577, 35.18271743937551], [126.4566166027634, 35.18281254582599]], [[126.48956091768126, 35.183091892685255], [126.55545087106069, 35.183623708875345]], [[126.65428889198594, 35.18435423373129], [126.66527110890739, 35.18443042507501]], [[126.8519746217743, 35.1855733322885], [126.86295749331725, 35.185631600007945]], [[126.96180467888028, 35.18611119502116], [127.00573747118378, 35.18629845454694]], [[127.06065400311282, 35.18651011982052], [127.0716373763177, 35.18654946492228]], [[127.09360418523627, 35.18662516712187], [127.1045876198724, 35.18666152420764]], [[127.37917838963881, 35.187246733550396], [127.42311347541087, 35.18728259377905]], [[127.89541238012761, 35.18666152420764], [127.91737922946157, 35.18658781402476]], [[128.40062155959964, 35.18395834250453], [128.41160351954372, 35.18387617744562]], [[128.44454912893931, 35.183623708875345], [128.46651263778946, 35.18345041880136]], [[128.47749432137556, 35.18336228049728], [128.49945754417843, 35.18318301742499]], [[128.5214205709007, 35.182999772495734], [128.53240200938606, 35.18290665687105]], [[128.64221352053306, 35.18192075502334], [128.67515590605095, 35.18160557609776]], [[129.05944159846953, 35.17726680150282], [129.08139817110563, 35.1769820655457]], [[129.09237634141056, 35.176838205836894], [129.1253103818265, 35.17640066006418]], [[129.21313094474766, 35.17519012005527], [129.22410814290447, 35.17503432842233]], [[126.62095394940643, 35.22018399174508], [126.6319408950536, 35.22026327524693]], [[126.7747748719711, 35.221203234049284], [126.81872505415492, 35.22145855192507]], [[126.84070034819473, 35.221580228069406], [126.85168804406318, 35.2216395704089]], [[127.3681363383173, 35.223303725517106], [127.37912495402672, 35.22331519608111]], [[127.7637263904918, 35.22308827970117], [127.82965711355588, 35.222926696958346]], [[127.89558725359485, 35.22272920882399], [127.90657554539837, 35.22269280340937]], [[128.30213655459312, 35.22071803990116], [128.3241109013951, 35.220570439641726]], [[128.5548309424429, 35.218779881437946], [128.58778919987992, 35.21848820263538]], [[128.60976110530433, 35.218288766741246], [128.63173279273744, 35.21808534430744]], [[128.88439013566193, 35.2154594977681], [128.90635873446882, 35.21520625532173]], [[128.9173429305744, 35.21507813987099], [128.9283270570967, 35.21494902829563]], [[129.04914770235686, 35.213463062723456], [129.06013095188484, 35.21332199929841]], [[129.0820972206573, 35.21303688493427], [129.11504604003474, 35.21260174494394]], [[129.15897668687938, 35.212007618165785], [129.16995914637405, 35.211856597320114]], [[126.58789248504308, 35.22895612096876], [126.59888051453511, 35.22903842255917]], [[126.6098685883003, 35.229119726908046], [126.62085670579908, 35.22920003400242]], [[126.7197516422681, 35.22987791934508], [126.73074016742473, 35.22994825321834]], [[126.7527173305914, 35.230085928795106], [126.77469464063108, 35.23021961473945]], [[126.81864968405807, 35.23047501739318], [126.84062740880917, 35.2305967339401]], [[126.93952871164721, 35.23109508162001], [126.95051789020184, 35.23114546585385]], [[127.3791115802841, 35.232332278061236], [127.39010141771841, 35.23234275466876]], [[127.7527658510585, 35.232128733701224], [127.7637555691323, 35.232105286330594]], [[127.8296935864699, 35.23194364993224], [127.8516728017243, 35.23188178945581]], [[127.88464149363818, 35.23178151605102], [127.89563102052472, 35.23174609621983]], [[128.6318579766472, 35.22710068974889], [128.64284495179157, 35.22699744935321]], [[128.9065142734443, 35.22422064487431], [128.9174996833807, 35.22409248688939]], [[128.9284850237031, 35.22396333244928], [128.97242567807868, 35.22343675054982]], [[129.06030348160863, 35.22233576329365], [129.08227217710487, 35.22205055427641]], [[129.11522463631016, 35.22161526982829], [129.1262086314814, 35.22146818285839]], [[126.34706023085255, 35.16378598510806], [126.35803865968651, 35.16388998039584]], [[126.36901714448686, 35.16399298108071], [126.37999568471605, 35.1640949871463]], [[126.65447563214646, 35.166321842904026], [126.67643525834693, 35.1664731293818]], [[126.81917657248871, 35.167359473644346], [126.84113730490549, 35.16748090755738]], [[126.86309816652296, 35.16759836077719], [126.88505915303595, 35.167711833229106]], [[126.91800085756654, 35.16787457781011], [126.92898148352694, 35.16792683554333]], [[127.00584661896238, 35.16826477239307], [127.01682745381035, 35.16830906795345]], [[127.43411181161487, 35.16925472841946], [127.45607453389746, 35.16926468299324]], [[127.60981358987564, 35.16922287381877], [127.62079492813352, 35.169212421539676]], [[127.63177626046867, 35.16920097381211], [127.64275758634263, 35.16918853063788]], [[127.92826802738341, 35.1685156160461], [127.93924897529253, 35.168476297077625]], [[128.3565041190523, 35.16624470717529], [128.36748382826607, 35.16616657646958]], [[128.41140223451376, 35.16584410412792], [128.4443405720007, 35.16559180323764]], [[128.587068367399, 35.16439503746626], [128.59804707068932, 35.16429601535504]], [[128.62000431528395, 35.1640949871463], [128.63098285551317, 35.16399298108071]], [[128.70783105500783, 35.16325109020917], [128.72978715877466, 35.163030170619514]], [[128.74076512052744, 35.16291821911634], [128.75174302147664, 35.16280527316461]], [[128.76272086108486, 35.16269133278223], [128.7846763541289, 35.1624604687981]], [[128.79565400649005, 35.16234354523303], [128.81760912020422, 35.162106715049674]], [[128.82858658048266, 35.161986808468995], [128.8505413051961, 35.16174401242489]], [[128.86151856855662, 35.161621122999996], [128.87249576520347, 35.16149723933252]], [[129.08104911159376, 35.15895457066599], [129.10300053279903, 35.158666048512636]], [[129.12495163989934, 35.158373551265825], [129.13592707431846, 35.15822581204033]], [[126.73056986935238, 35.247980793539355], [126.7415608643728, 35.248050176071885]], [[126.75255189668412, 35.248118560544846], [126.76354296574621, 35.24818594694735]], [[126.8624641519514, 35.24874750968371], [126.89543846440466, 35.24891673053985]], [[126.91742148891052, 35.24902455347175], [126.92841304440353, 35.24907696762008]], [[127.08229752658868, 35.2497059487845], [127.09328944693425, 35.24974338880231]], [[127.74182965054902, 35.25018518663626], [127.7528218141436, 35.25016272208939]], [[127.87373467419064, 35.249849718858904], [127.89571861272017, 35.249779830491136]], [[127.91770247341134, 35.2497059487845], [127.93968625194044, 35.24962807378604]], [[127.96166994398388, 35.2495462055453], [127.9726617562224, 35.249503773975256]], [[128.28042108783694, 35.247910412958326], [128.29141200665495, 35.24783903433996]], [[128.59913996213513, 35.24543528032324], [128.61012953327094, 35.24533496420625]], [[128.65408726671583, 35.24492372362369], [128.6870549730349, 35.24460481872654]], [[128.72002215422347, 35.24427693622663], [128.73101109540588, 35.24416564711791]], [[128.99472629125955, 35.24119551907973], [129.0057135579736, 35.24105929965045]], [[129.12656849001735, 35.23949509225508], [129.13755483329987, 35.23934691092752]], [[126.58748848220219, 35.26501982905876], [126.6094743162351, 35.265183652337676]], [[127.59895255674626, 35.26842045328671], [127.60994726814017, 35.268410961853284]], [[127.69790471906352, 35.26829906320934], [127.70889936228484, 35.26828058001518]], [[127.9727664713112, 35.267537270918325], [127.98376069523637, 35.267493812221794]], [[128.20363945551577, 35.26641486984444], [128.22562664127472, 35.266285001319524]], [[128.52243790796908, 35.2641408016613], [128.53343027927352, 35.26404740741203]], [[128.588391362442, 35.26356546049444], [128.59938342062296, 35.263466076084015]], [[129.00604700038275, 35.25908719037839], [129.01703662397156, 35.25894988291408]], [[129.03901564682963, 35.258672275245246], [129.0500050450199, 35.25853197508488]], [[129.12692866821877, 35.25752194464533], [129.13791744161338, 35.25737366495546]], [[126.59878079662076, 35.238054397471345], [126.60977008593275, 35.23813572881329]], [[126.84055443702343, 35.23961322622153], [126.86253472322335, 35.23973099189783]], [[126.92847631656575, 35.240060340498076], [126.93946668360188, 35.240111739360174]], [[127.08234376584475, 35.24068911292214], [127.09333446947831, 35.2407265405146]], [[127.39008925436123, 35.24135982666343], [127.40108031352543, 35.241369308651045]], [[127.60991074563879, 35.24135982666343], [127.62090179939962, 35.241349346577394]], [[127.85171172329048, 35.24089870839857], [127.86270252147773, 35.24086627085074]], [[127.8846840638212, 35.24079840170075], [127.89567480689693, 35.240762970109394]], [[127.9066655305217, 35.2407265405146], [127.91765623415526, 35.24068911292214]], [[127.93963757928783, 35.240611263768265], [127.96161883797295, 35.24052942269733]], [[128.29132440615595, 35.238822818042294], [128.3023140698104, 35.23875046541672]], [[128.64297140636296, 35.23601274667895], [128.65395954040414, 35.23590847476123]], [[128.6869236001469, 35.23558967568735], [128.73087486077824, 35.23515064980914]], [[128.97258857188078, 35.23245086583307], [128.9945608957097, 35.23218150730853]], [[129.04949041105613, 35.231490670200685], [129.06047608794805, 35.23134951310368]], [[129.15934366611583, 35.23003425918295], [129.17032855227637, 35.22988313805674]], [[127.98386794047144, 35.28552722618758], [127.99486457766434, 35.285482739033036]], [[128.29176279793754, 35.28390376302021], [128.30275854825652, 35.28383129024857]], [[128.5776380551248, 35.28169471830763], [128.5886326020668, 35.28159626691555]], [[129.00638073900754, 35.2771150245364], [129.05034851533162, 35.27655944076469]], [[126.60937563873966, 35.27419959944335], [126.62036983946969, 35.27428003990593]], [[126.86225224999065, 35.27579698153204], [126.87324730954518, 35.27585444384396]], [[127.37904462240219, 35.27741748597262], [127.39004054687481, 35.277427979980274]], [[127.58796758848239, 35.27744596972129], [127.59896352323962, 35.277437474563676]], [[127.68693078044967, 35.277333534121844], [127.69792665187569, 35.27731604420002]], [[128.18172766891865, 35.27555714073186], [128.19272256611382, 35.275494682691416]], [[128.28068047082155, 35.274959051041954], [128.29167504168947, 35.27488760132987]], [[128.48957013057586, 35.27343068590126], [128.52255119660583, 35.273156402702455]], [[128.53354478536644, 35.27306297746123], [128.5885119554736, 35.272580870615414]], [[129.03918612772168, 35.26768606172838], [129.05017674205305, 35.26754571501699]], [[126.63203688097963, 35.21124719298154], [126.64302265473725, 35.211325453545854]], [[126.67598022631971, 35.211554255407236], [126.71992421902361, 35.211845371167215]], [[126.95063943322903, 35.213112076269255], [126.96162620831046, 35.21316143014268]], [[127.09346941719858, 35.21367591459486], [127.10445649390121, 35.21371230792334]], [[127.17037934316299, 35.213909730493896], [127.19235376150938, 35.21396756174029]], [[127.88455640997097, 35.21374770424186], [127.8955435060988, 35.21371230792334]], [[128.33500567205357, 35.211478984770906], [128.35697734526275, 35.211325453545854]], [[128.4778184237254, 35.210409775480514], [128.48880369904984, 35.2103205528375]], [[128.54372933670064, 35.20985949285158], [128.55471431266412, 35.20976429160283]], [[128.5876689277212, 35.209472709624436], [128.62062306221299, 35.20917216062392]], [[128.71948243682934, 35.20821671585336], [128.74145054210143, 35.2079934368526]], [[128.87325390416592, 35.206570095531724], [128.88423709240712, 35.20644501010971]], [[128.98308266478938, 35.20527443028799], [128.99406514943243, 35.20513938723964]], [[129.15879331941602, 35.202994276239096], [129.1807557314273, 35.20269133951323]], [[129.19173681400562, 35.20253837825078], [129.20271781358215, 35.20238442175433]], [[126.74147687544148, 35.2570664488046], [126.76346141055055, 35.25720226474686]], [[126.87338617321316, 35.25782143807534], [126.88437882791666, 35.257877863754004]], [[126.89537151290116, 35.25793329091275], [126.91735697155093, 35.25804114963534]], [[127.39006491143434, 35.259393930257154], [127.40105840487762, 35.259403418541304]], [[127.70887622129109, 35.25926359168003], [127.74185643337826, 35.25920216806569]], [[127.86278285053587, 35.258900046700845], [127.87377606492522, 35.25886658893052]], [[128.1925690888364, 35.25746191559888], [128.20356151643787, 35.25739850054105]], [[128.2255462672849, 35.25726867510471], [128.2805075104379, 35.256926639299266]], [[128.4783595547359, 35.25548865893305], [128.48935090697952, 35.255399288084334]], [[128.7091670163118, 35.25340228481311], [128.7201572334223, 35.253291956557746]], [[129.1377360972113, 35.2483602950736], [129.15971097133848, 35.24806084307229]], [[126.52098950007387, 35.30958286531716], [126.57598352473326, 35.31001560765938]], [[126.63097868772068, 35.31042334508528], [126.64197785095895, 35.31050189183592]], [[127.0599724335552, 35.312745365258856], [127.08197327615237, 35.31282342132716]], [[127.12597520426053, 35.312967525687185], [127.14797628109716, 35.3130335738871]], [[127.20297926734865, 35.31318118244327], [127.21397991068892, 35.31320770206909]], [[127.24698192313006, 35.31328125669826], [127.30198551940059, 35.31338383336109]], [[127.32398703002765, 35.31341785891402], [127.3459885753587, 35.31344788151172]], [[127.35698935968264, 35.31346139169631], [127.3789909489361, 35.31348540982613]], [[127.38999175278117, 35.31349591776755], [127.40099256204876, 35.31350542495769]], [[127.5660049830357, 35.31352794200611], [127.59900743795126, 35.31350542495769]], [[128.29202630063287, 35.31095216615039], [128.30302570944184, 35.310879621228295]], [[128.69897386134141, 35.307601882731866], [128.70997144517642, 35.30749233446818]], [[128.97389432920139, 35.30456328006842], [128.98489026042512, 35.30442874257011]], [[129.0838502854159, 35.30317293886811], [129.1278305141146, 35.3025888261173]], [[126.57608603722304, 35.30099979749414], [126.58708376108872, 35.301083317722664]], [[126.60907934319329, 35.30124735853054], [126.63107510085243, 35.3014073997194]], [[127.0820196593831, 35.30380668009876], [127.12601670543779, 35.303950736672476]], [[127.30200749121143, 35.304366906294014], [127.32400656056971, 35.30440092056362]], [[127.37900437624323, 35.30446844907493], [127.39000395943239, 35.30447895353178]], [[128.01697243659208, 35.30342403517262], [128.04996936292926, 35.303278482083854]], [[128.17095589508747, 35.30266777158536], [128.18195448323243, 35.30260625147772]], [[128.98472556851317, 35.29541478480439], [128.9957202081339, 35.29527929293445]], [[129.05069229076003, 35.29458684969933], [129.0836746284989, 35.294159397446165]], [[126.33595337389922, 35.17269632003173], [126.34693295747131, 35.172801344788745]], [[126.37987204520974, 35.1731104494933], [126.39085185167062, 35.173211494484775]], [[126.43477161591238, 35.17360572447341], [126.44575168888306, 35.173701794397964]], [[126.66536328731334, 35.1754142111883], [126.67634433275491, 35.17548938189531]], [[126.84106455962069, 35.17649749493113], [126.86302784553894, 35.17661498717831]], [[127.00579205719198, 35.17728162023171], [127.01677410436866, 35.177325930510904]], [[127.06070252468274, 35.17749321520315], [127.09364906802716, 35.17760822429273]], [[127.19248971608725, 35.177899484225705], [127.2034720929086, 35.177926867870326]], [[127.4231219671159, 35.178265432590436], [127.43410453623949, 35.178271905210664]], [[127.62080826628468, 35.17822958427257], [127.63179081116809, 35.178218132741]], [[127.91733313373523, 35.17757088360209], [127.92831531502955, 35.177532547236865]], [[128.49934718169771, 35.17416721782408], [128.52130778422682, 35.173984033752596]], [[128.63110770633565, 35.173008409535974], [128.6420874024277, 35.172905374629]], [[128.67502615260628, 35.172590300374644], [128.70796438434562, 35.17226627217216]], [[128.75188119511103, 35.171820307007586], [128.7628602457263, 35.17170632876947]], [[128.85069037689178, 35.170758693676866], [128.88362559846533, 35.17038691921972]], [[126.2496353455683, 35.0726541696849], [126.26060116569265, 35.07276674082874]], [[126.44702893323212, 35.074528790438094], [126.4689626399446, 35.07471725474061]], [[126.85283130664361, 35.07737331491128], [126.90767338552747, 35.077653574754045]], [[126.92961042343526, 35.07775873527981], [126.94057898446461, 35.077809827634844]], [[126.95154757282978, 35.077859928040446], [126.96251618799495, 35.07790903648867]], [[127.25867696961409, 35.078859979970375], [127.26964611759095, 35.07888131102381]], [[127.2915844467802, 35.078920996769156], [127.3135228167098, 35.078956714011746]], [[127.521938543078, 35.07909809543107], [127.53290781327681, 35.0790956150461]], [[127.71938472317501, 35.078901649957814], [127.73035388240906, 35.07888131102381]], [[127.89488961989049, 35.078457174864006], [127.9058585346886, 35.07842096251342]], [[128.15813701640917, 35.07731428726582], [128.16910530730377, 35.07725426774957]], [[128.19104179047534, 35.07713125314286], [128.21297813858516, 35.077004271169194]], [[128.42136589008902, 35.07560008642053], [128.43233324848168, 35.07551626522297]], [[128.44330056132532, 35.07543145243983], [128.45426782808443, 35.075345648084536]], [[128.46523504822358, 35.07525885217073], [128.48716934650022, 35.07508228572272]], [[128.78326174623624, 35.072310509535505], [128.8161582739537, 35.07195792969238]], [[126.57588096671034, 35.31903140409642], [126.58688113078219, 35.31911497973767]], [[126.61988189089848, 35.31935970335727], [126.64188261547376, 35.31951784955403]], [[126.86189845207328, 35.32087916282254], [126.88390079940653, 35.320993277371315]], [[127.04892197761181, 35.32172152464489], [127.05992358766301, 35.32176206707244]], [[127.14793720364526, 35.32205037129413], [127.15893898945377, 35.32208190483589]], [[127.1809426109782, 35.3221419688709], [127.20294629542964, 35.32219802880958]], [[127.2359519306023, 35.32227461095953], [127.24695383575556, 35.32229813625761]], [[127.34597147850926, 35.322464816338076], [127.35697348402267, 35.32247833100378]], [[127.40098157117554, 35.3225223788704], [127.41198360652609, 35.322530888129215]], [[127.54400821409685, 35.32255491429252], [127.56601231029533, 35.32254490338742]], [[127.59901842882448, 35.3225223788704], [127.61002045929261, 35.32251286852685]], [[127.63202450341154, 35.32249084459179], [127.64302651597734, 35.32247833100378]], [[127.6650305194093, 35.322450300596806], [127.70903842428493, 35.3223822269248]], [[128.3031148422949, 35.319895704225516], [128.31411543209234, 35.319822134576455]], [[128.56711682363365, 35.31785387771676], [128.5781163006512, 35.317756295958326]], [[128.72110446910852, 35.316396709345995], [128.74310177596695, 35.316172539595044]], [[129.1060187302261, 35.311896311630996], [129.11701496676469, 35.31174973531233]], [[126.59768097192705, 35.33722921673022], [126.60868366793297, 35.33731084538419]], [[126.65269488619694, 35.33762734755559], [126.6636977966107, 35.33770396992429]], [[126.87276031425107, 35.338969536047394], [126.88376394665899, 35.339026130422425]], [[127.04882177706753, 35.339754860779635], [127.07082990619914, 35.33983499779538]], [[127.18087173546934, 35.340175583911694], [127.1918760139555, 35.34020413332146]], [[127.41196405416319, 35.340564761166185], [127.42296853789067, 35.340572274319626]], [[127.52200899731878, 35.340594813797885], [127.53301349462072, 35.340592309410084]], [[128.07222122511746, 35.33924249278491], [128.11623605334103, 35.339026130422425]], [[128.12723968574895, 35.338969536047394], [128.13824328721225, 35.33891194017642]], [[128.1602503951342, 35.33879374398342], [128.17125390050742, 35.338733143680265]], [[128.3473051138031, 35.33762734755559], [128.39131633206705, 35.33731084538419]], [[128.74337783801772, 35.33420219502084], [128.75437884077795, 35.334088534689236]], [[128.95238578767646, 35.33187154419023], [128.9743851851433, 35.331605202438446]], [[129.1173739876362, 35.32977645739521], [129.12837258333815, 35.329628783835865]], [[129.30433882984403, 35.32713002224145], [129.31533598736695, 35.32696535186939]], [[126.7291162124655, 35.401255182267576], [126.74012796748, 35.40132495699824]], [[126.91632078749126, 35.40230484232463], [126.9273331072161, 35.402357552761565]], [[127.02644519374988, 35.40278677179732], [127.04847037344722, 35.40287111071977]], [[127.2356875673532, 35.40342584933033], [127.24670048725083, 35.40344944490863]], [[127.63215668691115, 35.40364272894732], [127.65418273531031, 35.40361662293561]], [[127.7532995127492, 35.40344944490863], [127.76431243264683, 35.40342584933033]], [[128.182788725858, 35.40178527589208], [128.1938007324525, 35.4017225272906]], [[128.49111015944698, 35.39964892883119], [128.513131790461, 35.39946622615901]], [[128.85443876238782, 35.39612117247021], [128.86544768060304, 35.39599721862849]], [[128.87645653133282, 35.39587226193572], [128.88746531403373, 35.39574630241182]], [[129.19568140457568, 35.39181237220375], [129.20668797817555, 35.39165733995991]], [[126.49843623011513, 35.35448059555372], [126.52044571930715, 35.35466099226595]], [[126.66351191894927, 35.355735891775545], [126.67451731546686, 35.35581156299987]], [[126.69652823020233, 35.35595989952571], [126.70753374733424, 35.35603256480356]], [[127.19180752149056, 35.35823771326565], [127.20281426121973, 35.35826527925276]], [[127.42295141436135, 35.35860609842121], [127.43395834810188, 35.35861261414177]], [[127.4449652851032, 35.35861812744553], [127.45597222482179, 35.35862263833164]], [[127.47798611023707, 35.35862865284812], [127.51100694515321, 35.35863015647753]], [[128.09436078122985, 35.35716918640973], [128.10536691940592, 35.357114558848735]], [[128.33648808105076, 35.355735891775545], [128.3474934362776, 35.355659218592955]], [[128.38050924878397, 35.35542318741868], [128.39151443341822, 35.35534250652686]], [[128.73265063808208, 35.35234452898834], [128.75465759121556, 35.35211805898505]], [[128.7766642966963, 35.35188758345488], [128.787667555211, 35.35177084366302]], [[128.93070393636162, 35.3501621126496], [128.94170625597056, 35.350031356052455]], [[129.12873436411462, 35.34765535096451], [129.13973532046168, 35.34750657882015]], [[126.70744563964075, 35.36504860353553], [126.72945923735493, 35.36519097524074]], [[126.88355843948958, 35.3660753080632], [126.89456577133484, 35.3661309562427]], [[127.05967903253777, 35.36684537312642], [127.07068677754702, 35.36688498018721]], [[127.2027812160013, 35.36728205810069], [127.21378919424494, 35.36730863053212]], [[127.43395100455291, 35.36762950813035], [127.44495916547683, 35.36763502326176]], [[127.45596732911926, 35.36763953564322], [127.47798366238483, 35.36764555215351]], [[127.61008160108378, 35.367597420124945], [127.62108974025973, 35.36758689126007]], [[127.7311707133736, 35.3674264521412], [127.74217875685947, 35.367404893238586]], [[128.08341947582122, 35.36623924506243], [128.10543422866516, 35.3661309562427]], [[128.31456780152908, 35.36490222247992], [128.33658108180845, 35.364751832167265]], [[128.39161355009227, 35.3643583165216], [128.42463250710807, 35.36411018030226]], [[128.56770971785863, 35.362930700638316], [128.57871530335507, 35.362832957013495]], [[128.72178287087294, 35.36147111519005], [128.7327876613817, 35.36135934527248]], [[128.78781069024222, 35.36078546980152], [128.7988151074794, 35.360667689658726]], [[128.90885566423876, 35.35943480123653], [128.9308629585233, 35.35917620559505]], [[129.12891537499783, 35.35666861311801], [129.1399175526151, 35.35651979166913]], [[129.16192166454985, 35.35621914585924], [129.19492721607563, 35.35576067022441]], [[126.48720636953996, 35.37241986856877], [126.498213486634, 35.37251163036742]], [[126.89449843217666, 35.37514734004517], [126.90550701803254, 35.375202003826764]], [[127.03761218354208, 35.3757797444838], [127.04862110877741, 35.37582137057885]], [[127.74220569477076, 35.376421699293246], [127.75321495070439, 35.37639913019909]], [[128.09449298196748, 35.375202003826764], [128.10550156782335, 35.37514734004517]], [[128.11651012376706, 35.37509167342114], [128.12751864925482, 35.37503500396354]], [[128.6228619606184, 35.37144712065626], [128.66688777042555, 35.37102995753459]], [[128.69990652462235, 35.370706562182], [128.7219187320571, 35.37048595457901]], [[128.87599718288536, 35.368829474430726], [128.90901231209293, 35.36844896578407]], [[129.12909646625846, 35.36568186099508], [129.16210642113876, 35.36523224479591]], [[126.47597146401829, 35.39035796172705], [126.48698097959736, 35.3904507874222]], [[126.9273968588815, 35.39334115636755], [126.97144151232364, 35.39354189286821]], [[127.02649791295467, 35.39377023323279], [127.03750926548219, 35.39381289053017]], [[127.22470531246074, 35.39438450761522], [127.2357169932568, 35.394409099080974]], [[128.0615920188568, 35.39339284581241], [128.08361423507404, 35.39328846338983]], [[128.14968017390237, 35.39295123181542], [128.18271271710492, 35.3927690690514]], [[128.4249411390901, 35.39115728118462], [128.44696089458552, 35.39098667657598]], [[128.51301902040265, 35.3904507874222], [128.5350380009517, 35.39026413297477]], [[128.590084547636, 35.38977994388584], [128.61210279301787, 35.38957924738637]], [[128.63412081856694, 35.38937453915525], [128.64512974754524, 35.389270680681]], [[128.83227243863496, 35.387351659534296], [128.8542880267397, 35.387106841588455]], [[128.86529572069517, 35.386982928797515], [128.87630334719506, 35.38685801348753]], [[129.20649808225863, 35.38264448732286], [129.27252839563533, 35.38169356438163]], [[126.6746090522376, 35.34679558384066], [126.69661752152673, 35.34694387120711]], [[126.87269061982586, 35.34798592342282], [126.88369547468906, 35.34804253656234]], [[127.51100572177043, 35.34961324319351], [127.52201144299765, 35.34961174006243]], [[127.61005712807322, 35.34956363993124], [127.62106281996667, 35.34955311804389]], [[128.13831420407905, 35.34792830845531], [128.160323756842, 35.347810073073205]], [[128.38041139871765, 35.346407336968], [128.39141536074965, 35.346326682813874]], [[128.75451818505385, 35.34310330381213], [128.7765224469539, 35.34287290465533]], [[128.94154608306494, 35.34101729234101], [128.95254711024216, 35.34088557835329]], [[129.28254217807196, 35.33646893472269], [129.30453919864374, 35.33614248466459]], [[126.47608540853595, 35.38134253994424], [126.48709369959026, 35.38143533489159]], [[126.9054408736175, 35.38421839215249], [126.92746058224064, 35.384324746389176]], [[127.04857088598028, 35.38483796417197], [127.05958105833123, 35.38487860078035]], [[127.21372550907778, 35.385342165319464], [127.2247359507841, 35.38536775200544]], [[127.62111668447552, 35.38562061053221], [127.63212726712274, 35.38560907127963]], [[128.10556893689377, 35.38416371025465], [128.1165787174795, 35.38410802518204]], [[128.12758846759587, 35.38405133694355], [128.14960787424462, 35.383934951005244]], [[128.44685552219912, 35.38197104653476], [128.490889568715, 35.38161791655245]], [[128.53492283193174, 35.38124874227196], [128.58996325644983, 35.38076471356551]], [[128.61197905313085, 35.38056408354406], [128.62298686934227, 35.380462264624065]], [[128.63399463007656, 35.38035944311945], [128.6450023347904, 35.38025561904664]], [[128.66701757398357, 35.380044963262726], [128.70003999903838, 35.379721460744236]], [[128.79910401442865, 35.37869682192389], [128.8321242174213, 35.37833723352869]], [[129.27233124872967, 35.37268101230814], [129.283334775336, 35.37251907278356]], [[126.724513135286, 35.87908524538046], [126.7909786555832, 35.8794959652827]], [[126.99038244322757, 35.88050747741288], [127.00146070514204, 35.88055396739217]], [[127.14548019072389, 35.881065364649785], [127.15655875322919, 35.8810975509502]], [[127.58863066619769, 35.881555828458026], [127.5997094852504, 35.88154714305164]], [[127.84344124677082, 35.8810975509502], [127.85451980927613, 35.881065364649785]], [[127.92099079001852, 35.880850790702844], [127.93206921588951, 35.88081145240796]], [[128.06500847040505, 35.880259703062535], [128.07608657004096, 35.88020708335749]], [[128.38625954996647, 35.87831900056862], [128.39733658236784, 35.87823675878971]], [[128.57456258015426, 35.87678200636292], [128.61886700580143, 35.87637747415927]], [[128.62994297285448, 35.87627378862608], [128.6742462669269, 35.875848837064304]], [[129.3608044288068, 35.86717413329663], [129.39401692846548, 35.86665494059526]], [[129.40508757197446, 35.86647983749607], [129.41615811970289, 35.86630371501093]], [[129.43829892559756, 35.86594841199611], [129.44936918265367, 35.86576923152348]], [[126.66922040035693, 35.86969970696341], [126.72460099245879, 35.870069940510675]], [[127.32275903790571, 35.87244164852508], [127.33383655483252, 35.872457481331935]], [[127.57754305554616, 35.87254737106536], [127.58862062376038, 35.872539709992]], [[127.82124766755874, 35.87214287060443], [127.83232500888562, 35.87211273770669]], [[128.07602129993853, 35.87119140905755], [128.08709811561513, 35.87113778542496]], [[128.47476407493198, 35.86861764491137], [128.53014057938574, 35.868155527650835]], [[128.60766549351857, 35.86746569168872], [128.62981497586858, 35.86725940954603]], [[128.67411325413696, 35.866834597911684], [128.68518767745098, 35.86672584357142]], [[128.7516329459611, 35.86605188685599], [128.76270694029054, 35.8659359891263]], [[128.8623699645924, 35.864846993353304], [128.87344329879883, 35.86472089237886]], [[129.01739015557703, 35.86298874768103], [129.02846247218469, 35.862848365605196]], [[129.39380247982777, 35.85764372843366], [129.40487187171405, 35.857468682978556]], [[127.00157365009828, 35.86252237668788], [127.02372522951165, 35.86261223248065]], [[127.15663656251196, 35.86306560226253], [127.1677126324821, 35.86309674630349]], [[127.18986482201313, 35.8631559711776], [127.20094094045974, 35.86318405200122]], [[127.59968689479649, 35.86351489827611], [127.62183949722153, 35.86349447550017]], [[127.83228736751792, 35.86309674630349], [127.84336343748805, 35.86306560226253]], [[127.94304722307314, 35.86273935872962], [127.96519894456559, 35.86265562889598]], [[127.97627477048836, 35.86261223248065], [127.98735057245278, 35.862567815075565]], [[128.07595605882076, 35.86217572109525], [128.087031620093, 35.862122115123455]], [[128.530023921252, 35.85914083951112], [128.60754006030754, 35.85845123072574]], [[128.68505347039007, 35.857711626250854], [128.72934554889505, 35.85726655030337]], [[128.7404184153813, 35.85715273094526], [128.7514912194993, 35.85703789147498]], [[129.44892786797362, 35.84774737562702], [129.49319790215105, 35.84702093984316]], [[129.51533232067342, 35.84665161092591], [129.52639937835264, 35.846465418814304]], [[126.88964009489591, 36.01527575726167], [126.90073699692459, 36.015331717272176]], [[127.36682733088996, 36.01675490216774], [127.3779250296388, 36.016766711143866]], [[127.38902273456426, 36.01677749325888], [127.4223158807851, 36.016803678420665]], [[127.53329320517949, 36.016824215827576], [127.5443909376189, 36.01682062177977]], [[127.58878183930109, 36.01679597689877], [127.59987955489522, 36.016787248511044]], [[127.61097726543576, 36.01677749325888], [127.62207497036121, 36.016766711143866]], [[127.76634436793869, 36.016533100145956], [127.78853948861662, 36.016481757452354]], [[128.3100983176436, 36.01409293446774], [128.32119453702444, 36.01401747039426]], [[128.6207749206189, 36.01159199821404], [128.68734311623976, 36.01095141696415]], [[128.69843760862025, 36.01084106258749], [128.72062641100263, 36.01061727613413]], [[129.11997828958286, 36.00588757753339], [129.1421616343936, 36.00558585264394]], [[126.79081789108824, 35.89752680437697], [126.81297837854348, 35.89765562411777]], [[126.95702472136136, 35.898393287254656], [126.99026688612288, 35.89853898293374]], [[127.00134765980553, 35.89858550354299], [127.04567100013213, 35.89876136269596]], [[127.05675189382244, 35.89880277162783], [127.07891374762691, 35.8988825224167]], [[127.08999470662489, 35.89892086426087], [127.14539980024753, 35.89909723773732]], [[127.57756942867128, 35.899595693340665], [127.58865076445973, 35.89958802469422]], [[128.05405594627024, 35.898342677437235], [128.06513658599403, 35.89829104533771]], [[128.3975400332208, 35.896266768289436], [128.40861953108208, 35.89618345038038]], [[128.46401632285585, 35.895751532087615], [128.49725381982046, 35.89548011861712]], [[128.50833288578008, 35.89538760379748], [128.5194119009628, 35.895294067171086]], [[128.54156977676783, 35.89510392855842], [128.55264863627517, 35.89500732660273]], [[128.61912066066856, 35.89440625876658], [128.63019913742343, 35.89430250492727]], [[128.75205850317616, 35.893093788756076], [128.76313626025242, 35.89297777647824]], [[128.862833145326, 35.89188770440662], [128.87391024138782, 35.89176147880336]], [[129.33907895080733, 35.88553811124071], [129.3612260965559, 35.88519685559948]], [[129.4165923124335, 35.88432586403514], [129.43873812771767, 35.883970327012676]], [[126.74529742625518, 36.02346998949618], [126.76749290492734, 36.02360761887479]], [[126.87847243254365, 36.0242341531999], [126.88957056756459, 36.02429115857195]], [[127.11153900848998, 36.02521559374875], [127.12263767431963, 36.025251031320515]], [[127.37791112282186, 36.02578260278302], [127.3890100919945, 36.025793388443994]], [[127.42230703097117, 36.025819582217444], [127.4334060192438, 36.0258262590674]], [[127.56659398075621, 36.0258262590674], [127.58879195336908, 36.02581187816271]], [[127.61098990800551, 36.025793388443994], [127.62208887717817, 36.02578260278302]], [[127.7330781363501, 36.02561825060682], [127.76637470962302, 36.025548914956424]], [[127.78857235866468, 36.02549755537758], [127.82186872128254, 36.02541281237426]], [[127.86626364075187, 36.025285441779175], [127.88846099151003, 36.02521559374875]], [[128.31019059226367, 36.023107946797026], [128.32128807522056, 36.02303245790695]], [[128.620902567445, 36.02060618812775], [128.63199867464564, 36.02050195529083]], [[128.6874783404023, 36.01996539623545], [128.69857409557875, 36.01985500557127]], [[129.10906968309968, 36.015049265671315], [129.1201627401962, 36.014899891780466]], [[129.2865484520836, 36.01253624390522], [129.29764013120013, 36.01237046589664]], [[127.04572251059108, 35.88974554353952], [127.05680214806439, 35.88978693883763]], [[127.078961489405, 35.889866663368764], [127.09004119215659, 35.88990499258897]], [[127.57756063372432, 35.89057959948075], [127.58864071309682, 35.89057193335922]], [[127.88779934096699, 35.88997858490783], [127.92103851059501, 35.889866663368764]], [[128.4971407722661, 35.886465379755435], [128.50821858283118, 35.88637289539348]], [[128.51929634264224, 35.886279389561096], [128.5414517077734, 35.88608931354539]], [[128.55252931197907, 35.885992743392634], [128.5857618044702, 35.8856969045416]], [[128.60791652712106, 35.88549457180592], [128.61899380507217, 35.88539187343614]], [[128.86267868318146, 35.882874148186076], [128.87375452473495, 35.88274796413502]], [[126.90080523005453, 36.00631628386544], [126.9119008990633, 36.006371199184635]], [[127.4334211869909, 36.00779443349925], [127.4445176506809, 36.00780007942892]], [[127.53328941408154, 36.00780829169322], [127.54438588282284, 36.00780469882716]], [[127.59986818162879, 36.00777133653162], [127.62206106972084, 36.00775080591717]], [[128.60955369196694, 36.00268093295878], [128.62064733047507, 36.002577794331685]], [[128.7204874602615, 36.00160339269669], [128.73158050698981, 36.00148999794691]], [[129.29723096070774, 35.99434748550776], [129.30832002767218, 35.99418079209127]], [[127.02377915647521, 35.853596387077275], [127.04592832377885, 35.85368213065909]], [[127.16775025713382, 35.85408074130692], [127.18989993849036, 35.85413994667291]], [[127.78795031777449, 35.85419506907564], [127.82117491026374, 35.854110854358005]], [[127.93192241758166, 35.85376379157206], [127.94299705803998, 35.853723471452525]], [[127.96514627156837, 35.853639769198395], [127.9762208435248, 35.853596387077275]], [[128.3859584741526, 35.851273801531875], [128.45239741006003, 35.85076553449102]], [[128.56312508006616, 35.84983680846795], [128.5741975623032, 35.84973832534212]], [[128.72920639060183, 35.84825246557774], [128.740278004452, 35.84813868370514]], [[128.87313234914848, 35.84669376407477], [128.8952737997327, 35.84643866959311]], [[128.96169645081378, 35.845648918741944], [128.97276663881297, 35.845513725658265]], [[128.9949067922285, 35.84524028144906], [129.0170466451642, 35.84496275999742]], [[129.4929723907854, 35.83801022900379], [129.5151043091181, 35.837641021690764]], [[126.87903788264728, 35.952110709080046], [126.89012592240483, 35.952167564643204]], [[127.34475563104196, 35.95361667036086], [127.3558444817943, 35.95363050116824]], [[127.5443556011567, 35.95370887593275], [127.55544449724779, 35.95370426564358]], [[127.89919611169005, 35.953053201545806], [127.91028464060429, 35.95301580829493]], [[128.08769790629705, 35.95227820298135], [128.0987860070568, 35.952223395946625]], [[128.34271558702017, 35.95075851858118], [128.3538028511591, 35.950680155932695]], [[128.61988297850743, 35.94849227778505], [128.6309689977516, 35.94838831884449]], [[129.06327372032635, 35.94353565418422], [129.0965233847818, 35.943097915115054]], [[129.3181685690808, 35.939944442700586], [129.32924990285755, 35.939776033266604]], [[126.59034791272855, 35.98633239430842], [126.61253212705776, 35.98649855409256]], [[127.35577890100306, 35.989694334199456], [127.36687280365769, 35.9897071573763]], [[127.44453027924966, 35.98976819581614], [127.4556242200352, 35.98977281217665]], [[127.48890605360694, 35.98978050611335], [127.50000000000001, 35.989781019042574]], [[127.5221878922254, 35.98977896732577], [127.53328183693623, 35.98977640268006]], [[127.8771905073116, 35.98918808205782], [127.89937771319904, 35.989116274330215]], [[128.154523649322, 35.98799559585799], [128.16561660327693, 35.98793456308359]], [[128.30982173958256, 35.987047814778926], [128.32091417160046, 35.98697242512187]], [[128.5871188065069, 35.98485548199037], [128.6093012047825, 35.984652415479395]], [[128.731300267952, 35.98346226351412], [128.7423907298522, 35.983347918480575]], [[128.76457146480462, 35.98311615396598], [128.79784208671936, 35.98276082135643]], [[126.90100974767921, 35.97926990150001], [126.91210163004237, 35.9793247626588]], [[127.34470267375592, 35.98066455184982], [127.35579530712724, 35.98067839631613]], [[127.45562926809922, 35.980756848481505], [127.48890731562355, 35.98076453988761]], [[127.50000000000001, 35.980765052648124], [127.53327805088733, 35.98076043780396]], [[128.32082079945147, 35.977957382457895], [128.3430030158656, 35.97780357753876]], [[128.53154452577263, 35.97633070184214], [128.5426347607724, 35.97623483813163]], [[128.55372494310978, 35.97613794962989], [128.58699516855052, 35.97584113553406]], [[128.60917504527146, 35.97563813580445], [128.62026489988114, 35.975535098888734]], [[128.79769449827967, 35.973747163743425], [128.80878331493798, 35.973626709683735]], [[129.30770317510226, 35.967146376571755], [129.31878837311655, 35.966978824179535]], [[126.85708097684041, 35.92494752296725], [126.8681651769577, 35.92500636889148]], [[127.03443168862717, 35.92576626517874], [127.05660099709247, 35.925850188241235]], [[127.07877039498777, 35.92593001783849], [127.08985512607454, 35.925968397571474]], [[127.54434049056323, 35.92666078121783], [127.56651072466515, 35.92665054624329]], [[128.0431601221959, 35.92544029922505], [128.05424456152235, 35.92538963939647]], [[128.0764133557799, 35.92528524987093], [128.08749770959344, 35.92523152019079]], [[128.51975888402308, 35.92233801669769], [128.53084161726315, 35.922243364846956]], [[128.74140303977111, 35.920250668712946], [128.75248462773095, 35.920135564257095]], [[129.04058212719286, 35.91678402712538], [129.05166181508972, 35.91664132364524]], [[129.32862715640354, 35.91274168666704], [129.33970463065003, 35.912572422123525]], [[126.83498815125691, 35.91581130640373], [126.85715393836614, 35.91593202815898]], [[126.8682368808011, 35.91599085471495], [126.90148589692618, 35.91616119698312]], [[126.93473518455369, 35.916322332961556], [126.94581833815712, 35.91637399907148]], [[127.05665131834652, 35.91683439633103], [127.07881820042786, 35.916914199652965]], [[128.40882567559015, 35.91421334975508], [128.4199076405025, 35.914128954359086]], [[128.46423503099018, 35.91378114697158], [128.47531675853122, 35.913691638743785]], [[128.50856164403123, 35.91341697897594], [128.51964317163012, 35.913323380740934]], [[128.75234252312765, 35.911121653137165], [128.76342279148682, 35.91100556445135]], [[129.02932885430585, 35.90791285388438], [129.040407364137, 35.90777121893482]], [[129.32841975850903, 35.90373020861405], [129.3394959781007, 35.903560999764345]], [[126.81290045569025, 35.90667106550891], [126.8350635945856, 35.90679583763899]], [[126.85722686749106, 35.90691651965634], [126.86830855280216, 35.90697532684838]], [[126.90155379747056, 35.90714561304484], [126.93479931351916, 35.907306695981774]], [[126.94588120990365, 35.90735834508459], [126.95696313420851, 35.907408971568685]], [[127.33376118674668, 35.908521765410406], [127.3559262940852, 35.90855040434441]], [[127.56649563085382, 35.90861842198509], [127.57757822752583, 35.90861177363357]], [[127.85464042178025, 35.90811315387636], [127.88788730652634, 35.90801036311672]], [[128.75220048161884, 35.90210772796962], [128.76327949405785, 35.901991677492056]], [[128.85190925631255, 35.90102649207897], [128.86298767607832, 35.90090124649431]], [[126.48162627865456, 35.8141614690851], [126.49269401553188, 35.81425472881213]], [[126.69192138899453, 35.81575917837104], [126.7029899917719, 35.815833078855846]], [[127.12362147373639, 35.817886098060484], [127.13469122552176, 35.81792024896133]], [[127.21217997058088, 35.81813076258367], [127.23431975045843, 35.81818173475518]], [[127.30073939253293, 35.81831018523279], [127.31180937114748, 35.81832802564544]], [[127.62177057814368, 35.818413659859026], [127.6439106254396, 35.81838919290155]], [[127.65498063852414, 35.818375430251784], [127.6660506438251, 35.81836064815757]], [[128.0756302875461, 35.81709707639815], [128.08669958514622, 35.81704355867143]], [[128.16418381228212, 35.81664039663336], [128.20845979197938, 35.81638759647512]], [[128.2970100082281, 35.815833078855846], [128.319147173208, 35.81568425886209]], [[128.4741024726265, 35.81452839523922], [128.4851703595534, 35.814438191903925]], [[128.49623819701904, 35.81434696975668], [128.51837372134545, 35.8141614690851]], [[128.57371162772193, 35.81367988924254], [128.58477904950885, 35.81358051714083]], [[128.5958464168376, 35.813480126364915], [128.60691372915304, 35.81337871693093]], [[128.94997009639428, 35.809729865611864], [128.96103535528684, 35.809595868609755]], [[128.99423068981557, 35.80918776948405], [129.00529565209408, 35.80904970047512]], [[127.00168649476453, 35.844490731441496], [127.01275976488114, 35.84453613989899]], [[127.04597971996517, 35.84466624338238], [127.05705308471602, 35.84470757055723]], [[127.10134676082474, 35.84486267581585], [127.11242023134525, 35.84489890123915]], [[127.20100865018064, 35.84515197090712], [127.21208227601936, 35.84517901282454]], [[127.31174549311174, 35.84537647100808], [127.32281923864322, 35.84539330862235]], [[127.74362308144914, 35.845276976318615], [127.75469676184517, 35.84525401607948]], [[127.7768440836676, 35.84520503432851], [127.78791772398066, 35.84517901282454]], [[127.98724023511888, 35.84453613989899], [127.99831350523549, 35.844490731441496]], [[128.06475258040734, 35.84419685460402], [128.0758256634871, 35.844144304189186]], [[128.37478614237455, 35.842339821131766], [128.38585820466085, 35.842258707588584]], [[128.45228962392932, 35.841750607971115], [128.4744330534055, 35.84157308238491]], [[128.5519334847654, 35.8409196188385], [128.5630047679519, 35.84082218786533]], [[128.71799687056645, 35.839351091769394], [128.729067294093, 35.83923836683275]], [[128.89511592507503, 35.83742516825878], [128.93939297400792, 35.83690291749012]], [[128.95046205685364, 35.83676980703605], [128.99473765402965, 35.8362271748135]], [[129.00580636699598, 35.83608896926524], [129.01687500432098, 35.8359497447641]], [[127.0460310933278, 35.83565034248587], [127.0571032052049, 35.83569165604518]], [[127.0792474951741, 35.83577122315268], [127.10139186972106, 35.83584671020306]], [[127.11246408732028, 35.83588292369155], [127.12353632439486, 35.83591811714778]], [[127.61072558984793, 35.83645673815876], [127.62179812740852, 35.83644602679699]], [[127.75466794153692, 35.836237921535464], [127.77681275734567, 35.83618895592212]], [[127.99825712048293, 35.83547488836858], [128.0425449336746, 35.835283114787366]], [[128.05361682020362, 35.83523262153268], [128.06468867891257, 35.835181108350255]], [[128.0757605092452, 35.835128575248326], [128.09790408255645, 35.83502044931995]], [[128.47432281086992, 35.8325582005142], [128.48539320032867, 35.83246793770828]], [[128.55181447800945, 35.831904952237934], [128.56288450925743, 35.831807553361095]], [[128.7067898542188, 35.83044861053596], [128.71785908736655, 35.830336941873604]], [[128.93923016531642, 35.82788957403259], [128.95029799721198, 35.82775650742421]], [[126.70308007778145, 35.806817725504764], [126.73628237163786, 35.80703324164979]], [[127.00191188358754, 35.808427277368104], [127.01298014571609, 35.80847262600517]], [[127.1679381299155, 35.80900051247238], [127.21221250651641, 35.8091146520122]], [[127.22328113817663, 35.80914063923523], [127.23434978372953, 35.80916560738491]], [[127.5221376239798, 35.809457074739036], [127.55534405022433, 35.80944637393558]], [[127.58855045146126, 35.80942650103079], [127.59961924372296, 35.80941783848905]], [[127.6438943571976, 35.80937299715955], [127.65496311889461, 35.809359239045534]], [[127.66603187281159, 35.809344461823045], [127.68816935508248, 35.809311850062315]], [[127.72137550624572, 35.809255289172285], [127.73244420181251, 35.80923439735451]], [[128.05342904086973, 35.80818524995268], [128.07556522006294, 35.80808130649172]], [[128.3190545857082, 35.80666895455437], [128.3301218560628, 35.80659304105864]], [[128.36332341490296, 35.806359188636165], [128.37439051525774, 35.80627920055864]], [[128.4075915507737, 35.806033124695816], [128.47399237687475, 35.80551347183803]], [[128.5846564504576, 35.80456590609791], [128.6510523173063, 35.803948485423724]], [[128.706380622958, 35.80340596646525], [128.7174461046979, 35.803294408146]], [[128.94980625515285, 35.80071652341482], [128.9608702647921, 35.800582570564515]], [[127.04608244387698, 35.826634427971], [127.07929508874129, 35.82675526880844]], [[127.13464991213229, 35.82693627656111], [127.16786303086818, 35.827032644770895]], [[127.59964177405081, 35.827450245983734], [127.61071306466495, 35.82744055793972]], [[127.73249677194812, 35.827266683882755], [127.74356795910602, 35.82724475852791]], [[128.04248356497604, 35.826267321270784], [128.0535541992889, 35.82621684465311]], [[128.09783645290446, 35.82600474234866], [128.11997740174692, 35.82589257381604]], [[128.27496030652662, 35.8249932100213], [128.297100134257, 35.82484841846058]], [[128.48528175519928, 35.82345307173116], [128.49635084363084, 35.823361819516165]], [[128.5627643039588, 35.82279290495682], [128.57383303045214, 35.822694519127516]], [[128.7066533832168, 35.82143440984316], [128.71772136534014, 35.82132277797002]], [[128.95013401040308, 35.81874319361557], [128.96120051910341, 35.81860915245189]], [[126.8899872686578, 35.9701985452782], [126.90107785967798, 35.97025441333452]], [[127.10071312789042, 35.971084765188074], [127.11180419786751, 35.97112115797817]], [[127.53327426651995, 35.971744459350006], [127.54436568607879, 35.97174087120822]], [[128.54251621888298, 35.9672203482461], [128.55360514089264, 35.96712349161126]], [[128.8086345323175, 35.96461307759215], [128.8529840939066, 35.96412117966608]], [[126.73636866694238, 35.798017803522946], [126.76956755495956, 35.7982240830459]], [[127.01303517977378, 35.79945671346906], [127.04623635874627, 35.79958660273029]], [[127.21224502800358, 35.800098527864115], [127.2233124088904, 35.8001245065217]], [[127.2897169663864, 35.80025898484556], [127.30078443281423, 35.80027783226234]], [[127.51106756141327, 35.8004423659098], [127.52213512227105, 35.80044083772696]], [[127.55533779595683, 35.80043014045053], [127.56640534903798, 35.80042453711766]], [[127.57747289878627, 35.80041791499912], [127.58854044464623, 35.800410274095974]], [[128.0422996223409, 35.799219858863594], [128.05336650334027, 35.799169432134704]], [[128.11976718673, 35.79884548179075], [128.13083386167835, 35.79878792515257]], [[128.16403369436233, 35.798609144138986], [128.17510023935267, 35.79854751346668]], [[128.2082996688387, 35.798356510585], [128.21936607498856, 35.79829080603694]], [[128.33002805951256, 35.79757774801492], [128.36322586797897, 35.79734397266585]], [[128.5181435777516, 35.79613185024669], [128.52920876337177, 35.7960376338813]], [[128.57346898394638, 35.795650587761884], [128.5845339058401, 35.79555128114522]], [[128.65092227519557, 35.79493406395018], [128.70624433364688, 35.794391723783434]], [[127.15698585016052, 35.78192116034476], [127.19018030948848, 35.78201126159817]], [[127.26763456587928, 35.78218586580702], [127.27869951070585, 35.782206736971304]], [[127.68810559043841, 35.78226324194562], [127.69917056689806, 35.782245425043705]], [[128.03111272125466, 35.78123752462602], [128.05324151157942, 35.781137755570505]], [[128.1306913746173, 35.78075650007211], [128.1749477555912, 35.78051624686083]], [[128.2302674660911, 35.780193029637466], [128.25239509783228, 35.78005661834729]], [[128.56216407756403, 35.7777194544901], [128.57322655558946, 35.77762123067759]], [[128.97143562492363, 35.77340775408014], [128.99355578716532, 35.773135029791035]], [[126.76981496844515, 35.77117748236824], [126.7808775908684, 35.771244139393566]], [[127.14596103673537, 35.77287298404802], [127.15702457377903, 35.772905043309]], [[127.19021528586568, 35.77299511485528], [127.20127888836426, 35.77302310327573]], [[127.25659711442007, 35.773147779467294], [127.26766079846108, 35.77316966149544]], [[127.6659568720778, 35.773279580901416], [127.68808435443165, 35.77324701212229]], [[128.38505764987877, 35.77013745950241], [128.39611966504552, 35.770055542309564]], [[128.5509829089136, 35.768801897120895], [128.56204419213725, 35.76870472271878]], [[128.68371467267627, 35.76756868395419], [128.69477528060548, 35.76745930628455]], [[128.927033363617, 35.76492751624913], [128.93809252643828, 35.764795772689524]], [[127.04628761814406, 35.79057063375612], [127.06841935204791, 35.790652106488054]], [[127.20121141881548, 35.79105540164936], [127.21227753504891, 35.79108239014086]], [[127.27867451616127, 35.791222934602246], [127.28974072178362, 35.79124279422942]], [[127.56639784725255, 35.79140829192882], [127.57746414670706, 35.7914016719932]], [[127.68812683587966, 35.791279458210994], [127.72132548383874, 35.791222934602246]], [[128.0311727043668, 35.7902534026304], [128.04223836257523, 35.79020401078017]], [[128.21928481695988, 35.789275264194764], [128.23034993724747, 35.789208563197185]], [[128.25248006735805, 35.789072106923115], [128.27461004648356, 35.788931578350486]], [[128.39632203448105, 35.78808588302884], [128.40738650200902, 35.788002893882094]], [[128.52909251897523, 35.787022834717035], [128.55122023635724, 35.78683141087302]], [[128.93841720537705, 35.782822643973724], [128.94947879084162, 35.78268979644779]], [[126.82566082678701, 35.70839063312152], [126.83671489829007, 35.70845206084584]], [[126.9804206454025, 35.70915824011126], [126.9914751310323, 35.70920545504596]], [[127.057802559592, 35.70946742391258], [127.06885721165568, 35.70950753186805]], [[127.20151456035914, 35.709909631494725], [127.23467927078515, 35.70998731081274]], [[127.65477091568722, 35.71018024121218], [127.66582594100194, 35.71016551750737]], [[127.77637564669881, 35.70996243308807], [127.78743055035845, 35.709936539980696]], [[128.3511993547605, 35.707269738956334], [128.37330615765873, 35.70711135707111]], [[128.4285723909764, 35.706697641390136], [128.4396255005472, 35.70661185362238]], [[128.61646848795075, 35.70510124020386], [128.6496250253461, 35.7047890820472]], [[128.73803988886084, 35.703912021221896], [128.76014299683382, 35.70368261153115]], [[129.08060751275062, 35.699900288852064], [129.09165690559288, 35.699754654294274]], [[129.2463398024336, 35.69760933801732], [129.2573879442419, 35.697448499803215]], [[126.71591591435093, 35.626580152251975], [126.726958446304, 35.62665151842736]], [[127.62148278361342, 35.62907053507074], [127.6325266476976, 35.62905889227637]], [[128.4165912623457, 35.62564482465215], [128.4386751777085, 35.625474770044804]], [[128.5380504168153, 35.624659440120006], [128.54909185864108, 35.62456378918612]], [[129.00173963266022, 35.619771232377175], [129.0238171011977, 35.61949396808965]], [[129.28872177710267, 35.61585145616783], [129.29975841072593, 35.61568705373179]], [[126.80331734815238, 35.73531181534889], [126.81437508779142, 35.73537533617224]], [[126.86966428978774, 35.73567769820207], [126.8807222270732, 35.73573512212273]], [[127.0687114528855, 35.73655584579139], [127.07976986355574, 35.736594977154944]], [[127.16823785986429, 35.73687143999309], [127.19035503612666, 35.73693039214792]], [[127.27882431703858, 35.737125545413406], [127.28988303280136, 35.73714536577903]], [[127.48894117902886, 35.73732832397629], [127.50000000000001, 35.737328832195956]], [[128.05292951750107, 35.73605832547923], [128.0639876325085, 35.7360069987929]], [[128.40677244736378, 35.733911870307786], [128.4288862753184, 35.73374317245966]], [[128.5615651824745, 35.73264565675984], [128.57262142588627, 35.73254759478443]], [[128.58367761561217, 35.73244851713666], [128.60578983179474, 35.73224731488779]], [[128.68318081605668, 35.73151111572647], [128.69423643851667, 35.73140188225599]], [[128.70529200120976, 35.731291633296884], [128.71634750358314, 35.731180368866845]], [[128.7716240913118, 35.73060881528286], [128.78267922016136, 35.730491458407606]], [[128.9816600279344, 35.72820543008711], [128.99271384274212, 35.72806878510526]], [[129.13640643811857, 35.72620004770484], [129.15851179372163, 35.725897328527886]], [[129.18061681747352, 35.72559055092659], [129.19166920352583, 35.725435640278185]], [[129.20272150496007, 35.72527971509765], [129.21377372122458, 35.72512277541]], [[127.0578523472709, 35.70045130531999], [127.06890575476973, 35.7004914000402]], [[127.23470914440657, 35.700971020661086], [127.24576283047224, 35.70099487512457]], [[127.46683848634979, 35.70125879884785], [127.47789232331195, 35.70126133659376]], [[127.64369970086746, 35.70117759115773], [127.65475348918854, 35.70116388739426]], [[127.78739818737587, 35.70092026658316], [127.79845183198725, 35.70089336697685]], [[128.0747866602638, 35.69989100315024], [128.08583973725982, 35.699837714402584]], [[128.3732078421192, 35.69809601593666], [128.42846785575836, 35.697682436769455]], [[128.52793290989482, 35.69687408042947], [128.53898433302749, 35.69677919088731]], [[129.00309039856873, 35.69187805505217], [129.03623624636145, 35.69145953841294]], [[129.069381403368, 35.69103190002998], [129.08042963295722, 35.69088732695436]], [[126.71582786468511, 35.63559580412572], [126.7268716363694, 35.63566719387865]], [[127.1134240069469, 35.637527979021854], [127.13551365154912, 35.63759684423346]], [[127.41163892006378, 35.63811587317311], [127.43372917461947, 35.63813005172391]], [[127.99702297086547, 35.637122894602804], [128.00806754137423, 35.63707681679814]], [[128.22895289678772, 35.6359426292025], [128.23999681941308, 35.635875288946934]], [[128.3946076101698, 35.63482622952391], [128.40565092134509, 35.63474370462759]], [[128.4387805816649, 35.634490056734016], [128.471909820617, 35.63422729931951]], [[128.482952804062, 35.63413768924176], [128.49399573848692, 35.634047067051334]], [[128.86942241360828, 35.63036381867137], [128.90254482300156, 35.629982676715606]], [[128.94670705407765, 35.62946032727431], [128.95774743292404, 35.62932721145153]], [[129.00190821613322, 35.62878463494984], [129.02398816073935, 35.6285072790771]], [[129.2889225383261, 35.62486356402842], [129.29996040904547, 35.62469910729257]], [[126.83656544562132, 35.72648358690806], [126.86973532793965, 35.72666189683939]], [[126.92501908862745, 35.726938763154415], [126.9360759293096, 35.72699108880118]], [[126.94713279821566, 35.72704239855588], [126.95818969479242, 35.72709269241031]], [[127.07981722515966, 35.72757887319984], [127.09087441062694, 35.72761697566826]], [[127.1461606340585, 35.727792248007106], [127.16827525127904, 35.72785524483692]], [[127.19038993491472, 35.72791417754422], [127.20144730025471, 35.72794211984]], [[127.71009328554585, 35.72812908025815], [127.7653805162777, 35.7280198504426]], [[128.5393354078784, 35.72382386874374], [128.5614455629507, 35.723630855559655]], [[128.66093856804287, 35.72271203810186], [128.68304750000368, 35.722496688751676]], [[128.71621045265613, 35.72216605098607], [128.73831878445313, 35.72194055018826]], [[128.76042686845045, 35.72171098906222], [128.77148081614325, 35.72159468592201]], [[129.1583249705401, 35.71688475309158], [129.1804275071078, 35.71657807666422]], [[129.19147864962432, 35.7164232171044], [129.20252970756067, 35.71626734334683]], [[129.2135806803654, 35.71611045541651], [129.22463156748708, 35.71595255333857]], [[127.08976196898514, 35.944000018343566], [127.10084923829123, 35.944037399290615]], [[127.34477326779336, 35.944600682701115], [127.35586085879252, 35.94461450895756]], [[127.89915076170878, 35.944037399290615], [127.91023803101487, 35.944000018343566]], [[128.05437044473058, 35.94342087905503], [128.06545737334295, 35.94336916190104]], [[128.3647918296198, 35.941585773930136], [128.3980494517279, 35.941341550311726]], [[128.45347790839736, 35.94091403850552], [128.47564895829595, 35.94073586874846]], [[129.0963421024984, 35.93408538813141], [129.10742390655292, 35.93393747814917]], [[126.86809344125766, 35.934021869376515], [126.87917893148702, 35.93407971110595]], [[127.34479089671197, 35.93558468146193], [127.35587722851741, 35.93559850316846]], [[127.54434552519042, 35.93567682636122], [127.55543190229378, 35.93567221910567]], [[127.88801940147921, 35.93505792833223], [127.89910543186771, 35.935021583414574]], [[128.0432217914721, 35.934455942564554], [128.0543074891474, 35.93440526605813]], [[128.06539315886454, 35.93435356592262], [128.07647880006454, 35.93430084216636]], [[128.42011648325246, 35.932158742874364], [128.45336964248273, 35.9318992504058]], [[128.85236949189294, 35.928067157259235], [128.8634516802911, 35.92794178794344]], [[129.05183791197388, 35.92565407057095], [129.06291877786637, 35.92551029790041]], [[129.10724144816115, 35.92492498547461], [129.1294022995393, 35.924626196545574]], [[129.32883464639883, 35.9217531501281], [129.33991337585675, 35.921583829878365]], [[126.79217984806559, 35.74426292409535], [126.80323879929759, 35.74432748232818]], [[126.9027708641604, 35.744862764941125], [126.92488944402373, 35.74497053496353]], [[127.09078215941894, 35.74564919513453], [127.1018418584222, 35.74568630608982]], [[127.2456195585721, 35.74607622968496], [127.25667948635902, 35.74609910680662]], [[127.50000000000001, 35.7463451647003], [127.5221201353311, 35.74634313115094]], [[128.1857022145768, 35.74439102411005], [128.1967612007024, 35.74432748232818]], [[128.3958164477238, 35.74300992780857], [128.4068746762102, 35.74292707538757]], [[128.5727423443589, 35.74156234974897], [128.58379977987659, 35.741463239413115]], [[128.60591448756966, 35.74126197078306], [128.61697175863873, 35.74115981252115]], [[128.6943710593215, 35.74041625922748], [128.70542786752537, 35.740305973895644]], [[128.78282380428183, 35.739505535020044], [128.79388011423086, 35.73938712375035]], [[128.80493635941025, 35.73926769682216], [128.84916068137537, 35.73877983291003]], [[128.9707718888918, 35.73735442729165], [128.98182702259126, 35.737218752543]], [[126.78103985449918, 35.753212959779795], [126.79210001729255, 35.753278556087004]], [[126.86952211879726, 35.75370925994316], [126.90270350430752, 35.75387859482815]], [[127.04649242821462, 35.75450662176116], [127.06861417241863, 35.75458798709241]], [[127.10179694943892, 35.75470240767866], [127.13497990601772, 35.754807675226225]], [[127.26771322868284, 35.755137212187044], [127.27877442776362, 35.75515806271158]], [[127.68804191070457, 35.75521451180742], [127.71016436207125, 35.75517789615859]], [[128.17471928376375, 35.75346924431189], [128.18577955128504, 35.753406698363335]], [[128.38485795521612, 35.75210700960905], [128.39591747528033, 35.75202514642981]], [[128.79402600840865, 35.748401147260616], [128.8050834993994, 35.748281680937026]], [[128.84931280431476, 35.74779365609427], [128.8603699630168, 35.74766911009432]], [[128.8714270536022, 35.74754354821838], [128.88248407551805, 35.747416970486576]], [[126.77063730330691, 35.68102125598063], [126.7816874696301, 35.68108769343693]], [[126.79273767184152, 35.681153116808126], [126.82588848828611, 35.68134330230709]], [[126.99164681932764, 35.682157317771775], [127.01374840260985, 35.68224861140252]], [[127.29002496507194, 35.683047449398984], [127.31212748767012, 35.68308396851085]], [[127.79838466144373, 35.68286079725767], [127.8204869300153, 35.68280399044848]], [[128.05255603801317, 35.68196255949349], [128.09675845361332, 35.681751573613354]], [[128.1851618182786, 35.68128092125345], [128.2072623281585, 35.681153116808126]], [[128.35091199979686, 35.68022351750635], [128.3619616924183, 35.68014491190587]], [[128.50560357707076, 35.67903077591216], [128.5277016053992, 35.678844163258894]], [[129.33410339857508, 35.669258898722994], [129.345147100143, 35.66909012138642]], [[129.36723422645355, 35.66874953025045], [129.400364215609, 35.66823105279958]], [[126.81452958956936, 35.717343919249], [126.83664018854971, 35.71746783071246]], [[126.93613946290375, 35.71797516517404], [126.94719508626173, 35.71802645800087]], [[126.958250737278, 35.718076735262564], [126.9803621200733, 35.718174243058435]], [[127.06880864697676, 35.7185236501035], [127.07986456573269, 35.71856275565229]], [[127.13514446377175, 35.71874304850926], [127.14620050035956, 35.718776060062766]], [[127.47788734317467, 35.71929409503062], [127.48894367131072, 35.71929561868371]], [[127.76535061610764, 35.719003587407066], [127.7764067788282, 35.71897870147106]], [[128.06386053709628, 35.71797516517404], [128.07491613224295, 35.71792285679031]], [[128.19652565875649, 35.71728044032873], [128.2075808722355, 35.71721594596299]], [[128.42867697262855, 35.71571283221309], [128.4397313266261, 35.715627016131855]], [[128.52816441991823, 35.71490394217923], [128.53921833095544, 35.7148089899897]], [[128.649754491252, 35.7138036429814], [128.6608078001215, 35.713697526123866]], [[128.99237758798924, 35.710042187699386], [129.0034288403818, 35.70990461855767]], [[129.0918361071422, 35.70876755384066], [129.1360378482435, 35.708174682808114]], [[129.22443736944095, 35.706940270995005], [129.2465363988056, 35.70662152966084]], [[127.38953627424169, 35.64711410826388], [127.41162899293293, 35.647132343835914]], [[127.46686085719021, 35.64716020377147], [127.47790723720803, 35.64716273649492]], [[128.00812461850077, 35.646092944204405], [128.0191704042933, 35.6460458382601]], [[128.19589907901616, 35.64515439297862], [128.22903478398632, 35.644958381935304]], [[128.25112507300977, 35.644822644208446], [128.2732152121264, 35.64468285562428]], [[128.317395023012, 35.64439112624488], [128.361574181391, 35.64408319454467]], [[128.3947081007632, 35.643841613469625], [128.40575265201446, 35.643759061312764]], [[128.4720189913094, 35.64324248542116], [128.48306321468382, 35.64315284574286]], [[128.49410738901625, 35.64306219361761], [128.5051515137561, 35.64297052905994]], [[128.90270233245946, 35.638996460778756], [128.9468695189169, 35.6384739388107]], [[129.02415929624595, 35.637520575836994], [129.0462414140244, 35.63723908217815]], [[126.72669790079942, 35.65369850366273], [126.73774419219383, 35.653768927559945]], [[127.0801953616699, 35.655449552352124], [127.09124259709147, 35.65548755433225]], [[127.12438442357642, 35.655595480370785], [127.1354317373068, 35.65562942906382]], [[127.37847626704628, 35.656119918451886], [127.3895238598303, 35.656130559374574]], [[127.62152373295373, 35.656119918451886], [127.63257131967123, 35.65610826411483]], [[127.84247358118769, 35.65569428643729], [127.86456826269321, 35.65562942906382]], [[128.01922874795375, 35.655061936502314], [128.04132272359132, 35.65496465376739]], [[128.16283753938532, 35.654357154637644], [128.1959772797926, 35.6541701967678]], [[128.2401631114347, 35.65390673623013], [128.2512094783672, 35.65383833841945]], [[128.2733020992006, 35.65369850366273], [128.31748687331083, 35.653406677924806]], [[128.38376279945882, 35.65293855017859], [128.39480863599354, 35.6528569836468]], [[129.04641510366068, 35.64625227174744], [129.07954141765674, 35.645822303119445]], [[129.28932432824132, 35.642887736268804], [129.3003646747995, 35.642723170897405]], [[126.71600392492245, 35.61756448666889], [126.72704521769464, 35.617635829271926]], [[127.09142620032772, 35.61942251774264], [127.11351080816061, 35.619495385416506]], [[127.42270140633119, 35.62009048190175], [127.46687202027437, 35.62011072360723]], [[127.62146914595375, 35.62005404688632], [127.632511770262, 35.620042407937795]], [[127.86440450693836, 35.61956420514341], [127.87544685874718, 35.61953030127615]], [[128.36128399952773, 35.61703676213376], [128.4164883830358, 35.61662946800519]], [[128.54897411353167, 35.61554878959336], [128.56001426438831, 35.615452158896574]], [[128.8580765691829, 35.612460898258334], [128.86911503320567, 35.612335956492494]], [[128.95742024368673, 35.61130003381002], [129.0015711240198, 35.61075781559897]], [[129.28852110498232, 35.606839333816254], [129.29955650205792, 35.60667498566806]], [[127.09147205019434, 35.61040622466068], [127.10251310512417, 35.61044315228497]], [[127.37854448565025, 35.61103754517555], [127.42271008100892, 35.61107396815439]], [[127.61041412321393, 35.611048168537145], [127.62145551434976, 35.61103754517555]], [[127.98581473346081, 35.610119405699166], [127.99685561011655, 35.61007438512746]], [[128.3501475889403, 35.60809965536031], [128.36118735811985, 35.608021257168815]], [[128.3722270843914, 35.607941847718266], [128.39430640601157, 35.60777999509105]], [[128.55989533343308, 35.60643717736817], [128.57093419336752, 35.60633956758497]], [[129.3103887545062, 35.597497599629094], [129.34349042611086, 35.59699563185999]], [[126.82581263482045, 35.69035909291679], [126.83686421826606, 35.690420480105466]], [[127.12421540589804, 35.691660442341075], [127.13526769037259, 35.69169443589951]], [[127.24579144669131, 35.69197856354425], [127.25684390132712, 35.69200139541454]], [[128.0857738005202, 35.690821784716015], [128.09682560437392, 35.69076749901979]], [[128.52781723196753, 35.68785912877099], [128.53886741197599, 35.68776427054212]], [[129.34535459837858, 35.67810186706232], [129.36744420502546, 35.67776116351029]], [[126.73765850792498, 35.662784585148344], [126.75975368714921, 35.66292243933221]], [[127.02490610733392, 35.66426048785254], [127.04700286431203, 35.66434563958762]], [[127.12434219730297, 35.66461174122236], [127.13539075289167, 35.66464570112802]], [[127.32321853337449, 35.66506792413425], [127.37846260513673, 35.66513635251682]], [[127.4668534068664, 35.66519312291777], [127.47790227032469, 35.66519565731463]], [[127.6325862235612, 35.6651246943305], [127.64363504563813, 35.66511202239697]], [[127.8314634733078, 35.66474149880136], [127.84251208186205, 35.664710579922726]], [[128.37281501629056, 35.66203451375458], [128.38386213814843, 35.66195393352382]], [[128.52747050624734, 35.66081419068022], [128.53851696019277, 35.660719426349694]], [[129.06867563690167, 35.654979718791466], [129.07971890301226, 35.654835336459826]], [[129.2564000677326, 35.65238758988626], [129.28952535701282, 35.65189980064468]], [[129.4440991783757, 35.64950307869412], [129.45513945632032, 35.649324299017856]], [[126.4503186308673, 35.66963857927281], [126.47241396983326, 35.66982918389478]], [[126.75967044877423, 35.671938128739306], [126.77071933610303, 35.67200555800519]], [[126.78176825985561, 35.6720719735313], [126.79281721948038, 35.672137375307024]], [[127.0138030955246, 35.6732325082865], [127.02485268101967, 35.67327661913305]], [[127.0469519226592, 35.67336179898891], [127.08010095346421, 35.67348196407841]], [[127.124299952271, 35.673627988502226], [127.13534975026968, 35.673661959623004]], [[127.31214862017647, 35.67406758964287], [127.3231986527669, 35.67408432206734]], [[127.82045088110485, 35.67378770400209], [127.831500748652, 35.673757788933166]], [[127.86465024973033, 35.673661959623004], [127.87570004772901, 35.673627988502226]], [[128.04144445663053, 35.67299674515518], [128.0524938881348, 35.6729465508021]], [[128.16298659433195, 35.67238884469878], [128.18508475586017, 35.672265137565525]], [[128.36186475011706, 35.671129503197335], [128.37291315733734, 35.67104990994366]], [[129.0357179749553, 35.66442000069355], [129.04676271436514, 35.66427860812917]], [[129.30076929964062, 35.66074717646683], [129.33389723211152, 35.66024708278863]], [[129.40015061168648, 35.659219576041295], [129.44431764276388, 35.65851433733626]], [[127.08910754681523, 36.07021983728121], [127.12242247156922, 36.07032941125703]], [[127.62215850400956, 36.0708618571181], [127.64436908254663, 36.07083716364895]], [[127.95531205859794, 36.07005933568923], [127.96641690365233, 36.070016638377155]], [[128.28844483946466, 36.06833094235719], [128.29954873034376, 36.068257386225135]], [[128.34396388295906, 36.06795287713566], [128.3550675655748, 36.06787417878439]], [[128.36617120485033, 36.067794452026725], [128.3883783511306, 36.06763191334374]], [[128.45499869130765, 36.06711961691283], [128.4661019152099, 36.06703063509616]], [[128.57713136839436, 36.06608426451233], [128.59933662197358, 36.06588265248236]], [[129.13218551416907, 36.05981060046064], [129.15438384815192, 36.05950622583535]], [[129.28756665625895, 36.05759371236317], [129.29866464855476, 36.05742766175049]], [[126.71001993266425, 36.22158369749082], [126.72114547927288, 36.22165663108677]], [[127.02154838942154, 36.223234857887185], [127.03267483348374, 36.22327882870028]], [[127.28858847535435, 36.22400462033092], [127.310842204307, 36.224041867684306]], [[127.39985746054883, 36.2241494715559], [127.41098439651587, 36.22415826612979]], [[127.46661913309018, 36.22418671919055], [127.47774608778113, 36.224189305834535]], [[127.54450781989861, 36.224183097889565], [127.55563477061783, 36.22417844193215]], [[127.65577713134103, 36.22408997895613], [127.67803091646473, 36.2240589394121]], [[128.03408345361282, 36.222999486425074], [128.04520974279396, 36.22294930870664]], [[128.43460830195656, 36.22054144980457], [128.45685811611798, 36.22036559225549]], [[128.47910773517302, 36.22018559855139], [128.49023247011883, 36.220094050677496]], [[128.64597320149568, 36.21870381802357], [128.66822097912632, 36.21848867197388]], [[128.67934477891285, 36.218379548337474], [128.69046851859162, 36.218269390983515]], [[128.81282552598057, 36.21698943994523], [128.85731701576225, 36.21649299707819]], [[128.8795623479142, 36.216238575089086], [128.8906849088243, 36.21610981402719]], [[127.32200992783655, 36.206027786864084], [127.3331342634141, 36.206043813435805]], [[127.34425860749471, 36.2060588060473], [127.35538295951152, 36.20607276469612]], [[127.41100481879838, 36.206127048426985], [127.43325359822626, 36.206141524114514]], [[127.6446170404885, 36.20607276469612], [127.6557413925053, 36.2060588060473]], [[127.98946571476287, 36.20515927010602], [128.03396092914855, 36.204969028830185]], [[128.04508466614467, 36.2049188840256], [128.05620837536736, 36.20486770544273]], [[128.234183483378, 36.203908261537165], [128.25642974617315, 36.20376972511206]], [[128.51224954873447, 36.201879423230594], [128.5344935589663, 36.20168921449285]], [[128.70131660430835, 36.200130917763424], [128.76804207475595, 36.19944251655641]], [[128.86812588313524, 36.19834019583107], [128.89036597758832, 36.19808387529274]], [[129.0238004387159, 36.196459213513556], [129.0349194863134, 36.196317113830254]], [[126.78855212735213, 36.149952784445176], [126.7996677465828, 36.15001830582375]], [[126.93305779323632, 36.15072409362298], [126.95528989764318, 36.150827281152644]], [[126.96640599167614, 36.1508773273047], [127.02198685753052, 36.15111208161875]], [[127.58893402312839, 36.15203306863364], [127.60005076160341, 36.152024297119894]], [[127.98912936651519, 36.15106719430767], [128.00024556568863, 36.15102127521322]], [[128.85607353470166, 36.1443878966421], [128.8894108820762, 36.14400571813181]], [[129.0560877823126, 36.14195570041989], [129.0671989641855, 36.1418107892324]], [[126.68720900544075, 36.27552268957902], [126.69834213886034, 36.275597839354276]], [[127.04348676725301, 36.277413443660485], [127.06575511376599, 36.27749637573333]], [[127.25503918298762, 36.27803388791456], [127.26617367995453, 36.27805617659413]], [[127.3663846220254, 36.278210124692094], [127.3775192128663, 36.278222046650164]], [[127.48886537160904, 36.278284248290575], [127.50000000000001, 36.278284766638436]], [[127.72269181113109, 36.27807742861503], [127.73382632004548, 36.27805617659413]], [[127.84517065820948, 36.27778664080907], [127.88970793151518, 36.27764980101237]], [[127.91197645097327, 36.2775751615343], [127.93424488623403, 36.27749637573333]], [[128.54657632970404, 36.27370519114764], [128.56884045301445, 36.2735082669461]], [[128.5911043579582, 36.27330719905587], [128.6133680399905, 36.273101987607134]], [[128.84712210002803, 36.270697135082706], [128.8805131834229, 36.2703163037144]], [[129.04745877766695, 36.26827237871188], [129.06971688899367, 36.26798225743759]], [[129.09197467977623, 36.26768799605228], [129.12536075500554, 36.267238841683536]], [[129.20325866675063, 36.266154594220176], [129.21438659663278, 36.26599556259426]], [[129.3034068378466, 36.26468606235468], [129.31453395976772, 36.26451771931791]], [[129.32566098908228, 36.26434834181386], [129.34791476762564, 36.26400648351368]], [[126.67569665653522, 36.31150476840852], [126.6868348716747, 36.31158105438256]], [[126.92074612131128, 36.31294335491774], [126.9318851200039, 36.31299681096529]], [[127.1323915144528, 36.31378154209983], [127.15467043967328, 36.31384797583665]], [[127.43316149335956, 36.31432807021564], [127.4443012392415, 36.31433377951827]], [[127.81191104140737, 36.31393984161676], [127.84532956032673, 36.31384797583665]], [[128.22405795756927, 36.31215398729573], [128.23519648953533, 36.31208600251505]], [[128.37999377528072, 36.31110777486165], [128.39113172888148, 36.31102526350701]], [[128.46909609588428, 36.31041863430104], [128.49137119173977, 36.31023597468211]], [[128.88114848315854, 36.306367838569315], [128.89228382207594, 36.30623865470606]], [[128.91455428577783, 36.30597717677391], [128.9368244601792, 36.30571155204231]], [[129.2819717777003, 36.30106423232357], [129.2931041958378, 36.300897740221906]], [[127.2440517752074, 36.23293321962392], [127.26630796774701, 36.23297875890666]], [[127.38871775726763, 36.23315522464829], [127.39984596536289, 36.233165057098056]], [[127.42210239631223, 36.23318161702483], [127.44435884315575, 36.233194036979306]], [[127.47774353328876, 36.23320490444607], [127.48887176636055, 36.23320645694181]], [[127.55564115684426, 36.233194036979306], [127.58902582143304, 36.23317385455738]], [[127.67805135223053, 36.23307449525128], [127.68917950867008, 36.233057417922375]], [[128.21218215957248, 36.23108741718407], [128.23443622879756, 36.23095288287905]], [[128.4569679319773, 36.22937993639052], [128.47922010357408, 36.229199883637435]], [[128.86859673807368, 36.22537933496502], [128.87972064456451, 36.225251565376134]], [[129.0354476930504, 36.22335426126819], [129.06881583224973, 36.222921342215386]], [[126.6869284674639, 36.302566483926654], [126.6980654425173, 36.30264170763689]], [[127.07674326799716, 36.30458206236458], [127.08788133956632, 36.304620975225966]], [[127.3774769325996, 36.305268496807614], [127.38861537333224, 36.30527939279017]], [[127.44430765105872, 36.30531830706406], [127.45544611742866, 36.30532297678221]], [[127.48886152793287, 36.30533075964835], [127.50000000000001, 36.305331278506195]], [[127.80073687943266, 36.30495303484917], [127.81187513615005, 36.30492449824987]], [[128.190562645413, 36.30333689241583], [128.22397461575036, 36.30313922910939]], [[128.41330236871443, 36.30184279500434], [128.43557538877008, 36.30167056624479]], [[128.4912570917776, 36.30122184495191], [128.52466550993051, 36.30094016746066]], [[128.88098955237564, 36.29735497618017], [128.91439151402727, 36.29696444237278]], [[129.28176677638294, 36.292053107385925], [129.2928979154939, 36.291886669822986]], [[126.69898633118939, 36.21249499635784], [126.71011056150343, 36.21256893992834]], [[126.98822792892975, 36.214081484612535], [127.02160328320319, 36.2142195587357]], [[127.31086390763852, 36.21502630382131], [127.32198951022292, 36.21504336994926]], [[127.35536637015193, 36.215088362541216], [127.36649200562977, 36.21510129146648]], [[127.45549728681455, 36.21516748770035], [127.46662296312594, 36.21517110781347]], [[127.58900539007436, 36.21514266408587], [127.60013104937174, 36.21513387239678]], [[127.64463362984809, 36.215088362541216], [127.65575925795326, 36.215074399311725]], [[128.63471904908795, 36.209795992628095], [128.64584175047312, 36.20969000502229]], [[128.66808697753135, 36.20947492953482], [128.67920950207204, 36.20936584168795]], [[128.69033196653228, 36.20925572046242], [128.70145437034597, 36.20914456587608]], [[128.80155318217535, 36.20809767638255], [128.81267494839167, 36.20797618920405]], [[128.8571613388737, 36.20747990914954], [128.86828276506924, 36.20735325640109]], [[126.68702202167536, 36.293551899639795], [126.69815771561525, 36.29362709869946]], [[126.98769848095922, 36.29521827610051], [127.0211083599988, 36.29535675833506]], [[127.06565520550956, 36.29552688019957], [127.0767919738284, 36.295566817562964]], [[127.24384577631349, 36.296041404276664], [127.25498282251432, 36.29606474490938]], [[127.32180534287347, 36.29618300455102], [127.33294246481104, 36.296199083769054]], [[127.43317687829685, 36.296297115421794], [127.4554512446051, 36.29630748917092]], [[127.78956528142805, 36.29596515840746], [127.80070227182358, 36.29593766847442]], [[127.88979759366536, 36.295680406102434], [127.90093442518972, 36.29564358052062]], [[128.14593852420415, 36.29457100159232], [128.19048318443362, 36.29432205566637]], [[128.39092664039595, 36.292996472944985], [128.40206198593498, 36.29291297881749]], [[128.52454761845217, 36.29192611610101], [128.54681707486841, 36.291733209292936]], [[126.84487955600987, 36.060118135538346], [126.86708578844764, 36.06023743775636]], [[127.12246555036889, 36.061313762534155], [127.1446730629857, 36.06138164553521]], [[127.35564738930358, 36.061821348082034], [127.36675140814127, 36.0618342050338]], [[127.64435261069643, 36.061821348082034], [127.65545662221801, 36.061807462583864]], [[127.67766462106177, 36.06177660595734], [127.69987258388798, 36.061741635174144]], [[127.94415651027394, 36.06108543057175], [127.95526011154703, 36.0610437757105]], [[128.35497002035652, 36.05885933680444], [128.36607239332386, 36.05877963624265]], [[128.5659070580095, 36.057169241865836], [128.57700850107378, 36.057070010633055]], [[128.69912065002077, 36.05591063723538], [128.7102214012479, 36.05579907374689]], [[129.1430973335161, 36.05064678372445], [129.17639066500624, 36.05018575151792]], [[129.220780582752, 36.049556668648464], [129.2429750211432, 36.049235967700376]], [[129.29845956307688, 36.04841625174375], [129.32065274646177, 36.0480811804814]], [[129.3761340822232, 36.047225542016065], [129.38723006671563, 36.04705133563311]], [[126.53235003013677, 36.19323308465852], [126.5657132019581, 36.193498161023506]], [[126.68804837927247, 36.194390560053], [126.69917001845982, 36.1944654883239]], [[127.43326125148674, 36.19712589009268], [127.45550749343622, 36.19713622648382]], [[127.58898497686391, 36.19711141915444], [127.60010808452311, 36.19710263323299]], [[127.97828700237572, 36.1961889193841], [127.98940959443746, 36.19614395834485]], [[128.0338997077328, 36.19595377948298], [128.05614460347945, 36.19585248933739]], [[128.2563430225981, 36.194754869223104], [128.26746482153015, 36.19468407384952]], [[128.48989183897328, 36.19305120202151], [128.50101269819925, 36.19295871122875]], [[128.5343749677702, 36.19267504113345], [128.54549561970532, 36.19257841858029]], [[128.76789672614078, 36.190429080205604], [128.80125477569015, 36.19007105278035]], [[126.67560173691606, 36.32051930003031], [126.68674123428885, 36.32059561100611]], [[126.85383836966504, 36.321615715395275], [126.92067941480174, 36.32195835802593]], [[126.93181969608457, 36.322011831593656], [126.95410034531467, 36.32211566418895]], [[126.98752152727066, 36.32226362660656], [126.9986619744721, 36.32231087098688]], [[127.08778642788491, 36.32265144929693], [127.09892708548539, 36.322689349390615]], [[127.12120846169779, 36.322762034710934], [127.13234917916942, 36.322796819925784]], [[127.15463066999294, 36.322863275436646], [127.17691223152245, 36.3229255776868]], [[127.25489818783157, 36.32311092807529], [127.26603909347409, 36.32313325331274]], [[127.84536933000707, 36.322863275436646], [127.85651008454215, 36.322830566836174]], [[128.36895582502427, 36.32020367690007], [128.3800951057731, 36.32012217637469]], [[128.43579082261604, 36.319699105953305], [128.44692982461697, 36.31961137840612]], [[128.45806877816625, 36.31952261307074], [128.46920768269433, 36.319432809961555]], [[128.88130748456098, 36.31538068673931], [128.89244410440193, 36.31525146054333]], [[129.22650702608394, 36.31089253172462], [129.23764117370496, 36.310731166556344]], [[126.83339607544954, 36.105132982793315], [126.84450548089208, 36.105194276928]], [[127.24446185585019, 36.106714846365946], [127.28890297214996, 36.1068013864713]], [[127.61110394423149, 36.10693583348257], [127.62221431693851, 36.106925015871994]], [[128.27769602493015, 36.104463395787796], [128.28880502716265, 36.104390772759224]], [[128.73312627927518, 36.10064153261268], [128.77755349304226, 36.10017601888958]], [[128.8219796696701, 36.09969403873614], [128.83308604755268, 36.09957097096295]], [[129.0885129327108, 36.09645643544126], [129.09961753206932, 36.09630867622355]], [[126.82213176213978, 36.12310093793933], [126.83324367315485, 36.12316330298001]], [[127.05548825514796, 36.12419415952927], [127.06660075887785, 36.124234879502495]], [[127.29996755371538, 36.12485187501073], [127.31108041141204, 36.12486991611426]], [[127.58890350517564, 36.124985895042855], [127.60001642892614, 36.124977132165924]], [[127.9667366840049, 36.12410962720315], [127.98896152831915, 36.1240209717499]], [[128.27787381985618, 36.12249327598597], [128.28898536116347, 36.12242060523694]], [[128.48898570552936, 36.120936326887936], [128.50009638898757, 36.120844078663765]], [[128.55564903316161, 36.12036738402993], [128.56675940342643, 36.120268954508326]], [[128.83339074178255, 36.11759763655215], [128.85560836728956, 36.11734825011911]], [[129.066661442779, 36.11477367967964], [129.08887595304486, 36.11448105480443]], [[127.64455075671009, 36.17001023715232], [127.65567001003949, 36.16999629681587]], [[127.97812261343354, 36.16914285775567], [127.98924138298835, 36.1690979409633]], [[128.2783189989015, 36.1675677352059], [128.28943689777256, 36.16749494506173]], [[128.5451363421823, 36.16553590994399], [128.55625312108432, 36.16543835058488]], [[128.8897289644709, 36.16203182733168], [128.90084381508814, 36.16190228817381]], [[128.96753140305998, 36.16110339670794], [128.978645743166, 36.16096663891125]], [[129.0008741972515, 36.160690029898866], [129.04533018511808, 36.16012443882706]], [[126.69843428904474, 36.26658318894936], [126.70956618399092, 36.266657278169866]], [[127.26620056138633, 36.26904072032883], [127.3107335428787, 36.269119482598654]], [[127.36639998299727, 36.269194617959855], [127.38866661079442, 36.269217417713804]], [[127.71153296947706, 36.26908217411477], [127.72266620973208, 36.269061965382946]], [[127.73379943861369, 36.26904072032883], [127.76719905133146, 36.26897076726801]], [[127.9341949653913, 36.26848110297911], [127.9453278701403, 36.26844016864657]], [[127.98985925599695, 36.26826606916926], [128.0343902415417, 36.26807539060088]], [[128.6132400743832, 36.26408815530898], [128.6355009714236, 36.26387886905602]], [[128.84696728584333, 36.2616840910142], [128.85809643834148, 36.2615582239319]], [[129.04728096129924, 36.25926012934839], [129.05840877917515, 36.259115633608864]], [[129.12517399640308, 36.25822693104323], [129.13630124564605, 36.25807519281788]], [[126.5213412395576, 36.18412831911737], [126.53246092503925, 36.18421871427222]], [[126.56582027474428, 36.18448370366844], [126.57694015384696, 36.18456996806346]], [[126.67702111247124, 36.18529987336437], [126.69926180090765, 36.18545071359402]], [[126.73262313789941, 36.18566922740185], [126.74374366245625, 36.185739999547415]], [[126.75486422551634, 36.18580973877859], [126.7882261400565, 36.186012758873765]], [[127.33317252097422, 36.188012595888786], [127.34429431458561, 36.18802757866364]], [[127.58897477705914, 36.18809577626958], [127.61121843734223, 36.188077176898446]], [[128.2673768621006, 36.18566922740185], [128.27849734758829, 36.18559742235333]], [[128.50089798138166, 36.18394443086088], [128.51201751570792, 36.18385093778899]], [[128.8789298639867, 36.18018647193151], [128.8900473295561, 36.18005787972311]], [[128.90116472438876, 36.179928255518746], [128.94563358505349, 36.17939943916295]], [[128.99010126873893, 36.1788541125773], [129.02345123736552, 36.17843428364619]], [[126.84473002566209, 36.07814863326946], [126.87804702430769, 36.07832616080443]], [[127.07795444498525, 36.07919684143903], [127.08906064644859, 36.079235436356036]], [[127.24454939891277, 36.07966770474651], [127.2556558538445, 36.07969086225738]], [[127.35561443828375, 36.07985296561834], [127.36672099178979, 36.079865831023284]], [[128.4328985550859, 36.076309133333424], [128.45510768096574, 36.0761341970963]], [[128.59946207670686, 36.074896826158], [128.6216696401633, 36.07469103418099]], [[128.71049757452914, 36.07382673205401], [128.72160079610748, 36.07371406697539]], [[126.72096665453265, 36.23968615264979], [126.73209479466318, 36.23975809917993]], [[127.03256752731743, 36.241309414803446], [127.04369654982406, 36.24135237928326]], [[127.23289303129528, 36.24192438543972], [127.24402238600827, 36.241948715491404]], [[127.26628113405097, 36.24199426971368], [127.28853992979687, 36.242035682736876]], [[127.43322295115622, 36.2422039240627], [127.44435245409105, 36.24220961841031]], [[127.48887048854658, 36.24222204244731], [127.52225902233896, 36.242220489442246]], [[127.53338853208865, 36.242217901100744], [127.54451804013463, 36.242214277423244]], [[128.045334930638, 36.24097967856427], [128.05646374644886, 36.24092843278154]], [[128.06759253386807, 36.2408761518715], [128.07872129232794, 36.240822835842614]], [[128.10097872009905, 36.24071309846303], [128.12323602522096, 36.240599220713804]], [[128.17887872163504, 36.24029641271399], [128.21226392839748, 36.24010230753521]], [[128.42369534398793, 36.2386566739357], [128.43482287607927, 36.238570239573725]], [[128.86875382920744, 36.23439235295561], [128.87987901154594, 36.23426454145893]], [[129.06899588354474, 36.2319335540202], [129.0801197126906, 36.23178713296459]], [[129.1579842294279, 36.230733244766284], [129.19135348014154, 36.23026607573432]], [[127.02116344925516, 36.286341568699406], [127.0434342633254, 36.286428675542126]], [[127.24387524397093, 36.28702599025002], [127.25501100901202, 36.28704932323284]], [[127.3106900106658, 36.28715043315261], [127.32182584230208, 36.287167544114766]], [[127.36636925422627, 36.287225617797], [127.37750512570621, 36.2872375436642]], [[127.48886409095292, 36.2872997657001], [127.50000000000001, 36.28730028421791]], [[127.7672605079789, 36.28700162027603], [127.78953197032817, 36.28694976937041]], [[127.90088830309219, 36.286628296880195], [127.91202383306464, 36.28659044644108]], [[128.13472925331936, 36.28561569370802], [128.1458642215595, 36.285556069481686]], [[128.4019582296285, 36.283898590092775], [128.42422622109834, 36.28372854712374]], [[128.5689633578331, 36.282522218437705], [128.59122982165383, 36.28232108462677]], [[129.06989734060497, 36.2769943973327], [129.0921576874837, 36.27670003948652]], [[129.2145836601716, 36.27500705125129], [129.22571278011645, 36.27484693245076]], [[129.29248562955937, 36.27386448515864], [129.30361412080413, 36.27369712177574]], [[129.31474251996698, 36.27352872355948], [129.3258708264812, 36.27335929053711]], [[129.34812715929652, 36.273017320183826], [129.3815109494861, 36.27249660429878]], [[126.81094109252903, 36.1320526404634], [126.82205423964766, 36.13211605694525]], [[126.87762048066283, 36.132417674794716], [126.8887338259987, 36.13247490538446]], [[126.9109606092869, 36.132586273508814], [126.92207404611013, 36.132640411025434]], [[127.0220962312662, 36.13308125078693], [127.03320993634848, 36.133125077516674]], [[127.04432366515117, 36.13316787312605], [127.05543741710957, 36.13320963760812]], [[127.3221729425739, 36.1339026319391], [127.34440124567736, 36.13393356977081]], [[128.5446580496818, 36.12947903656519], [128.5557697434322, 36.12938160523247]], [[129.05573189382156, 36.12393087996529], [129.0668405370127, 36.123786063888446]], [[129.0890575841626, 36.123493342921215], [129.10016598699528, 36.123345438078104]], [[126.82275070383727, 36.050979491341195], [126.84495427137917, 36.05110286608944]], [[127.1336110906911, 36.0523325445902], [127.1447135899095, 36.05236596087064]], [[127.35566385383768, 36.05280551891898], [127.36676660618545, 36.05281837164555]], [[127.66654162835698, 36.05277672884283], [127.67764435707883, 36.05276079149787]], [[127.91079871493463, 36.052188598203756], [127.94410585259615, 36.05206984325075]], [[128.2105543887642, 36.050786719890844], [128.29936634407554, 36.05022743665601]], [[128.62128584827275, 36.047648674041476], [128.63238574770418, 36.047544338366905]], [[129.19839217165676, 36.04086136006649], [129.22058443153867, 36.04054486940345]], [[129.2760635475129, 36.039735684147324], [129.28715910329987, 36.0395707686875]], [[129.32044522576044, 36.03906986596765], [129.34263551438215, 36.03873080080689]], [[127.05564063381921, 36.09714764333761], [127.06674932847586, 36.097188323204385]], [[127.17783739129231, 36.097538482595525], [127.18894629679761, 36.097567834482604]], [[127.20005521808869, 36.09759615652159], [127.2333820710393, 36.09767494350506]], [[127.95546803828731, 36.09710593369058], [127.96657668728001, 36.097063194270014]], [[128.32203787848022, 36.09515186139054], [128.33314544856376, 36.09507514430923]], [[128.3997899616265, 36.09459322390683], [128.41089722397348, 36.09450930097502]], [[128.72187974873475, 36.09174159506073], [128.7329854422394, 36.091627827026066]], [[128.77740758521867, 36.09116246618013], [128.8218286915279, 36.09068064430962]], [[129.09943487608012, 36.08729639350075], [129.1105381276401, 36.08714765461251]], [[126.83354834239626, 36.087102607673025], [126.84465521065357, 36.08716386154881]], [[127.0667988076889, 36.0881727771306], [127.0779062557587, 36.08821241418602]], [[127.13344380603625, 36.088395157516466], [127.17787418436619, 36.0885228214984]], [[127.18898182121265, 36.08855216374368], [127.20008947383776, 36.088580476479144]], [[127.23341252075019, 36.08865923758181], [127.25562795392115, 36.0887065973552]], [[127.62218639807608, 36.088893463691825], [127.6332942265236, 36.08888162362186]], [[127.95541602195766, 36.08809041468065], [127.96652340240759, 36.0880476892994]], [[128.28862485331135, 36.08636088512876], [128.3219440072883, 36.08613698425111]], [[128.33305030931726, 36.08606029236905], [128.34415656909283, 36.08598257137939]], [[128.38858117440014, 36.08566139659812], [128.3996872144632, 36.08557853026194]], [[128.41079320889486, 36.0854946348959], [128.43300505861194, 36.08532375712863]], [[128.46632247687836, 36.08505972309771], [128.47742818569978, 36.08496965384273]], [[128.62179768448286, 36.083705126270345], [128.63290264808572, 36.08360065337125]], [[129.11035428664815, 36.078135406353645], [129.13255801213316, 36.07783494280724]], [[129.2435715848991, 36.07627096220924], [129.28797457131813, 36.075616597744364]], [[126.57704590555993, 36.17555546852472], [126.67711540160711, 36.176285134323265]], [[126.69935354258853, 36.176435925057476], [126.73271105825978, 36.17665436716368]], [[126.74383030900736, 36.176725116086466], [126.75494959824069, 36.17679483243375]], [[126.78830769119837, 36.17699778591072], [126.79942712871774, 36.17706337184495]], [[126.98846256040726, 36.17802033230375], [126.99958255318687, 36.17806732943418]], [[127.32207112627435, 36.1789809558879], [127.33319163700932, 36.1789969666889]], [[127.6112056932653, 36.17906152650606], [127.64456731661238, 36.17902588946009]], [[128.54525604815956, 36.17455009343462], [128.55637409976143, 36.17445250205088]], [[128.88988811166115, 36.17104486062928], [128.9010042341038, 36.17091527895296]], [[128.94546800553414, 36.17038663609362], [128.96769945234044, 36.17011612527104]], [[128.97881506404036, 36.16997932258758], [129.00104606121107, 36.1697026227868]], [[126.95403745867705, 36.3311307051163], [126.97632078607042, 36.331230417602406]], [[126.98746249026767, 36.33127871602382], [126.99860422070489, 36.33132597588698]], [[127.09888088133519, 36.331704578325706], [127.12116482423869, 36.33177728746661]], [[127.17687501094117, 36.33194088403927], [127.1991592054211, 36.33199905204511]], [[127.33286550641654, 36.33226081024985], [127.35515003634094, 36.33228989471487]], [[127.38857688542443, 36.33232573099122], [127.39971918062281, 36.332335598963105]], [[127.42200378585251, 36.33235221871667], [127.43314609474281, 36.332358970495676]], [[127.85655115527481, 36.33184584205137], [127.86769317493076, 36.331812084081356]], [[128.30221162290223, 36.32968545149129], [128.31335244471265, 36.329610153795855]], [[128.4470388959295, 36.3286255986626], [128.45817913203408, 36.328536804239185]], [[128.9371553450622, 36.32373680399377], [128.94829288444055, 36.32360234856066]], [[129.237841236148, 36.31974247712837], [129.2712469845445, 36.31925200299327]], [[126.67578900714432, 37.34816404182629], [126.68707852300426, 37.348242163714374]], [[126.79997596207492, 37.34896413246763], [126.81126592081536, 37.349030404067946]], [[127.01449086452321, 37.3500390531876], [127.02578141703287, 37.350084853125686]], [[127.07094387348893, 37.350257277382994], [127.0935252411546, 37.3503370241156]], [[127.18385152922522, 37.3506129072098], [127.19514239727644, 37.3506425433203]], [[127.21772418146294, 37.3506985826337], [127.22901509639622, 37.35072498582733]], [[127.25159696893769, 37.350774559266675], [127.26288792534385, 37.35079772950419]], [[127.44354453575866, 37.351021889497076], [127.45483562500048, 37.35102673914067]], [[127.47741781009596, 37.351033205334], [127.48870890474744, 37.351034821882656]], [[128.31292147699577, 37.348242163714374], [128.3242109928557, 37.34816404182629]], [[128.41452549013712, 37.34750028774024], [128.42581458959032, 37.34741247131228]], [[128.84347156920015, 37.34340619840093], [128.86604510769916, 37.34314765308212]], [[129.00148006647632, 37.3415059699922], [129.01276580820837, 37.34136216769728]], [[126.67539454045551, 37.38421578465607], [126.69798441890424, 37.384371152473115]], [[126.7205744683304, 37.384522205698865], [126.73186955565575, 37.384596114308714]], [[126.93518754497667, 37.38574200317644], [126.94648330723648, 37.38579541488574]], [[126.96907491966603, 37.38589900164615], [126.9803707686318, 37.38594917668014]], [[127.4209245343727, 37.38706439044563], [127.44351751250791, 37.38707733959952]], [[127.77111461272165, 37.386780050765786], [127.78241093197123, 37.38675361332025]], [[128.3020155810958, 37.384371152473115], [128.31331054199316, 37.38429400788215]], [[128.53919985713773, 37.382524620941346], [128.5504937814375, 37.38242482796358]], [[128.8554066083797, 37.379322868434045], [128.86669873806588, 37.37919288919975]], [[126.68698132170293, 37.35725514573305], [126.69827223036935, 37.35733221535956]], [[126.78860098586205, 37.35790997774546], [126.7998922570552, 37.35797734853653]], [[126.8111835655245, 37.358043641621215], [126.8224749106689, 37.35810885698857]], [[126.83376629188741, 37.35817299462783], [126.86764064597776, 37.358358941071984]], [[126.89022371805669, 37.35847751653815], [126.90151530309862, 37.358535187592615]], [[126.95797369428986, 37.35880737570311], [126.96926546151671, 37.35885857982991]], [[127.01443280701535, 37.359052617736104], [127.02572470953206, 37.35909843252233]], [[127.04830858972767, 37.35918682841284], [127.07089256613169, 37.35927091267902]], [[127.13864502449724, 37.35949729519041], [127.14993717174679, 37.35953125279287]], [[127.22898269077164, 37.35973877275416], [127.25156726368682, 37.35978836226529]], [[127.43224534796396, 37.360029843418666], [127.44353778445756, 37.360035772680874]], [[127.4548302239579, 37.360040623896744], [127.47741510957354, 37.36004709218643]], [[128.1775250893311, 37.35810885698857], [128.1888164344755, 37.358043641621215]], [[128.31301867829708, 37.35725514573305], [128.32430954367837, 37.3571769985194]], [[128.55011683625887, 37.35538778212394], [128.56140665388463, 37.3552870088354]], [[128.84363217123087, 37.35241761279488], [128.85492032476768, 37.35228883661693]], [[126.67519704350711, 37.40224157211548], [126.68649466551307, 37.40231984604639]], [[126.74298341429831, 37.40269502543553], [126.75428128759047, 37.402766823173465]], [[126.85596386472166, 37.40336442808675], [126.87856038630164, 37.40348535487526]], [[126.92375382240124, 37.40371425405382], [126.93505225977408, 37.40376877996001]], [[126.98024630458187, 37.403976087760626], [127.00284349574011, 37.40407326404714]], [[127.03673947986279, 37.40421093127797], [127.05933692717129, 37.40429731121072]], [[127.08193446850352, 37.40437937249953], [127.11583094625044, 37.40449436685743]], [[127.16102653399935, 37.40463257693167], [127.17232547764851, 37.40466443017295]], [[127.63559029776869, 37.40504073424719], [127.65818860759478, 37.40501265966222]], [[127.68078688366626, 37.404980265960305], [127.70338512116116, 37.40494355316288]], [[127.78247857898728, 37.404781045870884], [127.79377758893808, 37.40475351154629]], [[128.0762461775988, 37.40371425405382], [128.0988429595319, 37.403601963556646]], [[128.2570165857017, 37.40269502543553], [128.2683144186186, 37.40262214830139]], [[128.27961221055781, 37.4025481917831], [128.29090996091713, 37.40247315589288]], [[128.51685530891783, 37.40074579038375], [128.53944873024625, 37.40054931220245]], [[128.8670259899554, 37.39721542100281], [128.87832074860566, 37.39708427903537]], [[126.68639720419628, 37.41133274414416], [126.69769622273982, 37.411409963752604]], [[126.84458713967707, 37.412315561867175], [126.85588670264724, 37.41237766464255]], [[126.86718629998502, 37.41243868756136], [126.88978559535259, 37.41255749378904]], [[126.92368478109266, 37.4127276039598], [126.93498457197859, 37.41278214753351]], [[126.96888412311503, 37.412939298678765], [126.98018403097736, 37.41298952250636]], [[127.00278392931027, 37.41308673028022], [127.04798403952934, 37.41326818608144]], [[127.11578491639536, 37.41350796953843], [127.16098591905927, 37.413646224396544]], [[127.17228621645914, 37.41367808795916], [127.18358653134663, 37.41370887145022]], [[127.39829503488268, 37.414088538482055], [127.40959557289328, 37.41409771971046]], [[127.5339016767489, 37.414127423714184], [127.59040442710673, 37.41409771971046]], [[127.6130054977005, 37.41407827711422], [127.6356065441724, 37.41405451396723]], [[127.65820756169812, 37.41402643028522], [127.69210902315955, 37.4139762038004]], [[127.703409490614, 37.41395730139321], [127.71470994721375, 37.413937318868285]], [[128.0876149790422, 37.41267198047167], [128.09891470782313, 37.41261527707829]], [[128.25710728106623, 37.411708045095175], [128.27970561236205, 37.41156116386702]], [[128.5056789781525, 37.40985483027701], [128.5169771231958, 37.409758178484815]], [[128.87848583563377, 37.40609548088241], [128.90107783537405, 37.405829875543574]], [[126.69760007176936, 37.42042287287672], [126.70890048689094, 37.420499037456416]], [[126.88971246103296, 37.42157077469622], [126.90101351192898, 37.4216285767067]], [[126.9349168540348, 37.42179550122655], [126.94621802919907, 37.42184898219863]], [[126.95751923392275, 37.42190138288856], [126.96882046760268, 37.42195270328767]], [[127.18354860703147, 37.42272252539832], [127.1948502931734, 37.42275223843664]], [[127.38698095757853, 37.42309205075042], [127.4095847371029, 37.423111499646126]], [[127.4547923492448, 37.423137431537086], [127.47739617220908, 37.423143914515194]], [[127.59041526289711, 37.423111499646126], [127.61301904242148, 37.42309205075042]], [[127.79384800439534, 37.422780871043436], [127.80514970682661, 37.42275223843664]], [[127.83905471397138, 37.422659858047005], [127.85035634762579, 37.422626903744366]], [[127.86165796257788, 37.42259286903095], [127.87295955822438, 37.422557753912365]], [[128.50579949333704, 37.418867235578446], [128.51709899172383, 37.41877055247427]], [[126.70937405105367, 37.37543422871361], [126.72066774545334, 37.37550919170109]], [[126.8787835531259, 37.37644544425992], [126.89007780718961, 37.3765042311961]], [[126.91266641221057, 37.37661856959565], [126.94654955295132, 37.3767819883726]], [[127.02561121875515, 37.37712554978566], [127.03690584836787, 37.37717031568828]], [[127.16114827036073, 37.377591551662384], [127.17244315637284, 37.3776233739542]], [[127.72590215627108, 37.377861233739004], [127.73719717771031, 37.37783911966897]], [[127.77108216378052, 37.37776630522456], [127.78237713104852, 37.377739876345025]], [[128.3132132107755, 37.3752810678182], [128.3245067770022, 37.37520286993556]], [[126.7317775889978, 37.39360913828788], [126.74307406928749, 37.39368199181456]], [[126.9351199174354, 37.39475539850724], [126.9464170320177, 37.39480882752613]], [[127.05938970194568, 37.395283758542064], [127.08198453714415, 37.39536579324718]], [[127.40961723000311, 37.39607011850065], [127.42091506570927, 37.396078214340406]], [[127.68076523152325, 37.39596649204724], [127.69206300216165, 37.395948681305754]], [[127.70336076255798, 37.39592979114308], [127.71465851210975, 37.395909821562356]], [[127.8502304415703, 37.395585993364556], [127.87282552979495, 37.39551691070837]], [[128.17784947242114, 37.39416175254513], [128.25692593071253, 37.39368199181456]], [[128.2908152481044, 37.393460194143046], [128.30211160371283, 37.39338410354953]], [[126.5130019562314, 37.70744885521764], [126.52434524292282, 37.70754327111961]], [[126.72853281418065, 37.7090561702986], [126.75122122015479, 37.709202445210465]], [[126.76256548407042, 37.70927394565589], [126.77390978778898, 37.70934435474507]], [[127.10290915828871, 37.710911431464], [127.11425437143144, 37.710949095238945]], [[127.68152882458376, 37.711440368464054], [127.69287431885209, 37.711422354896094]], [[128.74787769873004, 37.704976192922956], [128.75921953827748, 37.704855596498824]], [[126.51228383861552, 37.76152065026425], [126.52363537521452, 37.761615249281334]], [[127.00044002024265, 37.7646010931114], [127.07991332399297, 37.76491118742608]], [[127.12532715388517, 37.76506432221979], [127.13668066356531, 37.76509987153843]], [[127.18209489269034, 37.76523113111629], [127.21615574726258, 37.76531809106781]], [[127.23886306144517, 37.76537059537518], [127.26157043213627, 37.76541872444641]], [[127.3069853233898, 37.76550185675525], [127.32969283412498, 37.76553685993751]], [[128.71473486021216, 37.75939912680283], [128.72608514627498, 37.75928157483248]], [[126.51276279702046, 37.725472843444585], [126.5241088312311, 37.72556732035578]], [[126.7850809245309, 37.7274389303415], [126.84181694864911, 37.72776936142191]], [[126.86451161144822, 37.72789388895257], [126.89855386156262, 37.728072489021585]], [[127.34112369737619, 37.729499709192496], [127.35247196884156, 37.72951445712764]], [[127.5226966538975, 37.729604583637865], [127.53404497931353, 37.72960185252544]], [[127.54539330289033, 37.72959802896868], [127.59078656654366, 37.72957181031372]], [[127.71561751894433, 37.72940958316193], [127.72696572971581, 37.72938828070584]], [[127.74966211386183, 37.72934239857094], [127.76101028601028, 37.72931781889978]], [[126.54169135411448, 37.238989956047895], [126.55296415963141, 37.23908065009476]], [[126.64314836038437, 37.23976757725471], [126.65442159609954, 37.23984861478561]], [[127.03773436580654, 37.241965369731005], [127.04900881462642, 37.242008845042506]], [[127.06028328735259, 37.24205124698269], [127.07155778338749, 37.24209257554458]], [[127.1504798580799, 37.242351820335784], [127.16175451907174, 37.24238456164099]], [[127.52254987724193, 37.24286548942877], [127.53382481436861, 37.2428628056471]], [[127.93971671264742, 37.24205124698269], [127.9509911853736, 37.242008845042506]], [[128.17647482489312, 37.240935408851975], [128.1990224788831, 37.240804453672624]], [[128.21029625060157, 37.240737366318264], [128.22156998467258, 37.240669205802114]], [[128.98806289788382, 37.233517429974654], [129.0106022080074, 37.2332320142556]], [[126.46907603280246, 35.06570138181846], [126.48004175635431, 35.06579409594442]], [[126.75419964199651, 35.06778979185467], [126.78710028314673, 35.067987637627866]], [[126.83096828968358, 35.06823755106148], [126.85290249117145, 35.06835655862891]], [[126.94064051861693, 35.06879292617041], [126.9516079006286, 35.068843009912754]], [[127.18192828601684, 35.06966569171312], [127.1928961336265, 35.069693958094334]], [[127.31354332963875, 35.06993943109099], [127.33547932277239, 35.06997116924833]], [[127.73032854303406, 35.069864053182535], [127.74129648441122, 35.06984272922393]], [[127.90581389047276, 35.06940385778581], [127.91678157894937, 35.06936666576308]], [[128.15806462564453, 35.06829755061567], [128.16903171031643, 35.06823755106148]], [[128.19096578108605, 35.06811457736844], [128.2128997168533, 35.067987637627866]], [[128.4212645544264, 35.066583919889936], [128.43223070700657, 35.06650012656956]], [[128.45416287504466, 35.06632956617461], [128.46512888943212, 35.06624279912712]], [[126.26100986988486, 35.04572102641499], [126.2829344633612, 35.04594297363252]], [[126.76532804703018, 35.04982351116545], [126.78725702216093, 35.04995432979642]], [[126.79822156218027, 35.05001825286856], [126.82015074445184, 35.05014312647545]], [[126.88593907060553, 35.05049396629827], [126.8969038996665, 35.050548971442126]], [[127.5328969582136, 35.05204358738757], [127.54386260845313, 35.052040118313414]], [[127.75220894582785, 35.051785886482406], [127.77413994436813, 35.05173831131801]], [[128.16888461436608, 35.0502040769904], [128.1908138635444, 35.05008118509823]], [[128.42106201806263, 35.048551545777336], [128.4320257606233, 35.04846780819324]], [[126.40713406750805, 36.39950032318472], [126.42943390035737, 36.3997023153248]], [[126.69704772776478, 36.40180149316155], [126.70819887390832, 36.401875947373554]], [[127.41077917235165, 36.40446744582381], [127.4219317657875, 36.40447525677454]], [[127.45538956785317, 36.40449244087732], [127.46654217388584, 36.404496085992]], [[127.50000000000001, 36.404500772569044], [127.51115260946817, 36.4045002518382]], [[127.54461043214684, 36.40449244087732], [127.5557630358892, 36.404487754302316]], [[127.5669156367686, 36.40448202626774], [127.57806823421251, 36.40447525677454]], [[127.60037341650353, 36.40445859341681], [127.61152600020549, 36.404448699554976]], [[128.97192503627392, 36.395429696387595], [128.9830726219593, 36.39529176823456]], [[129.21715346741792, 36.39215508049504], [129.22829924745741, 36.39199427852518]], [[127.53345396188729, 36.39548074714964], [127.56690790832188, 36.39546669202792]], [[127.71187445400754, 36.39529751081272], [127.72302566665952, 36.39527720916685]], [[127.75647923364906, 36.39521005772154], [127.76763039708251, 36.39518559174933]], [[127.86799018122302, 36.394918550287976], [127.87914118155182, 36.39488367380153]], [[128.32515914032604, 36.39263505466394], [128.3363088737584, 36.392557502811776]], [[128.84914095558392, 36.38786541660578], [128.87143508330698, 36.387611485393926]], [[129.21695526266257, 36.383143780928], [129.2280997577412, 36.382983031581134]], [[126.35125279366838, 36.407990650003995], [126.37355463167644, 36.408203117929446]], [[126.39585670098774, 36.40841142209393], [126.4070078209523, 36.40851401272344]], [[126.42931022863948, 36.40871607099376], [126.44046151521815, 36.408815538601786]], [[126.68580256843914, 36.41074041614745], [126.69695496132962, 36.41081593610076]], [[127.24346150274465, 36.41324054446436], [127.28807658882222, 36.41332805483711]], [[127.46653830794119, 36.41351141119388], [127.47769220433939, 36.413514015700166]], [[127.58923113681489, 36.41348276164801], [127.60038501430921, 36.41347390634245]], [[127.61153888664796, 36.413464009241075], [127.62269275325828, 36.41345307034546]], [[127.67846198033438, 36.41338274902212], [127.71192341117779, 36.41332805483711]], [[127.8680752100045, 36.412948846094935], [127.87922878676453, 36.41291394676465]], [[128.5929921790477, 36.40851401272344], [128.60414329901226, 36.40841142209393]], [[129.2173517602394, 36.401166365503904], [129.22849882581016, 36.40100551089912]], [[126.69741838154722, 36.36574358300898], [126.71971042199696, 36.365891256854795]], [[126.74200262243599, 36.366034771960386], [126.7531487812237, 36.36610496995639]], [[126.7977337935031, 36.36637536463145], [126.80888013799931, 36.366440363918144]], [[126.83117293270512, 36.36656724315869], [126.84231938177231, 36.366629123091954]], [[127.36623063629423, 36.368364442293284], [127.39967292321036, 36.368397205294414]], [[127.4554101633268, 36.36843100844932], [127.46655762049473, 36.36843464879262]], [[127.83442124887972, 36.36797129063272], [127.85671562083829, 36.367906806206875]], [[127.8678627796709, 36.367873003973244], [127.89015704018549, 36.367802279491976]], [[128.3025816184528, 36.36574358300898], [128.31372757725396, 36.365668186588316]], [[128.8709604481827, 36.36057311344626], [128.88210355199192, 36.36044471424461]], [[129.21636117639204, 36.35610979489623], [129.22750182000792, 36.35594920334668]], [[126.68655383465135, 36.33862468275038], [126.69769593985376, 36.338700005118724]], [[126.9762604390333, 36.34024547748165], [126.98740342702467, 36.340293791729735]], [[127.24369824144861, 36.34111826971133], [127.25484170199458, 36.341141648619555]], [[127.26598517509692, 36.341163988491765], [127.2771286601849, 36.341185289324315]], [[127.41085120837595, 36.34135985313402], [127.42199479734069, 36.34136764619821]], [[127.50000000000001, 36.341393103563206], [127.51114360494597, 36.34139258402481]], [[127.86773554785628, 36.34082733456521], [127.8788788326162, 36.34079252654799]], [[128.23545058614397, 36.339130127469836], [128.2465929292913, 36.33906103711972]], [[128.31344616534867, 36.33862468275038], [128.33573025022264, 36.338470922142214]], [[128.34687222875363, 36.338392483927315], [128.3691560551526, 36.33823249173948]], [[128.94845971905548, 36.33261490907992], [128.95959846619874, 36.332479371942284]], [[129.2714509784315, 36.32826313832473], [129.29372358687613, 36.32793086366315]], [[126.6976034615265, 36.3477145449151], [126.7087468917932, 36.34778885298154]], [[126.78675200658772, 36.34827991700424], [126.79789574512941, 36.34834591280778]], [[127.19908985165426, 36.35002966188887], [127.24366869511832, 36.35013360184929]], [[127.39969606219489, 36.35036642939965], [127.41084093123015, 36.350375264429175]], [[127.42198580483358, 36.350383060046845], [127.43313068243411, 36.350389816251365]], [[127.44427556346078, 36.35039553304167], [127.46656533350833, 36.350403848376054]], [[127.51114488959193, 36.3504080060446], [127.52228977861284, 36.350406446918804]], [[127.87892250887566, 36.34980775195374], [127.89006705872212, 36.34977189321162]], [[128.28010963740869, 36.34786212205552], [128.30239653847352, 36.3477145449151]], [[128.3358265803796, 36.34748538688233], [128.34696984281516, 36.347406922968204]], [[128.88178491280695, 36.34241914591801], [128.89292537883267, 36.34228979266628]], [[128.95976665737754, 36.34149187377843], [128.9709066122179, 36.34135525426871]], [[126.38457675916004, 36.417321398507326], [126.39572911036934, 36.417425064035285]], [[127.22112180661027, 36.42220574522313], [127.24343185118191, 36.42225576734347]], [[127.28805209391376, 36.42234330636681], [127.33267251086677, 36.422414171581984]], [[127.41075854943584, 36.422498063828286], [127.42191372072702, 36.42250587989469]], [[127.48884481266187, 36.42253089132852], [127.50000000000001, 36.422531412400396]], [[127.51115518733815, 36.42253089132852], [127.5446207436215, 36.42252307525196]], [[127.578086279273, 36.42250587989469], [127.58924145056417, 36.422498063828286]], [[128.32544516736283, 36.419678234151256], [128.33659876456483, 36.419600606101106]], [[128.60427088963067, 36.417425064035285], [128.62657553476927, 36.41721669168143]], [[128.83845747533616, 36.41502943899287], [128.8496085035331, 36.414903910001414]], [[129.2064017013481, 36.4103375030656], [129.21755014116724, 36.4101776359528]], [[126.70838170890899, 36.383846971236274], [126.71953032141333, 36.383920336356695]], [[126.8198695668776, 36.384533804590276], [126.8421675754312, 36.384658686016245]], [[126.99825715862886, 36.38541631737621], [127.02055611895203, 36.38550790121011]], [[127.52230006720501, 36.386467996617405], [127.53345009937738, 36.386465394668086]], [[127.7229999169337, 36.386261923321264], [127.7564496215935, 36.38619479386049]], [[127.76759949759537, 36.38617033589811], [127.82334866022882, 36.38603243520271]], [[128.31391539371188, 36.38369711994469], [128.32506388268516, 36.383620633797854]], [[128.87127680130288, 36.378598708966905], [128.88242247442793, 36.37847022565517]], [[128.96044016978328, 36.37754173816068], [128.9715852599129, 36.37740493958922]], [[129.21675714593323, 36.37413246680465], [129.22790035662115, 36.37397177006883]], [[127.20993327163727, 36.43119435516563], [127.22108956242823, 36.4312209380636]], [[127.3326531640957, 36.431429432653665], [127.34380958102494, 36.43144454859922]], [[127.39959177461033, 36.431504491258714], [127.41074823110172, 36.43151335236334]], [[127.47768704630806, 36.43154462688286], [127.48884352286736, 36.431546190610156]], [[127.51115647713266, 36.431546190610156], [127.52231295369195, 36.43154462688286]], [[127.62272112231825, 36.43148364161686], [127.6338775616087, 36.43147165308301]], [[128.62670575906716, 36.42623025139512], [128.64901274966294, 36.426017644349784]], [[128.97243526723167, 36.42246672421988], [128.9835867136964, 36.422328660581684]], [[126.69751094209722, 36.35672907087899], [126.70865565691551, 36.35680340328921]], [[126.75323491597943, 36.357090339484095], [126.78666976407395, 36.357294628188626]], [[126.8423952343633, 36.35761432097486], [126.85354043180261, 36.35767514117983]], [[127.35509993542945, 36.35933607497601], [127.36624606567877, 36.359349071893746]], [[127.4331229711414, 36.35940521867932], [127.4442691373811, 36.3594109373426]], [[128.24676508402058, 36.357090339484095], [128.28019958771634, 36.35687669636663]], [[128.29134434308452, 36.35680340328921], [128.3024890579028, 36.35672907087899]], [[128.9599349232913, 36.35050436132004], [128.97107616109918, 36.3503676970601]], [[129.22730268443405, 36.34693789814051], [129.2495811404286, 36.34661370701698]], [[126.70965701438364, 36.25764258965661], [126.74304910246119, 36.25785857084482]], [[127.05472330784237, 36.25942489563359], [127.06585493327457, 36.259465816545976]], [[127.21056787420622, 36.259903520369825], [127.23283165651716, 36.25995532029942]], [[127.27735938029346, 36.26004648851501], [127.28849134107915, 36.26006669062139]], [[127.35528331269659, 36.2601661474551], [127.36641533714497, 36.260179097601586]], [[127.70037668733531, 36.260085856741966], [127.71150865892086, 36.26006669062139]], [[127.94527669215766, 36.25942489563359], [127.95640829485477, 36.2593829388393]], [[127.97867142977076, 36.259295917632414], [127.98980296085305, 36.259250853233894]], [[128.0343288294186, 36.25906023717825], [128.04546022977792, 36.259009993587505]], [[128.13451038235073, 36.25857075625044], [128.16790367067838, 36.25838895222781]], [[128.8579404153026, 36.252545206938585], [128.88019595663022, 36.252290451005116]], [[129.05822976476833, 36.250103417244404], [129.08048260745386, 36.24981141739136]], [[129.13611329323066, 36.24906331747266], [129.14723918226449, 36.248910594776014]], [[129.19174189244606, 36.24828936243509], [129.20286735567106, 36.24813146908687]], [[126.7320066004457, 36.24877286285441], [126.74313605752826, 36.248843797706144]], [[127.04364413913102, 36.250367665902466], [127.05477446308997, 36.25040960894001]], [[127.19947053573914, 36.250860631839956], [127.21060112615167, 36.25088807674428]], [[127.35529993895315, 36.251150617718324], [127.36643068447165, 36.25116356361864]], [[127.52226157910246, 36.251236060821775], [127.53339236723326, 36.25123347163124]], [[127.68922296357833, 36.25108847751838], [127.70035366648484, 36.25107035333129]], [[127.956355860869, 36.250367665902466], [127.97861643834064, 36.250280673227955]], [[128.03426744457656, 36.250045070047975], [128.04539756628967, 36.249994842930896]], [[128.05652766016613, 36.24994358033869], [128.067657725638, 36.24989128227967]], [[128.07878776213744, 36.24983794876231], [128.10104774594714, 36.24972817538723]], [[128.12330760705183, 36.24961426028452], [128.1344374901701, 36.24955574960825]], [[128.167826942974, 36.24937400519392], [128.17895669316545, 36.24931135295999]], [[129.14705003716935, 36.23989875504402], [129.15817456607016, 36.23974504856716]], [[126.74077465526044, 36.49223782567153], [126.75193886686192, 36.49230834604331]], [[127.17620220417471, 36.49421406087557], [127.19853279674831, 36.49427257264501]], [[127.35484842645226, 36.494565134156026], [127.37717938714928, 36.49459021106354]], [[127.38834487727627, 36.49460118222084], [127.41067587421114, 36.4946199899336]], [[127.45533791869896, 36.49464506691248], [127.47766895704865, 36.49465133616229]], [[127.56699311044743, 36.49463461816732], [127.57815862013136, 36.49462782648599]], [[127.87962397529014, 36.49404949747611], [127.89078915481606, 36.49401345044282]], [[128.44901049002084, 36.49087918353745], [128.46017390981427, 36.490789864398636]], [[128.53831643164767, 36.490135392340775], [128.5494794397702, 36.490037719645414]], [[128.7392418405083, 36.48821754632239], [128.76156567106517, 36.48798357381048]], [[128.973628454241, 36.485552621222375], [128.98478892921437, 36.48541424109245]], [[126.59574844774566, 36.48221193423539], [126.618073224635, 36.482379030622056]], [[126.69621134386112, 36.48293098116949], [126.72969974149923, 36.483151870254]], [[127.18740371822842, 36.48522876919455], [127.19856772885363, 36.48525749327831]], [[127.35486524593338, 36.48554995911329], [127.36602942903758, 36.48556301572726]], [[127.566985347575, 36.48561942040122], [127.57814956345086, 36.48561263094098]], [[128.25913737920007, 36.48322341170586], [128.27030025850078, 36.483151870254]], [[128.3261140485995, 36.4827785012925], [128.337276681317, 36.4827006952447]], [[128.7056159409215, 36.479547464770164], [128.73909828715432, 36.47920444696335]], [[128.76141953338296, 36.478970550954884], [128.7725800593979, 36.478852037766224]], [[128.97345777166205, 36.476540393203344], [128.98461695512987, 36.476402058317404]], [[126.71962039171295, 36.37490580351862], [126.74191516363035, 36.37504936563139]], [[126.80880039404593, 36.375455090438344], [126.81994805983712, 36.37551907090056]], [[126.83109576050121, 36.375582011237704], [126.84224349546675, 36.375643911439546]], [[126.98716691141372, 36.376353957413144], [126.99831506658971, 36.37640129474325]], [[127.38851262477753, 36.37740268863778], [127.41081007237567, 36.37742141650068]], [[127.823311340272, 36.37701721084297], [127.83445983850142, 36.37698651861102]], [[127.85675678292901, 36.37692201306277], [127.86790522798373, 36.376888199756955]], [[128.87111858960543, 36.369585918317135], [128.8822629777874, 36.36945747706522]], [[127.00906636954835, 36.43955256836964], [127.02022359442138, 36.43959792898448]], [[127.19874215667895, 36.44018189126816], [127.20989972283877, 36.440209525636426]], [[127.38842241964362, 36.440509856422274], [127.39958016133082, 36.440519763246726]], [[127.48884223249948, 36.44056147624773], [127.50000000000001, 36.440561997660815]], [[127.52231553442746, 36.44055991200856], [127.54463106426586, 36.44055365505316]], [[127.63389304594835, 36.44048691432202], [127.67852388994106, 36.440428516371995]], [[127.86820289496933, 36.43999418717458], [127.87936034067249, 36.43995925355907]], [[128.5822162137513, 36.43565664664194], [128.59337125547754, 36.435554997251536]], [[128.64914560985034, 36.43503112043997], [128.68260951845045, 36.43470429108082]], [[129.17334258858958, 36.42883377503685], [129.2067961536863, 36.4283601049254]], [[126.56204427599044, 36.499981443035445], [126.57320908642777, 36.50006870216748]], [[126.75185215600709, 36.50132276924191], [126.76301769994484, 36.50139226784431]], [[126.88584106290179, 36.502087790211846], [126.89700702454824, 36.50214474995445]], [[127.37716514893026, 36.50360538064937], [127.38833193343156, 36.50361635539539]], [[127.44416593074894, 36.50365555096788], [127.45533274114634, 36.503660254441925]], [[127.56700087677112, 36.50364980227892], [127.57816768083832, 36.50364300837601]], [[127.8908344565444, 36.50302843136888], [127.90200091016231, 36.502991327431694]], [[128.25931334938346, 36.50125222580394], [128.27047881565173, 36.50118063754186]], [[128.37096615668696, 36.500489328074416], [128.38213120010764, 36.50040729223934]], [[128.43795572400956, 36.499981443035445], [128.44912048612568, 36.499893139285874]], [[128.46028519934578, 36.49980379093314], [128.47144986309505, 36.49971339799177]], [[128.50494355177034, 36.49943595178361], [128.53843677451735, 36.49914910481687]], [[128.9849609797289, 36.49442640952561], [128.9961226703166, 36.49428694042667]], [[129.21933954094573, 36.49127841449459], [129.23049949325772, 36.491117032881995]], [[126.67426842402278, 36.44672128894235], [126.68542593260337, 36.4467979505389]], [[126.9978510815247, 36.44852109168586], [127.0090095718425, 36.44856751015032]], [[127.3437734429319, 36.44947503967996], [127.35493244914991, 36.44948912237162]], [[127.38840951027171, 36.449525111519286], [127.39956854288863, 36.44953502158626]], [[127.4442047192676, 36.44956423023433], [127.45536377197072, 36.44956892448547]], [[127.4776818836898, 36.44957518348877], [127.48884094155795, 36.44957674823991]], [[127.86824549447019, 36.44900927349428], [127.87940423096778, 36.44897432844517]], [[128.31457406739665, 36.4467979505389], [128.32573157597722, 36.44672128894235]], [[128.57118500814366, 36.44477095366821], [128.5823413952052, 36.4446703133826]], [[128.6827463062195, 36.443717646157985], [128.7050578546149, 36.44349447750631]], [[128.82776681909803, 36.44219253811058], [128.83892178150958, 36.44206792778114]], [[126.62943734031276, 36.46443264200374], [126.68523736346847, 36.464826634618234]], [[126.90844721873614, 36.46614174113788], [126.91960806929322, 36.46619653919078]], [[126.94192985942945, 36.466303004424766], [126.98657377971311, 36.466503411166926]], [[127.3548988624764, 36.46751956805403], [127.36606045971897, 36.46753261612832]], [[127.47767671648037, 36.46760568550758], [127.48883835795297, 36.46760725128302]], [[128.2812821150003, 36.4650505095078], [128.30360250384308, 36.46490230299619]], [[128.79460108636366, 36.46058602750791], [128.81691651013162, 36.46034185706708]], [[126.9196752517994, 36.45718175596838], [126.94199445843944, 36.4572881863758]], [[126.98663321157527, 36.4574885275613], [126.99779296731452, 36.457536004553845]], [[127.39955691928147, 36.458550266276], [127.4441982616958, 36.458579484483124]], [[127.45535860591173, 36.45858418027054], [127.46651895242425, 36.458587832550435]], [[127.48883965004255, 36.45859200658544], [127.50000000000001, 36.45859252833989]], [[127.54464139408829, 36.45858418027054], [127.55580173830421, 36.458579484483124]], [[128.30350948972458, 36.455887943132545], [128.3146683310134, 36.455812299506114]], [[128.5601512224956, 36.453884269819014], [128.57130895494296, 36.45378463932901]], [[128.8167641154384, 36.45132898886396], [128.82792043576572, 36.4512053800703]], [[129.1625757246122, 36.44701253888855], [129.1737296622222, 36.446856628688124]], [[126.61817536888788, 36.47336487897047], [126.62933653329908, 36.473446834353744]], [[126.68514301602978, 36.473840955873854], [126.69630444069178, 36.47391664900897]], [[126.72978896057414, 36.47413746585359], [126.74095054725298, 36.474208983908326]], [[126.89721660165716, 36.47510063274063], [126.90837871406264, 36.475156492676476]], [[127.18743992795014, 36.476213685542156], [127.19860264543608, 36.47624240023143]], [[127.4665111981657, 36.47661830556423], [127.48883706528899, 36.47662248233134]], [[127.55581466206144, 36.47660995203273], [127.56697758815223, 36.476604208981925]], [[128.25904945274704, 36.474208983908326], [128.28137258646183, 36.47406490401088]], [[128.31485698397023, 36.473840955873854], [128.3260183666925, 36.47376421899898]], [[128.54923632966114, 36.47201031659388], [128.56039669903566, 36.47191166432544]], [[128.77243269509393, 36.46983903951644], [128.79475096705454, 36.4695989613991]], [[128.9732871649048, 36.46752815085441], [128.98444505744033, 36.46738986120216]], [[129.15180396140997, 36.46519040638313], [129.16296056343427, 36.465035436472256]], [[126.7607496695738, 35.55473309866811], [126.77178245380462, 35.554800238937524]], [[126.97037823089077, 35.555836147548625], [126.98141160937396, 35.5558841076531]], [[127.08071311047514, 35.55627031713194], [127.09174672217809, 35.556308181230285]], [[127.33449034485517, 35.556885744328206], [127.34552428472931, 35.556900385579716]], [[127.35655823228664, 35.55691401709991], [127.36759218697836, 35.55692663888663]], [[127.40069408837195, 35.55695844582645], [127.42276204824509, 35.55697460175286]], [[127.8420512004181, 35.5565141632514], [127.85308492571646, 35.55648235705776]], [[127.96342112231976, 35.556108764496265], [127.97445462427093, 35.556065852309075]], [[128.97833565829663, 35.54793599986189], [129.00039365604744, 35.547663500547685]], [[129.2430109829781, 35.54439986908639], [129.2540380914214, 35.54423993129325]], [[129.28711889168935, 35.543754071772405], [129.2981456482693, 35.54359010330452]], [[129.35327808025423, 35.54275514744068], [129.37533041242054, 35.54241411261575]], [[127.85328284578901, 35.60156438194514], [127.86432273809056, 35.601531511805184]], [[128.64807591046255, 35.59661326420879], [128.69222428352094, 35.59618455178798]], [[128.8136273059455, 35.5949222320254], [128.8577719358085, 35.594432897197976]], [[129.25502071930518, 35.58930170859929], [129.27708701328305, 35.58897827596142]], [[129.2881200278918, 35.588815045647976], [129.31018578961, 35.5884855571625]], [[126.71626772224583, 35.59051740767875], [126.72730530077496, 35.590588679595946]], [[127.09156368886045, 35.592373597785446], [127.1026022672847, 35.592410501011486]], [[127.36753282241934, 35.59299287376473], [127.37857173070189, 35.59300450118074]], [[127.84220455472379, 35.59257985235385], [127.85324322660585, 35.59254800407542]], [[128.3499569101873, 35.59006855240268], [128.3609942040089, 35.58999020600623]], [[128.57069401529077, 35.588309627434164], [128.59276662560828, 35.588111505886765]], [[128.6148390183215, 35.58790934317768], [128.64794718977723, 35.587598522219594]], [[128.80244495012138, 35.586027817213186], [128.81348003605453, 35.58590804871824]], [[129.01209987200465, 35.583579535757636], [129.02313362200155, 35.583440581900575]], [[129.2768878431767, 35.579966056229864], [129.28791962284222, 35.579802879835206]], [[129.3430771760568, 35.57897186396277], [129.35410841384478, 35.57880263419442]], [[129.45338533795555, 35.57723417349377], [129.464415628826, 35.57705485695041]], [[126.76066687361735, 35.56374895231565], [126.77170089325057, 35.563816114786135]], [[127.58828182141549, 35.565983621015825], [127.59931703509172, 35.56597503534342]], [[127.853124474578, 35.56549878914009], [127.86415941812993, 35.565465962430416]], [[127.97450776660608, 35.56508214666173], [127.98554248067302, 35.56503821035275]], [[128.34967120941386, 35.563021794950494], [128.36070479431748, 35.56294352620384]], [[128.58136677234296, 35.56116615528624], [128.592399343016, 35.56106668803545]], [[129.2542344425509, 35.55325231564219], [129.2873189412, 35.552766295505926]], [[129.29834693049483, 35.55260227283381], [129.35348552545221, 35.551767040955916]], [[126.65023359928396, 35.57203739450125], [126.76058404088315, 35.572764792284794]], [[127.08061916236919, 35.57430302749522], [127.09165524616415, 35.57434091663811]], [[127.3675625178818, 35.574959783365784], [127.37859895156318, 35.5749714030977]], [[127.59932816349676, 35.57499161134408], [127.61036460871324, 35.57498201242436]], [[127.83109162899736, 35.5745778517969], [127.8531640410082, 35.57451520767144]], [[127.8642002209235, 35.57448237010778], [127.8752363827131, 35.574448522217125]], [[128.74698904333596, 35.56858263641152], [128.7911203981197, 35.5681180094157]], [[128.97866676843555, 35.56596319820431], [129.0007297021388, 35.56569051868784]], [[129.25443088086513, 35.56226468554919], [129.2654603683752, 35.56210363362582]], [[129.40883551975162, 35.55991820857913], [129.41986372869528, 35.55974304220474]], [[126.76157560996397, 35.464573810217296], [126.77259607029391, 35.46464072874397]], [[126.78361656667585, 35.464706641208565], [126.81667826667355, 35.46489834212557]], [[126.83871957025502, 35.465021112237935], [126.87178177008074, 35.46519772146198]], [[127.00403322431475, 35.46581360243464], [127.03709667787653, 35.46594493259048]], [[127.13628821861205, 35.46628458377627], [127.14730959834462, 35.466317291249624]], [[127.15833099556, 35.46634899239318], [127.16935240971182, 35.46637968720188]], [[127.53306500243104, 35.466828038367034], [127.55510833010023, 35.466819987073904]], [[127.7865617752419, 35.466492402992515], [127.81962615974619, 35.46640937567082]], [[128.3816868451826, 35.463612322804195], [128.40372659749826, 35.463449312518286]], [[128.93261687011847, 35.458330297330086], [128.9656677088836, 35.45793345046106]], [[129.13091180747702, 35.455813554144804], [129.14192745488194, 35.4556641896343]], [[129.35120868507707, 35.45263541248817], [129.38425016096235, 35.4521240430887]], [[126.94843505536319, 35.53770478650533], [126.95946591097687, 35.53775473268123]], [[126.9925586368101, 35.53789851786273], [127.00358959659148, 35.537944428448945]], [[127.01462058104445, 35.537989330118975], [127.02565158962089, 35.538033222865664]], [[127.44484237468076, 35.53895348043688], [127.45587389645473, 35.53895802129238]], [[127.46690542042194, 35.53896155306964], [127.48896847274288, 35.53896558938732]], [[127.56618914435164, 35.538947930503845], [127.57722066009413, 35.53894137149419]], [[127.61031518209923, 35.538915640016675], [127.63237817026753, 35.538893440338704]], [[127.89713072093343, 35.53831222166933], [127.9081618830253, 35.538275391573606]], [[128.34938588901483, 35.53597491391659], [128.36041576993733, 35.535896722768456]], [[128.58100368133123, 35.53412111396165], [128.59203254937867, 35.534021745321844]], [[128.9890314121085, 35.52977308904378], [129.01108432983236, 35.52949875465412]], [[129.0221106763981, 35.52936007609882], [129.05518926035032, 35.52893799525733]], [[129.25364565056134, 35.526215119277474], [129.27569467748953, 35.52589243401237]], [[129.38593443512812, 35.52421859248657], [129.3969579049875, 35.5240456709101]], [[127.11407314058356, 35.50228220471107], [127.12509940827962, 35.50231697081942]], [[127.5110265933526, 35.50289893472784], [127.52205318615785, 35.502897423110085]], [[128.34900605263113, 35.49991221370552], [128.37105590985033, 35.49975503092398]], [[128.40413037011842, 35.499511702463074], [128.41515510120442, 35.49942857855083]], [[128.56949631929626, 35.49815909509671], [128.5805203117859, 35.49806086480922]], [[128.95530058090222, 35.49412199876262], [128.96632237189095, 35.49398853493279]], [[129.30795911216896, 35.489352132866856], [129.32999740803822, 35.48901981794786]], [[126.76132821286792, 35.4916217402688], [126.77235236462414, 35.49168872526714]], [[127.12514129832876, 35.49330046592399], [127.13616635266274, 35.49333421321194]], [[127.19129188418928, 35.49348783968669], [127.21334220785533, 35.493542238868706]], [[127.31256930525541, 35.49373717055571], [127.3566705029516, 35.493797614897716]], [[127.56615214832424, 35.493864607602454], [127.57717749808064, 35.493858059432874]], [[127.64332949704841, 35.493797614897716], [127.65435480850842, 35.49378401490392]], [[127.80870811581073, 35.49348783968669], [127.81973325494023, 35.493459129070374]], [[127.96305842079195, 35.4929942246305], [127.97408328803357, 35.49295141168682]], [[128.21662344751948, 35.49175470320418], [128.26071998015718, 35.49148474913119]], [[128.41505285952172, 35.4904130291828], [128.4260763139367, 35.49032892591083]], [[129.32979306386082, 35.48000771140686], [129.34081084724008, 35.479840101091526]], [[126.76099783694055, 35.52768545567051], [126.77202691825372, 35.527752529365905]], [[126.92643760469258, 35.528585675079434], [126.9484967651747, 35.528688560023895]], [[127.02570466119859, 35.52901688777785], [127.03673445927294, 35.5290597574134]], [[127.3345459125318, 35.52983596678589], [127.34557614794379, 35.52985059351889]], [[127.62133310197495, 35.52988842132902], [127.63236335876154, 35.52987682079253]], [[127.81987627067627, 35.52952527747244], [127.83090632522999, 35.52949552015971]], [[127.87502637355138, 35.52936640422602], [127.89708628810425, 35.52929579432232]], [[127.90811621606085, 35.529258976405586], [127.91914612374023, 35.529221149853406]], [[127.95223571963585, 35.52910161844535], [127.96326554072708, 35.5290597574134]], [[128.36031951401299, 35.52688109415657], [128.37134811863493, 35.52680192060787]], [[129.01091533566108, 35.52048524143506], [129.02194045023657, 35.52034660872807]], [[129.27549612533298, 35.51688011302307], [129.2865192757138, 35.516717313728066]], [[129.3857235736232, 35.51520682482422], [129.39674581277293, 35.51503396040966]], [[126.76116309826331, 35.50965362530813], [126.77218971370358, 35.50972065464525]], [[126.9265658747622, 35.510553249363134], [126.93759297472455, 35.51060516174841]], [[127.04786541979276, 35.51106885150753], [127.1140299994166, 35.51129868455675]], [[127.34561068504986, 35.51181733123526], [127.35663846122718, 35.51183094023164]], [[127.50000000000001, 35.51191612269066], [127.51102782600712, 35.511915618651315]], [[127.63233375547699, 35.51184354116295], [127.64336153877284, 35.51183094023164]], [[127.93007980428894, 35.51114949436476], [127.94110720319885, 35.51110967691104]], [[128.26089002203148, 35.50951654349341], [128.29396941780138, 35.50930336308569]], [[128.31602215214963, 35.50915620448926], [128.34910094848183, 35.50892790934284]], [[128.37115326952704, 35.508770674552544], [128.40423142538907, 35.50852726557937]], [[128.58064107369358, 35.50707594788382], [128.59166624404284, 35.50697667778997]], [[128.95546319788141, 35.503135778662596], [128.96648621938607, 35.503002270678415]], [[129.06569007311333, 35.50175540197707], [129.10977867885552, 35.501175069298974]], [[129.29714057633106, 35.49852903838987], [129.30816108839636, 35.4983643348243]], [[126.76108048594988, 35.518669547324684], [126.77210833405286, 35.518736598838515]], [[127.03678627375639, 35.52004339457249], [127.04781486130791, 35.520085241760334]], [[127.33456441864384, 35.52081934723814], [127.34559342033157, 35.52083396913374]], [[127.48897094079081, 35.520932289070004], [127.50000000000001, 35.52093279327612]], [[127.56617433608126, 35.520914641864344], [127.57720338378613, 35.52090808719214]], [[127.62131953077956, 35.52087178443339], [127.63234855383233, 35.52086018773346]], [[127.91909924347468, 35.520204733637414], [127.93012789675994, 35.520165911299244]], [[127.94115652868165, 35.52012608067143], [127.96321372624362, 35.52004339457249]], [[128.29405819317844, 35.51831916921837], [128.3161133926309, 35.518171961934975]], [[128.3712506724488, 35.51778630444769], [128.38227800080858, 35.51770614917217]], [[128.5807618892378, 35.51609101710186], [128.591788291606, 35.51599171416655]], [[128.96665013964324, 35.51201599227152], [128.98869842584705, 35.51174586703437]], [[129.05484149369005, 35.510911325364596], [129.06586507144152, 35.51076871111687]], [[129.28631958110907, 35.507705032105264], [129.29734141229258, 35.5075412803353]], [[126.9594054083, 35.54677096208149], [126.97043752533658, 35.546819915557506]], [[126.98146966870091, 35.546867859806184], [126.99250183784457, 35.54691479481985]], [[127.00353403221919, 35.54696072059101], [127.01456625127643, 35.5470056371123]], [[127.08076005324398, 35.54725394160212], [127.10282482649934, 35.54732863545973]], [[127.3345088756411, 35.547869165332365], [127.35657429233082, 35.54789742875675]], [[127.36760701164675, 35.547910046370546], [127.40070520689636, 35.5479418427946]], [[127.42277069599544, 35.54795799337965], [127.44483620045413, 35.547970106327476]], [[127.45586895707196, 35.547974648684914], [127.466901715884, 35.54797818163033]], [[127.57722930400458, 35.54795799337965], [127.61032753052194, 35.547932253391245]], [[127.83098039736153, 35.54752849344662], [127.84201290439088, 35.547497707104114]], [[127.95233694894023, 35.54713433110603], [127.96336923875486, 35.54709244237676]], [[129.24281595131956, 35.535387417436475], [129.2538418274378, 35.53522753250437]], [[129.3751205954765, 35.53340231726322], [129.38614539025338, 35.53323034556784]], [[129.39717009136825, 35.53305736681689], [129.40819469827497, 35.53288338103798]], [[126.76141071519174, 35.482605777249105], [126.77243363592613, 35.48267274008537]], [[126.81652567423973, 35.48293052404437], [126.83857189897103, 35.483053375448726]], [[126.86061825492234, 35.48317219969747], [126.90471134299499, 35.48339776642699]], [[126.91573469019349, 35.48345164102161], [126.93778147098068, 35.483556369644695]], [[127.18030245931347, 35.484442558134575], [127.19132636698171, 35.48447125925152]], [[127.21337422770513, 35.484525640434654], [127.2243981796667, 35.484551320492166]], [[127.2354221452991, 35.48457599352144], [127.25747011538927, 35.484622318479694]], [[127.51102412968535, 35.48486552637231], [127.52204825882386, 35.48486401575463]], [[127.55512063748972, 35.48485344143423], [127.56614475897227, 35.484847902506864]], [[127.64331348685604, 35.48478093196794], [127.65433756677812, 35.484767336473965]], [[128.2055204148993, 35.4828036455629], [128.2165434072554, 35.482738696193465]], [[128.41495066323176, 35.48139746606077], [128.4259728869352, 35.481313390613636]], [[129.1092393947883, 35.47413563206987], [129.12025765945504, 35.47398817933971]], [[129.3406053655621, 35.47082803547935], [129.35162182955892, 35.47065947576492]], [[126.58392267763766, 35.580567903673284], [126.59495851486147, 35.580651275337985]], [[126.6170303238998, 35.580814988037964], [126.6501383656991, 35.58105298031917]], [[126.71635557661466, 35.58150168727351], [126.72739191816183, 35.581572935639144]], [[127.08057215701344, 35.58331936232577], [127.09160947767805, 35.58335726399507]], [[127.36754767344779, 35.583976335326], [127.37858534415498, 35.58398795889953]], [[127.83112873915562, 35.58359427748651], [127.84216619060268, 35.58356345040412]], [[128.58160910187794, 35.5791961135069], [128.61471406369142, 35.57889448457]], [[128.6919570073909, 35.57815533714238], [128.74712877014474, 35.57759708017538]], [[128.79126506661476, 35.57713229959325], [128.80229898147684, 35.57701358029449]], [[129.0008978371167, 35.57470400646673], [129.0119304270532, 35.57456610775074]], [[129.4200787589164, 35.56875456426841], [129.4531665108093, 35.56822284176683]], [[126.88294027263136, 35.44722210666413], [126.90497703929744, 35.447332729812516]], [[126.99312524123172, 35.44773500126566], [127.00414388518789, 35.4477807601859]], [[127.64324951714505, 35.44871406519712], [127.67630697138152, 35.44867031549502]], [[127.7754788035056, 35.44848475753952], [127.78649783500894, 35.44845911146133]], [[129.15257439989313, 35.43748779451804], [129.16358743032438, 35.43733652093741]], [[129.17460037842457, 35.437184243439965], [129.19662602545586, 35.43687667679193]], [[126.74004334207, 35.41034099771024], [126.751056360737, 35.410409791523655]], [[126.90524226403078, 35.411267475580296], [126.91625578119333, 35.41132120766975]], [[127.65419990826042, 35.41263342288193], [127.66521414791617, 35.412618858952094]], [[128.0286762107469, 35.411574805108785], [128.0617170983981, 35.41142565927176]], [[128.18286476837378, 35.4108014691054], [128.19387800114296, 35.41073869971552]], [[128.42514712228697, 35.40918861306238], [128.43615947418735, 35.40910375614499]], [[129.20687795841184, 35.400670178235906], [129.21788567141732, 35.40051409215195]], [[126.44247222865222, 35.426134638316135], [126.4755151796317, 35.42641951083658]], [[126.89409376860603, 35.429245357354056], [126.90510971055784, 35.4293001298926]], [[126.97120596157228, 35.42960766305819], [126.98222209820365, 35.429655401498486]], [[127.03730315491524, 35.42987902000911], [127.04831943715193, 35.42992072892309]], [[127.25763242628017, 35.43052225205609], [127.26864905209588, 35.43054386101293]], [[127.29068233754099, 35.43058406378908], [127.30169899607966, 35.43060265760197]], [[127.76440078881078, 35.43047601902217], [127.7754173769953, 35.43045139495246]], [[128.0067617395344, 35.429702135035846], [128.02879403842772, 35.42960766305819]], [[128.19403264150608, 35.42877100366359], [128.20504829390578, 35.42870718792146]], [[128.3812936155876, 35.427549497243426], [128.39230860060536, 35.42746860223965]], [[128.89894134049814, 35.42266174968483], [128.90995366118796, 35.4225336573673]], [[129.1962479254761, 35.41885099802166], [129.21826833407644, 35.41853962221746]], [[126.77251487114405, 35.473656741243786], [126.78353659747113, 35.473722675527746]], [[126.90477781132607, 35.47438152768029], [126.9157999278595, 35.474435384448086]], [[127.2244289543647, 35.47553470003532], [127.23545168905689, 35.47555936490019]], [[127.25749719724932, 35.47560567452932], [127.31261116860429, 35.47570383118343]], [[127.51102289867214, 35.475848801943116], [127.53306869382993, 35.47584477496256]], [[127.63227462773584, 35.47577681979503], [127.64329748377268, 35.47576423553156]], [[127.80863916553709, 35.47545466528723], [127.8196618422909, 35.47542597366757]], [[128.40382747342383, 35.47246493062327], [128.41484851231436, 35.47238188918633]], [[128.56913804636355, 35.47111366528916], [128.58015834764313, 35.47101553246223]], [[129.12007682924718, 35.464975053815145], [129.13109378524717, 35.46482664485599]], [[126.73961965084224, 35.45542099630543], [126.76165800244495, 35.455557806208255]], [[126.87185186803825, 35.45618151096048], [126.88287143478426, 35.45623834959424]], [[127.147348954467, 35.45730071020236], [127.15836912188261, 35.457332400853595]], [[127.16938930622717, 35.45736308550304], [127.18040950695463, 35.45739276414578]], [[127.30163264005515, 35.45765283153413], [127.31265299478437, 35.45767043777292]], [[127.63224510323245, 35.457743378079755], [127.64326549892034, 35.457730802144695]], [[127.97387161363136, 35.45688571848289], [127.98489153531028, 35.456841956250834]], [[128.3705697594699, 35.45467660683465], [128.3815884722902, 35.454596637007164]], [[128.57991730595984, 35.45298524164464], [128.63500570866302, 35.45247982290232]], [[128.910425276965, 35.44957581298447], [128.93245706941136, 35.44931635952835]], [[129.14174433063874, 35.44665113404912], [129.1527586695206, 35.446500814664816]], [[126.42032352174944, 35.43495489543997], [126.44235434926314, 35.43514989674028]], [[126.73978924023575, 35.43738903786651], [126.75080594040965, 35.437457900060025]], [[126.89402621978321, 35.438261645973746], [126.90504338965762, 35.43831643665236]], [[126.98216437311446, 35.43867182592082], [126.99318176339693, 35.43871857493596]], [[127.66526939568762, 35.43966916333201], [127.6762873102945, 35.43965357953009]], [[127.98478338129391, 35.43880905722933], [128.00681823660307, 35.43871857493596]], [[128.3703756013606, 35.43664514111984], [128.3813918575121, 35.4365652242252]], [[128.63475260219644, 35.43444981122399], [128.645767660655, 35.434345780629684]], [[128.91011079665398, 35.43154772333085], [128.9211242738744, 35.431418584498545]], [[129.1634020164009, 35.42832353654125], [129.17441373845443, 35.42817130944167]], [[126.874166883405, 36.565131980347886], [126.90769199008207, 36.56530325104882]], [[127.33236192827141, 36.56665670967051], [127.37706530399082, 36.566711185223845]], [[127.83527419504041, 36.566303146113874], [127.84644981959548, 36.56627119476335]], [[127.85762542625456, 36.56623819588309], [127.86880101444046, 36.56620414947843]], [[128.46106561251827, 36.562900886199], [128.48341302968382, 36.56271863919632]], [[128.97499664861942, 36.557649929298044], [128.98616747630868, 36.55751118684455]], [[129.05319081137986, 36.556656764736154], [129.0643610900088, 36.55651070003638]], [[127.15338900220455, 36.60233077841829], [127.17575066661193, 36.60239371578785]], [[127.29874089601964, 36.60266487329989], [127.30992189999648, 36.602683230328985]], [[127.41055130883841, 36.60280124021824], [127.43291346543421, 36.602815925943794]], [[127.63417294420199, 36.6027592810639], [127.66771606313131, 36.602716797513004]], [[127.71244009754656, 36.60264546731667], [127.7348020511336, 36.602603508500685]], [[127.76834488897568, 36.602532703205384], [127.77952580793279, 36.6025070035698]], [[127.79070671243092, 36.60248025500581], [127.81306847573687, 36.602423611110225]], [[127.9136955422206, 36.6021167928956], [127.92487622810336, 36.602077457579504]], [[128.14848456163605, 36.60107050075831], [128.1820247675602, 36.600883275511634]], [[128.2602839864837, 36.60040971386998], [128.27146372224507, 36.60033786776921]], [[128.50622806690137, 36.59858689834096], [128.5285854633461, 36.598396026572004]], [[128.99803453078562, 36.59341934391289], [129.0315618869239, 36.5929931453079]], [[126.76216143812138, 36.59153596651828], [126.77333998994455, 36.591604644384965]], [[127.17578838680646, 36.59337881987215], [127.18696794383189, 36.593408705429475]], [[127.29876430896577, 36.593649888812664], [127.30994401224969, 36.59366823984555]], [[127.39938194376165, 36.59377729777212], [127.41056171468425, 36.59378621118758]], [[127.6676965522772, 36.59370179606506], [127.69005598775033, 36.59366823984555]], [[127.70123569103426, 36.593649888812664], [127.71241538391229, 36.593630489168284]], [[127.73477473613846, 36.593588544057866], [127.74595439433041, 36.593565998598656]], [[127.75713403980417, 36.593542404541616], [127.7683136719817, 36.59351776189059]], [[127.92482680265502, 36.59306266496635], [127.93600616602419, 36.59302229398283]], [[128.05897754799193, 36.59250901312081], [128.0701566026817, 36.592456060508816]], [[128.2713739861578, 36.59132364336056], [128.2825523819285, 36.591250772493844]], [[129.0313838000983, 36.5839813196371], [129.0425581297038, 36.58383720572344]], [[129.22133617264166, 36.58138900567596], [129.23250906902115, 36.58122709585342]], [[127.1759767364644, 36.54830413481755], [127.18714979902627, 36.54833397158315]], [[127.37709386282509, 36.54868102366655], [127.38826712783522, 36.54869201636845]], [[127.4441335278683, 36.548731276069226], [127.46648011210668, 36.548739651482386]], [[127.58938632541768, 36.548710861014854], [127.6117328721648, 36.54869201636845]], [[127.98044412076091, 36.547776502794505], [128.05865282550675, 36.547435748113216]], [[129.06399785427695, 36.538487203322845], [129.0751654611154, 36.53834018878875]], [[129.10866779188837, 36.537892873874995], [129.1310022652028, 36.53758943808246]], [[127.05213634106714, 36.71017175963486], [127.07452894944227, 36.71025389800968]], [[127.13051084692435, 36.71044081676437], [127.14170728631954, 36.71047504152059]], [[127.22008285058814, 36.71068513019631], [127.23127942257739, 36.71071093071721]], [[127.3656392088104, 36.710938398022364], [127.3768359168864, 36.71095050862513]], [[127.39922935164881, 36.710971570561036], [127.41042607717208, 36.71098052189074]], [[127.61196736864028, 36.71096156613862], [127.63436079118961, 36.710938398022364]], [[127.65675418582333, 36.71091101755707], [127.66795087121798, 36.71089574769901]], [[127.69034421525494, 36.71086204874457], [127.70154087273418, 36.71084361965367]], [[127.93666736608516, 36.71021335530675], [127.94786365893287, 36.71017175963486]], [[128.03743311547498, 36.70980108822801], [128.07102121711327, 36.709644713357314]], [[128.6643526282325, 36.70531989566549], [128.675546200211, 36.705209879433376]], [[128.6867397111602, 36.705098811048764], [128.72031987202666, 36.704759293161814]], [[126.75107002156766, 36.58245195554167], [126.76224723567506, 36.582521658899005]], [[126.91873197397705, 36.58338746894135], [126.92990969938333, 36.58344145233014]], [[127.1870043472141, 36.584393786050846], [127.209360909129, 36.584450392946145]], [[127.29878771150602, 36.584634890645575], [127.3211445276675, 36.584670532449756]], [[127.38821517955232, 36.58475229919027], [127.39939364512843, 36.584762257983606]], [[127.47764301741934, 36.58480261735652], [127.50000000000001, 36.58480471394963]], [[127.62296328024537, 36.58474129210889], [127.63414173368673, 36.58472923674124]], [[127.6900338853249, 36.58465323568363], [127.70121228849399, 36.584634890645575]], [[127.74592579138123, 36.58455102783641], [127.75710413676669, 36.584527441486955]], [[127.80181737962913, 36.58442261361567], [127.81299565278593, 36.584393786050846]], [[128.18186613340092, 36.58285445659223], [128.2042208955381, 36.58272448137748]], [[128.28246138620577, 36.582236558035056], [128.29363844202263, 36.58216266309361]], [[128.98651287948374, 36.57553527976342], [128.99768622432285, 36.5753953998379]], [[126.96275509364338, 36.68275760662608], [126.9739472636963, 36.682807576845086]], [[127.01871621103446, 36.68299693884632], [127.02990851174769, 36.68304164958932]], [[127.28733698463395, 36.68377965478262], [127.30972244672164, 36.68381752893763]], [[127.43284306955431, 36.68395061509811], [127.44403588597149, 36.68395640147368]], [[127.57834974337821, 36.68394377665648], [127.5895425522453, 36.68393588614991]], [[127.88055225326859, 36.68336146591708], [127.91412963044418, 36.683249424397964]], [[128.3170385894034, 36.681166517139864], [128.32822984608416, 36.68108920141458]], [[129.24571340211364, 36.6711722087531], [129.3240114931532, 36.66999838599999]], [[129.37993587668922, 36.66912844689499], [129.3911204634443, 36.668951310011046]], [[126.34764796822432, 36.65135032595123], [126.35883383150072, 36.65145802672879]], [[126.56018891959785, 36.65321704921729], [126.58256274293737, 36.653391489081734]], [[126.62731095547032, 36.653727763140985], [126.63849812311014, 36.65380920539443]], [[126.64968533539378, 36.653889597116525], [126.67205989157483, 36.654047228914386]], [[126.95175482488119, 36.65566302893933], [126.96294305189751, 36.65571400108823]], [[126.9741313067492, 36.655763922395224], [126.9853195888565, 36.655812792852196]], [[127.00769623251884, 36.655907381184285], [127.05244982140026, 36.656083947308865]], [[127.09720378143396, 36.656243699001344], [127.13076947270416, 36.65635247804728]], [[127.15314669687444, 36.65641974269107], [127.164335336217, 36.6564517985802]], [[127.28741138970221, 36.65673504882796], [127.2986001995518, 36.656754492874704]], [[127.46643327524627, 36.65692003082126], [127.47762218253088, 36.65692265841915]], [[127.51118890902455, 36.65692423497805], [127.52237781746913, 36.65692265841915]], [[127.86923052729585, 36.65635247804728], [127.88041911096384, 36.6563172693036]], [[128.3055653806221, 36.65420065843179], [128.31675276568666, 36.65412446896446]], [[128.3391274082582, 36.65396893829415], [128.35031466460623, 36.653889597116525]], [[128.5740497674969, 36.652082177681486], [128.60760822624044, 36.65177482810348]], [[126.86165423624738, 36.72733213030329], [126.89524963728508, 36.72750757113936]], [[127.15282261600522, 36.728537593697865], [127.20881824936987, 36.728687755015606]], [[127.33200987215785, 36.72892538109454], [127.34320917462449, 36.72894066092003]], [[127.63439219657575, 36.728968059258], [127.64559151475933, 36.72895488697529]], [[127.65679082537552, 36.72894066092003], [127.66799012784216, 36.72892538109454]], [[127.97036608703873, 36.72811451386223], [127.98156492500321, 36.728069730111876]], [[128.00396252526497, 36.72797700173455], [128.01516128639835, 36.72792905712273]], [[128.04875740682573, 36.72777890168903], [128.07115467881425, 36.72767353015016]], [[128.57505309034852, 36.72418868962692], [128.58624974429475, 36.72408702493625]], [[129.28030900053108, 36.71572811612944], [129.29150096472333, 36.7155601533812]], [[126.84056543571087, 36.573965768620646], [126.87409414715488, 36.57414652447697]], [[126.90762314965198, 36.57431785115511], [126.91879954580206, 36.5743728646311]], [[127.19821770809666, 36.57540767112231], [127.20939469737023, 36.57543544137712]], [[127.32116532072813, 36.57565550895966], [127.3323424434202, 36.57567175214254]], [[127.37705101504943, 36.575726245501045], [127.38822817528411, 36.57573724898632]], [[127.4664684263052, 36.575784930828355], [127.47764561657418, 36.57578755071321]], [[127.6117718247159, 36.57573724898632], [127.62294898495058, 36.575726245501045]], [[127.81295926558279, 36.5753788529756], [127.83531316384911, 36.57531807302537]], [[127.84649008728098, 36.575286111231755], [127.85766699280872, 36.57525310156602]], [[128.20413903319255, 36.57371009366142], [128.21531506091142, 36.573643555856364]], [[128.48352731161302, 36.57173239458804], [128.49470224227304, 36.57163967035837]], [[128.97516801515692, 36.56666202827294], [128.98634013952346, 36.56652324048245]], [[129.0421995986556, 36.56581360529873], [129.0533712539108, 36.56566853917735]], [[129.23210643924503, 36.56320520006706], [129.24327665280265, 36.56304235007681]], [[126.35936540532568, 36.615405248418924], [126.39290772364951, 36.61572163630761]], [[126.58299014013247, 36.617336187183824], [126.60535373391181, 36.61750620299186]], [[126.76190381651085, 36.61857880634303], [126.77308627056134, 36.61864755154307]], [[127.15330830556442, 36.620360488014164], [127.16449173204819, 36.620392502059104]], [[127.28751044221289, 36.6206753825644], [127.29869403889067, 36.62069480122964]], [[127.44408153322514, 36.62085172575398], [127.45526522310666, 36.620856449254404]], [[127.74604027951035, 36.62061082876344], [127.75722382871851, 36.62058721157308]], [[127.84669169443559, 36.620360488014164], [127.8578751029741, 36.62032742438407]], [[127.9249751449402, 36.62010700162926], [127.936158411655, 36.62006659106361]], [[128.11508721525922, 36.61927728994801], [128.12627001948113, 36.61921903828414]], [[128.27164331413178, 36.61836627501955], [128.28282561191477, 36.61829333270907]], [[128.51764361614067, 36.61651918763995], [128.5288248890377, 36.616423164914046]], [[129.22193689415838, 36.60842189848776], [129.2331136849759, 36.608259829966805]], [[126.89532030842764, 36.71849322377086], [126.90651753060284, 36.71854957860127]], [[127.07447923750757, 36.719268512095624], [127.08567688321821, 36.719308014709796]], [[127.14166542303782, 36.719489727773244], [127.15286318918288, 36.71952291034292]], [[127.20885227881762, 36.71967302267829], [127.22005014445405, 36.71969988500847]], [[127.3096335443189, 36.719876861291915], [127.36562350960841, 36.719953235485434]], [[127.37682152593992, 36.71996535004037], [127.39921757722199, 36.719986418849615]], [[127.61198045132828, 36.719976411162364], [127.6231784740601, 36.71996535004037]], [[127.65677250152653, 36.71992584608483], [127.69036645568112, 36.719876861291915]], [[127.94791598700665, 36.71918634691635], [127.95911356464683, 36.719143684364646]], [[127.9815086477849, 36.71905519937199], [128.00390363085535, 36.71896250124204]], [[128.01510108341108, 36.7189145722694], [128.03749590765523, 36.71881555454788]], [[128.32861676456142, 36.717144970201744], [128.3398132049129, 36.71706650052246]], [[128.5973181160355, 36.71497110909702], [128.66448863845505, 36.71433289972402]], [[129.2801010719968, 36.70671761050836], [129.291291730739, 36.706549702531035]], [[126.59332678744876, 36.68953232406311], [126.6045190368552, 36.689617028347946]], [[126.9626923851615, 36.691772114265795], [126.97388586144226, 36.69182210079629]], [[127.02985364081592, 36.692056249947825], [127.04104727221863, 36.692099923024465]], [[127.14179095706314, 36.6924456278445], [127.16417866201078, 36.692510875718035]], [[127.24253614788633, 36.6927060944601], [127.29850619318276, 36.692813965499354]], [[127.42164111093179, 36.692958671496484], [127.43283523038795, 36.692965512170424]], [[127.58955300445714, 36.69295077841419], [127.6007471151977, 36.69294183292482]], [[127.71268783911779, 36.692794496047796], [127.72388186037868, 36.69277397421466]], [[127.88059667351507, 36.69237617067251], [127.93656539409496, 36.69218411236603]], [[128.32832651120694, 36.6901031644584], [128.3395190307108, 36.69002477155396]], [[129.2682910024187, 36.67985269905098], [129.279477840546, 36.67968600555495]], [[126.74015780055792, 36.555338336022565], [126.75133108076805, 36.55540901796826]], [[126.82954509223885, 36.55587447813482], [126.84071866552878, 36.555936784678266]], [[127.18711346031591, 36.55734894574045], [127.19828783677283, 36.55737774505737]], [[127.46647621857095, 36.55775475826053], [127.47765081141887, 36.55775737643353]], [[128.2598421994421, 36.555338336022565], [128.29336180238644, 36.55512000898048]], [[128.9748253582166, 36.548637815978246], [128.98599488980423, 36.54849911885138]], [[129.075348333868, 36.547351896311504], [129.1088545501304, 36.546904435204915]], [[129.23170416710795, 36.545183245862276], [129.2428717896367, 36.54502050224494]], [[126.44869033012637, 36.62524145706052], [126.48223789252917, 36.6255327671696]], [[126.6052495590423, 36.626520104904195], [126.61643272729576, 36.626603566386926]], [[126.75063414853288, 36.62752324131004], [126.76181786626579, 36.62759305860234]], [[127.14208321945445, 36.629342247819295], [127.16445265916009, 36.62940734675206]], [[127.89147079966155, 36.62923672501503], [127.91384004535476, 36.629161126942336]], [[128.28291676957818, 36.627307491722526], [128.29410032865687, 36.62723347599556]], [[128.51776210747084, 36.6255327671696], [128.52894468172448, 36.62543671308082]], [[128.98737773170015, 36.620595260756225], [128.9985575712776, 36.620455152228374]], [[126.48365631841362, 36.517368889389175], [126.49482336687818, 36.5174635224001]], [[126.50599046715999, 36.51755711019905], [126.53949207315618, 36.51783160217272]], [[126.7628467519147, 36.51942111821675], [126.77401492319825, 36.519489616753546]], [[127.39947540921207, 36.521656596802], [127.4106447951326, 36.521665486941664]], [[127.56701641977847, 36.52168012953356], [127.57818581433894, 36.52167333118594]], [[127.94677012627763, 36.520862253215746], [127.96910797138186, 36.52077649325782]], [[128.3376650102567, 36.51875758391392], [128.34883277557088, 36.51867863060325]], [[128.4046709341991, 36.51826818316903], [128.43817327430696, 36.51800937048748]], [[128.47167517912575, 36.51774115010031], [128.49400953284004, 36.51755711019905]], [[128.98530531018753, 36.512450703359605], [128.99646958658542, 36.51231114303877]], [[129.17508713161743, 36.50993615893498], [129.18625001906818, 36.50977884747307]], [[129.21973815791006, 36.509300649413454], [129.2420631418077, 36.508976631238156]], [[126.74033424063896, 36.537309687973384], [126.75150492693886, 36.537380323728755]], [[126.76267565185668, 36.53744991328137], [126.77384641481626, 36.537518456619914]], [[126.88555600995662, 36.538146345861975], [126.89672715334892, 36.53820338014711]], [[127.38828010047969, 36.53967691149807], [127.41062405271059, 36.53969574998536]], [[127.44414001420705, 36.539716158367334], [127.4553120079065, 36.539720867997005]], [[127.46648400391203, 36.5397245310431], [127.47765600164715, 36.53972714750503]], [[127.5670319766098, 36.53971040215485], [127.58937594728944, 36.53969574998536]], [[127.86867253246518, 36.53915938358252], [127.87984420850867, 36.53912432405389]], [[128.2149827847585, 36.53758595373321], [128.22615358518377, 36.537518456619914]], [[128.23732434814332, 36.53744991328137], [128.27083640646694, 36.53723800602675]], [[128.44956095972913, 36.53594882290512], [128.4607308524064, 36.53585935763004]], [[128.97448300567544, 36.530613546310626], [128.98564994678588, 36.53047493980599]], [[129.23130225228232, 36.527161233253516], [129.24246728608145, 36.52699859596056]], [[126.58245577484134, 36.66240527970806], [126.59364406201419, 36.66249095191527]], [[126.67196335528698, 36.66306123364119], [126.70552942216203, 36.663289876659675]], [[126.73909585971091, 36.66350906112554], [126.75028475189355, 36.663580020657584]], [[127.00763882564183, 36.66492199327445], [127.01882849057279, 36.66496772606199]], [[127.1531062497768, 36.66543452207886], [127.1642961937831, 36.66546658843504]], [[127.29857671363064, 36.6657693815672], [127.30976683866656, 36.66578778060823]], [[127.52238042704438, 36.66593760202245], [127.54476084944679, 36.66593129372897]], [[127.9140330162378, 36.66522004683414], [127.93641260602492, 36.665140144900114]], [[128.32803664471305, 36.66306123364119], [128.3392252485939, 36.662982917458706]], [[128.988070998488, 36.65664298695624], [128.99925604424962, 36.65650269535799]], [[129.34595106642624, 36.65163305351478], [129.35713333969807, 36.65145917917558]], [[129.4130432518519, 36.65057407271511], [129.42422493939853, 36.650393904671915]], [[126.70543675694907, 36.672303942139585], [126.7501973056113, 36.67259418086267]], [[126.96281777425146, 36.67374308521571], [126.9740086386571, 36.67379303912696]], [[127.15306578469257, 36.67444928775152], [127.16425703394277, 36.67448136457715]], [[127.4440424157087, 36.6749414888317], [127.46642544478112, 36.674949902634275]], [[127.54476607091611, 36.67494622159519], [127.57834060175362, 36.67492886813474]], [[127.71263820264886, 36.67476479982342], [127.72382961153352, 36.67474429138235]], [[128.3169432724727, 36.672152514969476], [128.32813322392613, 36.67207522447506]], [[128.9882445078427, 36.66565488257657], [128.99943085659615, 36.66551454518448]], [[129.2343253376004, 36.66232490357703], [129.24550984300933, 36.662161467665214]], [[129.3237988161643, 36.66098802786857], [129.34616625249504, 36.660643313899925]], [[129.35734982748474, 36.66046938281216], [129.37971668822297, 36.6601183725714]], [[129.39089997281573, 36.659941293475576], [129.4132662475595, 36.659583987477305]], [[126.47260847781115, 36.5082594950715], [126.48377417944667, 36.50835514200205]], [[126.53960346165194, 36.50881770352499], [126.56193552501341, 36.50899541372689]], [[126.57310162949666, 36.509082701396395], [126.59543398119283, 36.50925414180153]], [[127.3994870690406, 36.51264144769684], [127.4106551594306, 36.51265033493002]], [[127.44415945593279, 36.512670723303955], [127.45532756129182, 36.512675428316385]], [[127.96905356195533, 36.51176163188465], [127.98022115320903, 36.511717197807386]], [[128.25940139314966, 36.510266612101724], [128.27056815376412, 36.51019500042652]], [[128.337567863291, 36.509743382557794], [128.34873433381654, 36.50966445505766]], [[128.38223348063897, 36.50942140220221], [128.4045660188072, 36.50925414180153]], [[128.4938942607518, 36.50854330128285], [128.50506006654933, 36.50844974407764]], [[129.13024571245103, 36.501543444521005], [129.17489294884786, 36.50092484105995]], [[129.1860545437418, 36.50076758101295], [129.23070004928758, 36.500128104864594]], [[126.90665616345944, 36.700520805701366], [126.96262964879301, 36.700786608133534]], [[127.04099368376538, 36.70111452388698], [127.05218864587978, 36.701157158606605]], [[127.13055399914693, 36.70142612795386], [127.14174913099181, 36.701460341543914]], [[127.23131080656117, 36.70169615377906], [127.24250608489011, 36.70172089317562]], [[127.298482665456, 36.70182879942407], [127.30967801528455, 36.70184722250223]], [[127.41043653868272, 36.701965656994886], [127.42163196117444, 36.701973552653506]], [[127.60075887915856, 36.70195670858569], [127.61195429176804, 36.70194670742736]], [[127.63434509896648, 36.701923546870006], [127.65673587826218, 36.701896175337986]], [[127.70151733454401, 36.70182879942407], [127.71271267390914, 36.70180932361765]], [[128.5858691589377, 36.69704728774891], [128.60825445501328, 36.69684100144846]], [[128.6754089442061, 36.696196897153314], [128.68660114895232, 36.69608586500093]], [[128.7201773913809, 36.69574645786938], [128.7313693463197, 36.69563121866224]], [[128.9887654988522, 36.692690483179824], [128.9999557600551, 36.69255000834316]], [[126.72150537342512, 37.29439143727888], [126.82304119287134, 37.29501575395156]], [[126.95842674044687, 37.29571268912601], [126.96970907067606, 37.29576377717204]], [[127.02612113235554, 37.296003086111625], [127.03740362260383, 37.29604772158615]], [[127.05996867621907, 37.29613376616183], [127.09381643045018, 37.296254766986834]], [[127.27434067123781, 37.296736626587084], [127.28562356365236, 37.29675760065626]], [[127.74822507702947, 37.29669145174527], [127.75950793168347, 37.29666725098007]], [[128.17695880712867, 37.29501575395156], [128.19952258962843, 37.294884543625585]], [[128.36874589029753, 37.293763376531594], [128.41387043401605, 37.2934235438512]], [[128.50411715356267, 37.29269227836064], [128.515397759842, 37.29259603295352]], [[128.5266783122006, 37.292498712660326], [128.5379588100399, 37.29240031749709]], [[128.54923925276134, 37.29230084748006], [128.5605196397664, 37.292200302625616]], [[128.5830802442333, 37.29199598847102], [128.5943604604981, 37.29189221920456]], [[128.86506684159485, 37.28907936780676], [128.8763454256163, 37.28894873488351]], [[129.00040489603518, 37.287440874801305], [129.01168256382067, 37.287297351933475]], [[126.81167714774352, 37.303964007493555], [126.84552702208335, 37.30415604647457]], [[126.9132276934867, 37.30451108148802], [126.96964578254799, 37.30477736197684]], [[127.1501880326654, 37.305448727662714], [127.17275619888936, 37.30551328326987]], [[127.27431373842839, 37.30575052695621], [127.28559797744879, 37.305771507828865]], [[127.35330362984695, 37.30587479860688], [127.36458793602927, 37.30588824796705]], [[127.75953890427562, 37.30568112884548], [127.77082309172579, 37.30565584432369]], [[128.06420516022723, 37.304620820886754], [128.1206227906081, 37.30433840456297]], [[128.3575669631073, 37.30285860968204], [128.36884956171696, 37.302776312489385]], [[128.47039080014926, 37.3019872452171], [128.50423697328313, 37.301704866912594]], [[128.85394970346692, 37.29822038523388], [128.86522970457992, 37.298090784599644]], [[129.00058389179011, 37.29645176022571], [129.0118629037377, 37.296308190814045]], [[126.75490556980259, 37.3396751320194], [126.78877105746484, 37.33988357534247]], [[126.87908064556343, 37.34039203555025], [126.89036949905193, 37.34045074631889]], [[126.94681424104738, 37.340728143616595], [126.95810328015341, 37.340780391702886]], [[126.99197056807537, 37.3409306730585], [127.01454889618752, 37.341025474793874]], [[127.02583809929104, 37.34107125988732], [127.0371273276254, 37.341115967787786]], [[127.0935738267376, 37.3413233491434], [127.10486319384361, 37.34136159373724]], [[127.12744199053392, 37.34143485119608], [127.13873141891686, 37.341469864048946]], [[127.15002086652409, 37.34150379964307], [127.18388931868446, 37.34159914281754]], [[127.20646837189992, 37.34165731854197], [127.21775792223805, 37.34168479047193]], [[127.26291626777619, 37.34178390520643], [127.28549551864627, 37.341826998725786]], [[127.42097181449833, 37.341995064357775], [127.43226154747401, 37.34200206712376]], [[127.4887102544077, 37.34202092073692], [127.51128974559231, 37.34202092073692]], [[128.16607443200513, 37.34014642176689], [128.18865176055175, 37.34001715259247]], [[128.42570394330394, 37.338399744214925], [128.45956689760598, 37.33812991986132]], [[128.56115293917736, 37.337262306281275], [128.57244000289506, 37.33716052173379]], [[128.96744701166133, 37.332919969354286], [129.01258506653758, 37.33235140132852]], [[126.62007787356927, 37.28466710800862], [126.64263764251513, 37.284832670398636]], [[126.87952529338678, 37.28631150573986], [126.93592946403912, 37.28659373893289]], [[126.96977233063635, 37.286750178514495], [127.02617766340575, 37.28698940984814]], [[127.07130238609618, 37.287161443177915], [127.09386488642298, 37.28724100910476]], [[127.34205702926907, 37.287832387624746], [127.35333863498794, 37.28784690350419]], [[127.53384497831594, 37.287932923751676], [127.54512663495873, 37.28792916035793]], [[127.74819546421168, 37.28767755224771], [127.75947697287685, 37.28765335933079]], [[128.1994391450534, 37.28587123009215], [128.2220000879292, 37.285735762656266]], [[128.51527664850596, 37.28358346152375], [128.52655585595207, 37.28348617278796]], [[128.53783500890435, 37.28338780953061], [128.54911410676453, 37.283288371767895]], [[128.56039314893437, 37.28318785951623], [128.57167213481557, 37.28308627279217]], [[128.87618129110575, 37.27993734608427], [128.88745845810368, 37.27980568158004]], [[128.93256638383454, 37.27926828463449], [128.94384317671424, 37.27913125077665]], [[126.732420496551, 37.330517677225956], [126.75499459425615, 37.33066197748483]], [[126.83400515288042, 37.33113311446916], [126.84529252203549, 37.33119611307419]], [[126.86786736421497, 37.33131888016917], [126.87915483603898, 37.33137864863888]], [[126.969455749025, 37.33181803326259], [126.99203127148274, 37.33191711155051]], [[127.10491040891733, 37.33234789254673], [127.12748650781381, 37.33242112625907]], [[127.13877458728578, 37.33245612776248], [127.15006268597303, 37.3324900523563]], [[127.19521526086643, 37.332614981526255], [127.20650344662376, 37.33264352149163]], [[127.27423286801901, 37.33279214538025], [127.2855211504558, 37.332813146672905]], [[127.40969287818048, 37.33297308033323], [127.42098125789896, 37.33298115782549]], [[127.51128839653282, 37.333007005823134], [127.52257679246512, 37.33300539032228]], [[128.1659948471196, 37.33113311446916], [128.17728218085134, 37.33106903917293]], [[128.40302049243718, 37.32956144568075], [128.41430694366255, 37.32947476258573]], [[128.8657187286769, 37.32512494879152], [128.87700269465074, 37.3249941463465]], [[128.95598837327273, 37.324048411472084], [128.9672717368608, 37.32390900422041]], [[126.95887837702024, 37.23261732357374], [126.99269722842213, 37.23276702112609]], [[127.02651632175639, 37.23290706181023], [127.03778940384342, 37.23295159603126]], [[127.04906251042286, 37.23299505723641], [127.0603356408974, 37.23303744541851]], [[127.9283912053302, 37.233078760570564], [127.93966435910261, 37.23303744541851]], [[128.12003124482655, 37.2322304760713], [128.14257656434697, 37.23211029199901]], [[128.22148407882705, 37.23165585265874], [128.2553010235702, 37.231445000687195]], [[128.57090631466323, 37.22901151514821], [128.5821771875163, 37.22890905360228]], [[128.89773617465033, 37.225604822752054], [128.9202740367288, 37.22533664671743]], [[126.9927576084223, 37.223753293497566], [127.02657267693263, 37.223893288739056]], [[127.07165978325155, 37.22406493178359], [127.08293161804869, 37.22410516084032]], [[127.52254450856023, 37.22483734414841], [127.53381676134747, 37.2248346621082]], [[128.01851402813946, 37.223704483132025], [128.02978563723542, 37.223654600137195]], [[128.14250008625567, 37.223096777474304], [128.15377135383233, 37.223035096138716]], [[128.31156519239323, 37.22205894788994], [128.32283587788456, 37.22198117993512]], [[128.58204840892466, 37.2198965778037], [128.59331788387962, 37.219793077500704]], [[128.60458730094098, 37.21968850521269], [128.62712595899802, 37.21947614475065]], [[128.9088374997469, 37.2164599102104], [128.92010505380154, 37.21632532997765]], [[128.998975793931, 37.215353270017935], [129.01024272991035, 37.21521011910796]], [[126.92485431292604, 37.25949876823813], [126.94740806866146, 37.259606181832055]], [[127.02634710564283, 37.25994829806271], [127.03762421620984, 37.25999287565772]], [[127.33083595025248, 37.260774879883], [127.34211351308639, 37.26079045583438]], [[127.97365289435719, 37.25994829806271], [127.99620703951861, 37.259855920719545]], [[128.5600140140646, 37.25615044545621], [128.57128896910731, 37.25604895753938]], [[128.88696246433022, 37.25277155701715], [128.89823552951194, 37.252638947693185]], [[128.99968970904837, 37.251397188252575], [129.0109620061588, 37.25125385145087]], [[126.94747390276824, 37.250592561227755], [126.9587494815655, 37.25064464013316]], [[127.07150674939403, 37.25110637670441], [127.08278261101078, 37.251146644945834]], [[127.16171422831732, 37.251398457563816], [127.17299025018507, 37.25143013571354]], [[127.74807714467929, 37.25162181646054], [127.75935327537694, 37.2515976549183]], [[127.95104490507629, 37.25102261902804], [127.97359646387683, 37.25093456647326]], [[127.99614792222496, 37.250842219098125], [128.0186992753383, 37.25074557696352]], [[128.19910573794763, 37.249817836785965], [128.21038085218777, 37.249750727659475]], [[128.920612228249, 37.24335923699029], [128.9318837278434, 37.24322345324054]], [[128.98824007573575, 37.242528448426235], [128.99951111112404, 37.24238623041051]], [[126.83456125615332, 37.26803957397887], [126.85711718265442, 37.26816421121883]], [[126.99245543948213, 37.2688217932611], [127.02629065003762, 37.268962015822474]], [[127.07140461323115, 37.26913393757674], [127.08268316238308, 37.269174231956605]], [[127.27442139776342, 37.26969484281282], [127.3420946935282, 37.26980444686495]], [[128.13160480262928, 37.268224918438136], [128.15416079795082, 37.268102429729005]], [[128.56014033610973, 37.265162930930146], [128.58269287539173, 37.26495881548142]], [[128.87585324114326, 37.26191452537613], [128.88712772201683, 37.26178294624932]], [[126.60847896975156, 37.31162135935973], [126.61976282183781, 37.3117058347813]], [[127.04857838668964, 37.314118649850094], [127.05986361896424, 37.31416116197131]], [[127.09371945376516, 37.3142822413038], [127.10500477602517, 37.31432044871536]], [[127.13886086638671, 37.314428613763944], [127.15014626903495, 37.31446251636494]], [[127.27428679362586, 37.31476441354556], [127.28557237985173, 37.31478540122328]], [[127.36457176900406, 37.3149021792258], [127.38714309684057, 37.314925857799786]], [[127.52257139983024, 37.31497752024248], [127.5451427948609, 37.314971062429684]], [[127.75956989065973, 37.31469499292582], [127.77085542529124, 37.314669700203105]], [[128.04170255727533, 37.31373981173521], [128.06427251732234, 37.31363434106545]], [[128.33510130800803, 37.31203297870882], [128.35766933424824, 37.31187155832407]], [[128.4028048349551, 37.31153580818988], [128.41408859168286, 37.31144918128588]], [[128.45922312681876, 37.31109191661678], [128.47050663466266, 37.31099991125991]], [[128.8541112937304, 37.30723182969042], [128.865392640066, 37.30710218702906]], [[128.94435999992447, 37.306164589539165], [128.95564074922473, 37.306026347468475]], [[126.7212265369205, 37.321430814414725], [126.7325121770369, 37.32150455552266]], [[126.86794286969413, 37.3223054987419], [126.91308756052848, 37.32253803678499]], [[126.93566009558926, 37.32264784737703], [126.94694640843068, 37.32270113803349]], [[127.03723791942673, 37.32308871081007], [127.04852447533392, 37.32313231322781]], [[127.10495760297457, 37.32333417753904], [127.13881773643938, 37.32344237766707]], [[127.27425983682461, 37.32377828635396], [127.28554677085585, 37.32379928083835]], [[127.38712961829951, 37.323939782967486], [127.40970366582863, 37.32395916265069]], [[128.12077100650808, 37.322365247836395], [128.17720128342756, 37.32205573873657]], [[128.3239156034982, 37.3211250878222], [128.33520103059246, 37.321045965696925]], [[128.57218381896632, 37.31913582862742], [128.58346813068192, 37.31903303420223]], [[128.86555564808705, 37.31611357509352], [128.8768382676749, 37.315982815043874]], [[129.00094212237042, 37.31447348760814], [129.01222382443615, 37.314329825076]], [[126.82239386904988, 37.36712210175851], [126.84497936770448, 37.367249340530606]], [[126.86756500591292, 37.36737226690914], [126.87885787584658, 37.36743211292534]], [[126.90144371436607, 37.36754857056214], [126.91273668174922, 37.36760518216353]], [[126.94661576917599, 37.3677685479879], [126.95790885807276, 37.36782084690611]], [[127.02566797677677, 37.36811199807607], [127.04825455822402, 37.36820042262165]], [[127.14989529640093, 37.36854495865355], [127.16118881302316, 37.368577848951624]], [[127.7032877517952, 37.36888842235852], [127.72587512735934, 37.36884744364083]], [[127.7371687973935, 37.36882533673663], [127.78234334517327, 37.36872612557141]], [[128.04209114192727, 37.36782084690611], [128.07597031958716, 37.3676607156077]], [[126.65975578902311, 37.77167745070881], [126.67110934163298, 37.7717578631262]], [[127.0798623323625, 37.773924198588865], [127.10257196037453, 37.77400297890825]], [[127.11392680694846, 37.774040727922824], [127.12528167441515, 37.77407738283221]], [[127.27289657315337, 37.77445433055467], [127.30696189391216, 37.77451505865554]], [[127.53406563416729, 37.774668247488584], [127.54542084268856, 37.77466441775325]], [[128.52189445254652, 37.77024211687151], [128.5332471488275, 37.77014311332052]], [[128.60136213121464, 37.76952613001601], [128.6354188263898, 37.769202877852926]], [[128.64677093609592, 37.76909294050754], [128.71488227019094, 37.768410358169476]], [[126.92082744388718, 37.78226298171329], [126.94353908901962, 37.7823724304967]], [[127.10252370329675, 37.78301600162843], [127.11387992853048, 37.78305376283173]], [[127.26151253494929, 37.783445060716204], [127.27286899687935, 37.78346749901204]], [[127.52271318146825, 37.78368422142733], [127.53406977066534, 37.78368148501835]], [[127.8406949676554, 37.783193863000314], [127.85205127281142, 37.783160479666705]], [[128.5333725860663, 37.77915488979804], [128.54472660406526, 37.779054760473684]], [[128.6355566611686, 37.77821435077417], [128.6469101482375, 37.77810437793588]], [[126.6717122161904, 37.71768378126254], [126.6830575581245, 37.71776294642554]], [[126.77382183005047, 37.71835696827979], [126.78516754691323, 37.71842630839517]], [[127.11420763905507, 37.71996222722038], [127.12555424739628, 37.7199988111763]], [[127.51134695210506, 37.72059290044646], [127.52269390359731, 37.72059126230804]], [[127.53404085386397, 37.720588532077635], [127.54538780229228, 37.7205847097557]], [[127.69289768575221, 37.72043563977869], [127.71559139142045, 37.72039632480788]], [[128.44173864253, 37.716832093422084], [128.45308345887253, 37.71674092132847]], [[126.84173716381136, 37.73678207611791], [126.86443457719423, 37.7369066438728]], [[126.92117870091847, 37.73719894410827], [126.93252762194737, 37.73725412650834]], [[127.00062177060843, 37.73756227661257], [127.01197089341055, 37.73760981083418]], [[127.51134970301861, 37.73861953034796], [127.52269940542382, 37.73861789115097]], [[127.72699324459612, 37.73840151834685], [127.74969238014079, 37.738355621390745]], [[127.76104192797912, 37.73833103377966], [127.80643997212869, 37.73822175587929]], [[128.45331447830878, 37.73476506224228], [128.5213987667185, 37.73419474147742]], [[127.13672474531587, 37.75608678558237], [127.1594290680967, 37.756154581027694]], [[127.17078125742042, 37.75618683861983], [127.18213346454786, 37.75621800278438]], [[127.21619018661377, 37.756304934661685], [127.23889474575529, 37.75635742201847]], [[127.5340573667011, 37.75664173096289], [127.54540981940302, 37.756637903699875]], [[127.84057093190331, 37.756154581027694], [127.85192310280942, 37.75612123001336]], [[128.7259364260528, 37.750270367106275], [128.73728526992807, 37.7501517606371]], [[126.67141098043831, 37.744720885389974], [126.68276044737497, 37.74480012729004]], [[126.89840801254485, 37.7460981003073], [126.93245880916129, 37.746266979711955]], [[127.12541805202864, 37.747038159395316], [127.14811958244968, 37.74710811907329]], [[127.15947037650062, 37.74714145931968], [127.1708211889604, 37.747173706496895]], [[127.32973415271897, 37.747510392040226], [127.34108516768035, 37.74752624263775]], [[127.52270215817693, 37.74763118484628], [127.53405323573121, 37.74762845196918]], [[127.80647713334771, 37.74723492162249], [127.84052962349939, 37.74714145931968]], [[128.73713524068836, 37.74114057688712], [128.74848264243903, 37.741020916634874]], [[126.42077027102289, 37.02161853813755], [126.43201046041897, 37.021720237010776]], [[126.84793194275255, 37.0247347051091], [126.85917384979366, 37.024795947154885]], [[127.10650328063198, 37.02587383869988], [127.1177458129445, 37.02591058605465]], [[127.65740010686511, 37.02642186079626], [127.66864292878917, 37.02640641584174]], [[128.2195187590326, 37.02434489069058], [128.2420020300369, 37.024206433896154]], [[129.08497059780888, 37.01594075038688], [129.10744445410344, 37.015638407391265]], [[126.47829797868962, 36.92297303038288], [126.48952387727671, 36.92306906285303]], [[126.96105213872556, 36.92614447513518], [126.98350745208377, 36.926244237859756]], [[127.01719062350843, 36.92638592303504], [127.03964619852464, 36.92647507378724]], [[127.20806576011576, 36.927008394865005], [127.24175014873747, 36.92708640424978]], [[127.29789105909957, 36.927195193370494], [127.32034750145475, 36.92723127965239]], [[127.51122830615152, 36.92736660380631], [127.52245661171496, 36.92736501175198]], [[127.78070612484866, 36.927035459309955], [127.79193423988426, 36.927008394865005]], [[129.13902779884657, 36.916058348500215], [129.15024979823178, 36.915902948944876]], [[126.43213660094273, 37.0127074035382], [126.45461449352338, 37.01290754301223]], [[126.79180659913813, 37.01539881297658], [126.84800896986985, 37.01572089145365]], [[127.14027343840694, 37.01696666665011], [127.15151470116008, 37.01700020785392]], [[127.44379223292496, 37.0174985411196], [127.45503378279523, 37.01750333284755]], [[128.24191438148267, 37.01519279201865], [128.25315463117747, 37.01512198945395]], [[128.69148767075507, 37.01153056119139], [128.70272587719214, 37.011417192077516]], [[129.0847834486486, 37.006929795954626], [129.09601909325158, 37.00677920513634]], [[126.85909811674564, 37.033809766867016], [126.87034138583199, 37.03386996359397]], [[127.11770063558983, 37.03492476830651], [127.15143233669401, 37.035028653680165]], [[128.74797286790692, 37.0289775890714], [128.75921340616824, 37.02885882378964]], [[129.10763433857989, 37.024649248982925], [129.11887246635473, 37.024496432714095]], [[129.14134846614635, 37.0241876090732], [129.17506181759921, 37.02371639623509]], [[126.32128001051326, 36.912504572036525], [126.33250378658003, 36.91261541600423]], [[126.92743678373265, 36.91697277445454], [126.96111557645472, 36.91713032598824]], [[127.08460653463814, 36.917626329899996], [127.09583312761377, 36.917665055872035]], [[127.24178054783481, 36.9180719484912], [127.27546109319866, 36.91814038368022]], [[127.78067308246044, 36.91802102013489], [127.79189987586065, 36.9179939644999]], [[128.06133698121616, 36.91702635244216], [128.07256321626735, 36.91697277445454]], [[128.64504847859192, 36.91283392366839], [128.66749621341998, 36.91261541600423]], [[127.02707874641426, 37.14276870912826], [127.03833843901448, 37.14281309898928]], [[127.09463725580224, 37.14301900508739], [127.12841680750185, 37.14312971393991]], [[127.26353661977575, 37.14347628484485], [127.27479669947097, 37.143498213149364]], [[127.42117860130703, 37.143685941838264], [127.45495918766456, 37.14370359163698]], [[127.64638244296395, 37.143621760886674], [127.66890273555394, 37.1435918098482]], [[127.69142299246532, 37.14355758014625], [127.70268310605498, 37.14353886080341]], [[127.78150356818539, 37.143377875196485], [127.8152835551468, 37.14329283682411]], [[127.97292125358575, 37.14276870912826], [127.98418092121308, 37.142723249736726]], [[128.2769215667278, 37.14116592844755], [128.31069774732887, 37.14093972075879]], [[129.0874111266919, 37.133081835443186], [129.09866538149535, 37.132930557970454]], [[129.30122697050973, 37.130024975296074], [129.32373197670984, 37.12968078115545]], [[127.06199871208533, 36.94458850711957], [127.0956903242687, 36.944707984370446]], [[127.33153605916283, 36.94527670615254], [127.34276694872337, 36.945292105946656]], [[127.35399784652424, 36.945306443696985], [127.36522875197694, 36.94531971940115]], [[127.44384525495396, 36.945382911877296], [127.46630714826352, 36.94539140836033]], [[127.75831069003841, 36.94511527456231], [127.76954147894966, 36.94509031650849]], [[127.79200301380544, 36.94503721437294], [127.80323375857287, 36.9450090702999]], [[127.81446448744862, 36.944979864229474], [127.82569519984416, 36.94494959616642]], [[128.2524442450351, 36.94301253816303], [128.26367385572485, 36.942940857977085]], [[128.65668082188532, 36.93976330201227], [128.6679086216069, 36.93965341087416]], [[129.1057392883721, 36.93454017852322], [129.12818899271608, 36.934234478194256]], [[127.01587651937226, 37.133709353237165], [127.0383932082625, 37.133799173307494]], [[127.04965158955535, 37.13384247956064], [127.06090999462108, 37.1338847166162]], [[127.2748234173596, 37.13448406494637], [127.28608217308734, 37.13450491682553]], [[127.45496453131318, 37.13468937672745], [127.46622339640457, 37.13469311941017]], [[127.66888269701633, 37.13457763124522], [127.69140028217289, 37.13454341266101]], [[127.70265905989206, 37.13452469939816], [127.71391782691268, 37.13450491682553]], [[128.40065878597403, 37.131276349058915], [128.41191572920326, 37.13119028261733]], [[129.26725919025552, 37.121523322737765], [129.30101341333335, 37.12101520239498]], [[126.91510732954853, 37.06114175723811], [126.94884967226763, 37.0613033300512]], [[127.10631713246063, 37.061930437229584], [127.12881285339672, 37.06200296113092]], [[127.50000000000001, 37.06258369534377], [127.51124820272915, 37.06258316206291]], [[128.21985911059838, 37.06039949935804], [128.23110608176293, 37.060330713960745]], [[128.63596681783167, 37.05714445669618], [128.6472119711769, 37.057036231206766]], [[128.6584570641557, 37.05692694006665], [128.69219197498236, 37.056592672922484]], [[128.8383698596771, 37.055033368507424], [128.84961383599935, 37.05490596419351]], [[129.17565586495934, 37.05074792356792], [129.18689745429512, 37.05058857010677]], [[126.33277841985534, 36.89459001536479], [126.34399961824275, 36.89469972778624]], [[126.9051243999306, 36.898834270786175], [126.91634793351326, 36.89888993410041]], [[127.08470427238001, 36.89959766729054], [127.09592822403324, 36.899636368051375]], [[127.27551392616711, 36.900111386411716], [127.29796239966049, 36.90015167868216]], [[127.54489736509987, 36.90031496926557], [127.55612170197051, 36.900310197768015]], [[127.78060704175977, 36.89999210057478], [127.80305533027675, 36.89993696425773]], [[127.85917576383243, 36.89978056882551], [127.88162380982962, 36.89971058890435]], [[127.89284780317425, 36.89967400859136], [127.90407177596677, 36.899636368051375]], [[128.43156449909495, 36.89667147696371], [128.44278679509736, 36.89658295597486]], [[129.14966760895746, 36.888870457628386], [129.1608855674596, 36.8887141512921]], [[126.82608470129229, 36.95249845577893], [126.83731593393298, 36.952561662857576]], [[127.1742664200872, 36.95396395678424], [127.2079625762828, 36.954051603513285]], [[127.34274842000379, 36.954306578062734], [127.3539806412687, 36.95432092048049]], [[127.36521287018894, 36.95433420050635], [127.37644510617565, 36.954346418138165]], [[127.7246447138477, 36.954198213470605], [127.75834112972947, 36.954129689113806]], [[128.039138343854, 36.95318683973771], [128.05036992623138, 36.953135316328954]], [[128.06160147975757, 36.95308273072268], [128.0840644979018, 36.95297437295221]], [[128.46591322684424, 36.95048231091505], [128.47714329915777, 36.95039043152864]], [[128.6680462133221, 36.94866604753449], [128.67927527386513, 36.948555059163155]], [[129.08347573227422, 36.94385270831184], [129.10592841440592, 36.943551151003355]], [[127.0046769630498, 37.124648944227786], [127.01593393440207, 37.12469544292158]], [[127.03844795314343, 37.12478523381649], [127.04970499934471, 37.12482852600284]], [[127.06096206930776, 37.124870749338896], [127.09473341582832, 37.12499100617677]], [[127.10599057489908, 37.125028954044], [127.11724775476185, 37.125065833027975]], [[127.2298205662711, 37.1253758330418], [127.25233531867646, 37.12542500591064]], [[127.28610754382287, 37.12549074809204], [127.29736497557231, 37.125510524238756]], [[127.40993978319078, 37.12564949232184], [127.42119729989525, 37.12565750974146]], [[127.4662274023589, 37.125678889543245], [127.50000000000001, 37.12568370000187]], [[127.71389245617715, 37.12549074809204], [127.72514987663901, 37.12546990298614]], [[128.41180759290708, 37.122177190520205], [128.4230631536096, 37.12209008361861]], [[128.47934021478466, 37.12163852340279], [128.5018506817538, 37.12145042093079]], [[128.87323932523464, 37.11772989183459], [128.88449240290282, 37.11759899428924]], [[126.91627927135694, 36.90790404179412], [126.92750415565985, 36.90795866279273]], [[127.08465541437728, 36.90861200547807], [127.09588068639803, 36.90865071884304]], [[127.52245132599572, 36.90933590513815], [127.5449026472913, 36.909329541067564]], [[127.78064005476641, 36.909006567222754], [127.80309098419671, 36.90895141294864]], [[127.83676725790653, 36.90886072693451], [127.85921801990249, 36.9087949665809]], [[128.06127093007822, 36.90801222333857], [128.07249584434015, 36.90795866279273]], [[126.99354010791549, 37.10657357574653], [127.00479438482257, 37.10662111236013]], [[127.29741301442532, 37.10748213266228], [127.31992257186077, 37.10751845445393]], [[127.33117736512014, 37.107535012940225], [127.39870629086708, 37.10761192996422]], [[127.50000000000001, 37.10765519592359], [127.51125486448426, 37.10765466177535]], [[127.7025869855747, 37.10748213266228], [127.7250965002757, 37.107441537798756]], [[127.9839513121572, 37.106667580847265], [128.01771414228506, 37.106524971014274]], [[128.25404617656622, 37.10525755193329], [128.26529968912533, 37.10518545092306]], [[128.2765531613337, 37.10511228202234], [128.2878065925982, 37.105038045243184]], [[128.29905998232582, 37.10496274059778], [128.31031332992347, 37.10488636809849]], [[128.42284435828873, 37.10406391399132], [128.43409720331897, 37.10397579596654]], [[128.51286570645695, 37.103329075259744], [128.53537052140277, 37.10313468941459]], [[129.0754096817421, 37.09718870086707], [129.12040521530957, 37.09658224363382]], [[129.24413577550575, 37.09482650686367], [129.25538346880938, 37.09466049676432]], [[126.82600526645369, 36.96151232563279], [126.83723782268895, 36.96157555328465]], [[127.0955950161137, 36.9627365345331], [127.10682824389204, 36.96277426094482]], [[127.12929476071625, 36.96284652582518], [127.1405280485841, 36.96288106428198]], [[127.16299468028598, 36.96294695320047], [127.17422802294188, 36.962978303651404]], [[127.37643054138086, 36.963360889497565], [127.39889768032636, 36.96338214448753]], [[127.44383201713212, 36.96341190151251], [127.4550656101708, 36.963416683895765]], [[127.70220420985964, 36.96325302078171], [127.72467119503885, 36.96321263658883]], [[128.0504348006889, 36.96214939347553], [128.06166767795844, 36.962096790752966]], [[128.47725846396776, 36.95940361526289], [128.48848980810328, 36.959310643879256]], [[128.67941424937533, 36.957567645551045], [128.69064457068285, 36.95745555926567]], [[129.0724345126099, 36.95301300058657], [129.0836622997672, 36.95286376438669]], [[126.88129205744598, 37.06998439060619], [126.91503811538729, 37.07015561599459]], [[126.9487844505499, 37.07031724134008], [126.99377996769736, 37.0705178079897]], [[127.56749718263288, 37.07157881858334], [127.6012457339596, 37.07155481317988]], [[127.67999213945706, 37.07146145911425], [127.69124159278034, 37.07144385525486]], [[128.23119259492867, 37.06934430902492], [128.2424408581865, 37.06927443472556]], [[128.6473477013894, 37.06604875520193], [128.65859412408824, 37.06593942853178]], [[128.7598091130501, 37.06490752165369], [128.7710548992798, 37.06478753602943]], [[128.82728281512163, 37.064171621459224], [128.8385281910907, 37.064045241396954]], [[128.88350898459987, 37.06352906467737], [128.9059989468602, 37.06326458273248]], [[129.05217627614945, 37.06144156798106], [129.06342013093393, 37.06129387873215]], [[129.16461105134783, 37.059916743720116], [129.1758540569419, 37.05975840342678]], [[126.87019247711322, 37.051897600599226], [126.88143843783408, 37.05195677054446]], [[127.11761022055815, 37.05295309148566], [127.12885676067333, 37.05298880859205]], [[127.46625938590044, 37.05356455606159], [127.50000000000001, 37.05356935402868]], [[127.51124687215572, 37.05356882092117], [127.54498748270393, 37.053560824310225]], [[128.60210064845626, 37.048450062312334], [128.62458859320665, 37.04823900836572]], [[128.69205098879166, 37.04758027894047], [128.70329450537963, 37.04746676228552]], [[128.7145379586751, 37.04735218041753], [128.72578134808728, 37.04723653335535]], [[128.84945424638838, 37.04589411840774], [128.894424121624, 37.04537401744188]], [[129.18669802293556, 37.041578127405266], [129.23165817763348, 37.04093027849607]], [[126.45473792513764, 37.003894630370006], [126.46597562765503, 37.00399307198344]], [[127.14031592064606, 37.00795243399823], [127.15155585591847, 37.007985964293994]], [[127.43255865169937, 37.00847828084397], [127.45503909325934, 37.008488925663684]], [[127.65736292557555, 37.00839312249578], [127.66860309173296, 37.00837768758506]], [[128.07323858634172, 37.00711313097354], [128.08447803153305, 37.00705831408991]], [[128.55649972248762, 37.003795125029036], [128.56773731463105, 37.003694555976864]], [[126.46609767852247, 36.994980113254876], [126.47733410946249, 36.99507745945637]], [[127.14035838398966, 36.99893818758091], [127.15159699237176, 36.99897170697117]], [[127.38761108603752, 36.99942981109249], [127.43256661384696, 36.99946386339746]], [[127.65734434733345, 36.999378732746784], [127.66858318649342, 36.99936330285622]], [[128.07317091405986, 36.99809915753072], [128.0844090325882, 36.99804435847549]], [[128.53390232147754, 36.994980113254876], [128.55637501993633, 36.994782230674566]], [[127.10603728827797, 37.11601492157207], [127.1172931335809, 37.11605178857578]], [[127.2073405729222, 37.11630825661797], [127.22985259902012, 37.11636168788473]], [[127.31990122595982, 37.11653266892234], [127.33115735331656, 37.11654923279002]], [[127.40995046096255, 37.11663525826465], [127.42120664295037, 37.11664327307975]], [[128.01777550781043, 37.11553886261218], [128.05154209369596, 37.115386590314394]], [[128.26539039552796, 37.11419890720584], [128.2766452012188, 37.11412571452725]], [[128.29915468911844, 37.113976124505974], [128.31040937014055, 37.113899727187885]], [[128.43420790983234, 37.11298885915062], [128.47922412409997, 37.112625592273176]], [[128.50173192376084, 37.11243755090125], [128.51298574464727, 37.11234192828562]], [[128.87307657250062, 37.10871823025816], [128.88432831751751, 37.108587375227096]], [[129.08684667452053, 37.10604949544917], [129.09809693167026, 37.10589836530527]], [[129.2555914184777, 37.10367053319292], [129.26684035006326, 37.10350340265197]], [[127.10622393406693, 37.07995865381385], [127.12872498021352, 37.080031224881196]], [[127.6800134473982, 37.080475728566675], [127.69126423244204, 37.08045811898406]], [[128.07378104980887, 37.07922442056948], [128.08503112957635, 37.079169460909156]], [[128.24252874101913, 37.07828799317069], [128.265027811947, 37.07814499853178]], [[128.60249188164707, 37.07548805026671], [128.6137398727972, 37.07538295353804]], [[128.62498780529995, 37.07527679041308], [128.64748349199644, 37.07506126504421]], [[128.8049462664983, 37.07343316528226], [128.82743988715598, 37.07318352112399]], [[128.87242628509605, 37.072671440553755], [128.88367270542855, 37.072540755480716]], [[128.90616532697166, 37.07227618756765], [128.91741152699987, 37.07214230477107]], [[129.04111467253642, 37.07059925193822], [129.05235993814816, 37.070452580273084]], [[129.15356358083918, 37.069084586832595], [129.1648080027731, 37.068927260412835]], [[129.22102878638427, 37.06812464879205], [129.23227267376126, 37.06796093074792]], [[126.98344663015341, 36.93525840568257], [127.01713376770448, 36.93540013698876]], [[127.03959198686401, 36.935489316767416], [127.06205030250105, 36.935574250270406]], [[127.07327949502822, 36.935615124651015], [127.08450870991024, 36.93565493744205]], [[127.3203263446496, 36.936245768847144], [127.33155590251364, 36.93626222532488]], [[127.46631111696314, 36.93637689020177], [127.51122962846341, 36.93638113706206]], [[127.76950972997112, 36.93607589634285], [127.79196861919681, 36.93602281148977]], [[127.8031980411597, 36.935994676576414], [127.81442744723826, 36.93596548001129]], [[127.82565683684423, 36.93593522179917], [127.83688620938936, 36.93590390194502]], [[128.0390113272269, 36.93515861047659], [128.0614691716617, 36.93505456921175]], [[128.2411272965611, 36.93406938974103], [128.25235562438004, 36.93399879420737]], [[128.44323068811443, 36.93263629756646], [128.4656856951833, 36.932455841599115]], [[128.65654461278967, 36.93075061544291], [128.66777109107036, 36.9306407600647]], [[129.12799731060528, 36.9252235906442], [129.13922071517857, 36.92506920036843]], [[127.12916356524256, 36.98988935521107], [127.14040082844652, 36.98992392739938]], [[127.44381213830286, 36.99045528306864], [127.45504970710248, 36.990460070122616]], [[127.67980079401076, 36.99033241575302], [127.69103828847469, 36.9903148633427]], [[128.08434006433154, 36.98903038902929], [128.09557682611302, 36.98897454424389]], [[128.51131005992522, 36.986160706476134], [128.53378032488737, 36.98596714046293]], [[126.47769596239777, 36.96803840393538], [126.48892847284696, 36.96813459279956]], [[127.10678188250235, 36.97178852765029], [127.12925104834453, 36.971860816050665]], [[127.14048566073498, 36.97189536574867], [127.16295494150806, 36.97196127611208]], [[127.44382539380328, 36.972426375752], [127.45506031150609, 36.97243115969181]], [[127.69099322018242, 36.972286047374595], [127.70222805359846, 36.97226744330967]], [[128.48860634776958, 36.96832378333502], [128.51107152715306, 36.96813459279956]], [[129.07261984110968, 36.96202409070544], [129.09507797635214, 36.96172445982035]], [[127.10641024795663, 37.04390216552165], [127.11765543813081, 37.04393893678392]], [[127.45501783721947, 37.04454647203788], [127.46626337584395, 37.04455020257606]], [[127.50000000000001, 37.044554998983344], [127.5112455421742, 37.04455446604915]], [[127.54498216278054, 37.04454647203788], [127.56747323233851, 37.04453581336129]], [[127.66868280130892, 37.04443508915563], [127.69117373420464, 37.04440098160619]], [[128.56824198902518, 37.039745861684004], [128.601970353378, 37.03943737142347]], [[128.6244556408587, 37.039226386080564], [128.63569819620074, 37.039119295910034]], [[128.70315225346744, 37.038454391018085], [128.71439437836906, 37.03833984639438]], [[128.72563643941706, 37.038224236922595], [128.74812036759042, 37.037989823510856]], [[129.11906376186212, 37.0335072100675], [129.141542414663, 37.03319828601623]], [[129.17525974532887, 37.032726919970344], [129.18649868025003, 37.03256767006624]], [[127.11742914894381, 37.08900957251128], [127.19619259652609, 37.089237499727034]], [[127.39873028912757, 37.089583399048685], [127.42123464718308, 37.089600480655754]], [[127.60126971087244, 37.089583399048685], [127.62377404758034, 37.08956204706091]], [[127.69128688217975, 37.08947236896772], [127.70253898945614, 37.08945368608359]], [[128.06259755161304, 37.08829217965864], [128.07384899360397, 37.08823826950669]], [[128.53512527679086, 37.085109067457616], [128.557624545225, 37.08491054046214]], [[128.5688740961668, 37.08480967671508], [128.60262240878592, 37.08450068467604]], [[128.61387173094988, 37.08439555378679], [128.62512099443924, 37.084289356154734]], [[128.79385250329614, 37.082568394815695], [128.80510074749, 37.08244513179019]], [[128.87258874848476, 37.08168315948659], [128.88383649910077, 37.0815524319389]], [[128.95132145166963, 37.080745675623845], [129.04129708649765, 37.079610297395]], [[129.06379019546745, 37.07931579279599], [129.07503662674026, 37.07916694162151]], [[129.13126752734095, 37.0784066979822], [129.1537592905263, 37.07809514003541]], [[129.22123247158308, 37.07713489003279], [129.23247768806635, 37.07697111878411]], [[127.09071978083216, 37.864093612936166], [127.12482576281907, 37.864207226030004]], [[127.29535808996758, 37.86462710617794], [127.31809596800713, 37.864664429289746]], [[127.87517423718094, 37.864207226030004], [127.8979115799092, 37.86413258160487]], [[127.94338600111422, 37.86397012118413], [127.9547545477621, 37.863926762041]], [[128.26169395016754, 37.8623412000288], [128.28442915191417, 37.86219192556476]], [[128.29579668920667, 37.862115642358795], [128.30716418328936, 37.862038261853776]], [[128.38673538017323, 37.86146587505156], [128.39810250636918, 37.86137971663379]], [[128.43220358992014, 37.86111465838052], [128.44357051736887, 37.86102411134521]], [[128.57996947454592, 37.8598519762859], [128.59133568792254, 37.85974716797184]], [[127.04513463422879, 37.881952383177804], [127.0565059510255, 37.88199577030125]], [[127.31805163869988, 37.88269052645896], [127.32942336338328, 37.88270755241063]], [[127.96623665784853, 37.8819078977451], [127.97760792458853, 37.881862314010554]], [[128.4210609790257, 37.879227972515416], [128.43243072574435, 37.879138464893224]], [[128.45517006658415, 37.87895615614393], [128.46653965947067, 37.878863355047216]], [[128.51201749972432, 37.8784811728765], [128.5233868238784, 37.8783828829675]], [[128.5574944602831, 37.87808142702279], [128.56886355834158, 37.877978746357826]], [[127.05655998700068, 37.872982952692006], [127.0906699233114, 37.87310648428492]], [[127.12478005975774, 37.87322013403269], [127.14752025367345, 37.8732904105324]], [[127.28396285274992, 37.87361983495755], [127.29533316035173, 37.873640149643606]], [[127.31807380829541, 37.87367748479678], [127.32944414740187, 37.873694505257674]], [[127.56822245779315, 37.87379827548167], [127.6023336449918, 37.87377356823604]], [[127.95480994441283, 37.87293957956039], [127.96617985111865, 37.87289510847371]], [[128.2845247004738, 37.8712041834064], [128.29589362205238, 37.871127875591206]], [[128.39821189683101, 37.870391712456644], [128.409580358333, 37.87030442871416]], [[128.44368544395937, 37.870035992451506], [128.4550537041515, 37.86994431873531]], [[128.56873335142177, 37.86896722412278], [128.5801010071116, 37.868863479274836]], [[128.59146860414543, 37.86875863715137], [128.62557103714326, 37.868437527303655]], [[126.85095552736783, 37.98018347216669], [126.86234161732452, 37.98024574986657]], [[126.91927257647471, 37.980540607123956], [126.94204518624764, 37.980650835264235]], [[127.04452336521506, 37.98109230511976], [127.06729658315643, 37.98117828541346]], [[127.0900698955254, 37.98125985680666], [127.10145658556738, 37.981298989148414]], [[127.11284329735281, 37.98133701924482], [127.13561678366943, 37.98140977267638]], [[127.38612928813579, 37.98191905418645], [127.39751634161563, 37.981929526562816]], [[127.97824975332979, 37.98100191598301], [127.98963627377573, 37.980955068117254]], [[128.49060791654784, 37.97780273714968], [128.50199262022508, 37.97770630137373]], [[126.94265810023312, 37.89953775777316], [126.95403194470013, 37.899591063768376]], [[127.01090160002214, 37.89984110927327], [127.04502371734195, 37.89997794870219]], [[127.14739133862362, 37.90032911928327], [127.1587656228952, 37.900362642935754]], [[127.96635034733222, 37.89993343456712], [127.97772438664495, 37.8998878214216]], [[128.08008949715642, 37.899427848958524], [128.1369579277641, 37.89913384588387]], [[128.14833151244764, 37.89907174859766], [128.15970506187583, 37.89900855244478]], [[128.6373541156439, 37.895362201909634], [128.6600969506878, 37.895140233639054]], [[128.6828395334802, 37.89491387252497], [128.71695292389086, 37.89456609460335]], [[126.80549645466488, 37.970911066894274], [126.81688100738378, 37.970977731280286]], [[126.86241958457038, 37.97123337199965], [126.8965738847089, 37.971413534576904]], [[126.98765342080738, 37.971845490679144], [127.01042359665998, 37.97194246171249]], [[127.06734949267253, 37.972165607088584], [127.09012002059286, 37.972247152199564]], [[128.4904868078776, 37.96879114637262], [128.5018701202603, 37.96869474166528]], [[126.9538987289848, 37.91761632409225], [126.96527537803155, 37.91766856481273]], [[127.113174238381, 37.91824762120231], [127.13592825903339, 37.91832021066406]], [[127.35209470815383, 37.9187903988598], [127.3634720073351, 37.91880414722093]], [[128.04610127101523, 37.91761632409225], [128.0574778903434, 37.91756298370958]], [[128.7513708992893, 37.912230221908715], [128.80823804859085, 37.9116117608283]], [[126.97639638248434, 37.953770192642914], [126.98777864642989, 37.95382029858116]], [[127.0333079751571, 37.95400971118675], [127.04469037247415, 37.95405431151178]], [[127.09022020367658, 37.954221701282904], [127.10160271885951, 37.954260795808516]], [[127.37478817027035, 37.95486869809185], [127.38617104216829, 37.95488026163156]], [[127.59106319604442, 37.95490008485823], [127.60244607972984, 37.954890723887615]], [[127.97807439672607, 37.95396400972346], [127.98945674255513, 37.953917207129514]], [[127.13597267618316, 37.909307360550144], [127.14734832859955, 37.90934199444545]], [[127.97778265663678, 37.90890055425921], [127.98915805717121, 37.90885382704566]], [[128.05740987989356, 37.90855037771165], [128.08016025148203, 37.90844043345052]], [[128.71710132283457, 37.90357711124423], [128.75121827510185, 37.903219334954244]], [[126.97652427634655, 37.93574497711619], [127.02204237738522, 37.93593866928697]], [[127.10170003247495, 37.93623526410028], [127.1130797892121, 37.93627323295973]], [[127.37481875574433, 37.936842774599995], [127.38619884716529, 37.93685433068713]], [[127.98933718846746, 37.935891896856056], [128.0120962396064, 37.93579505076259]], [[127.14743432947122, 37.89131623024297], [127.15880722703093, 37.89134974308615]], [[127.3180294592158, 37.89170355427522], [127.32940257009419, 37.891720585718986]], [[127.60235859150329, 37.89179969971475], [127.61373174875641, 37.891789261044394]], [[127.9662934899157, 37.89092067310994], [127.977666142633, 37.89087507467168]], [[128.1368802728459, 37.89012134223902], [128.14825247115004, 37.89005926497468]], [[128.15962463421556, 37.889996089197936], [128.1709967614245, 37.88993181491932]], [[128.40980205562104, 37.888328321743934], [128.42117323766104, 37.888239883460784]], [[128.46665745897974, 37.88787514838874], [128.51214083970788, 37.88749284295006]], [[128.523511548916, 37.88739452133912], [128.55762334032303, 37.88709296816481]], [[128.62584535459064, 37.88646021580871], [128.63721547976914, 37.88635091428581]], [[128.6599555441136, 37.88612901757651], [128.68269535632638, 37.88590272943948]], [[126.965079498511, 37.9447064013122], [126.9764603436761, 37.94475759184601]], [[127.02198400335044, 37.944951346464144], [127.03336498492304, 37.94499703319896]], [[127.60243356468234, 37.94587776196698], [127.61381505223275, 37.94586730308276]], [[127.98939695218047, 37.944904558953546], [128.00077788104977, 37.94485667067496]], [[128.01215878263756, 37.94480768163639], [128.034920501489, 37.9447064013122]], [[126.82320266392857, 37.27698902787737], [126.83448191888343, 37.27705297861943]], [[126.85704053416677, 37.2771776562978], [126.87959928595836, 37.27729803550025]], [[128.10912128845152, 37.27735661314808], [128.1316801067017, 37.277238383213536]], [[128.1542387908377, 37.27711585476303], [128.17679733607144, 37.27698902787737]], [[128.210634883007, 37.276790728166716], [128.22191399068106, 37.27672247913801]], [[128.57154435606145, 37.274073848503356], [128.594099468224, 37.27386751863722]], [[128.8760172296261, 37.27092594291463], [128.8872930532632, 37.27079432110412]], [[126.62122947069554, 37.18552403132441], [126.63249457414885, 37.18560705300812]], [[127.06059705937113, 37.18796823038015], [127.07186351078471, 37.188009478530205]], [[127.56760133749881, 37.18876374578484], [127.6014019660157, 37.18873963878114]], [[128.0295336651164, 37.18759967934934], [128.05206607805115, 37.18749682914068]], [[128.29991386249438, 37.18608269371822], [128.3111792322951, 37.18600609764081]], [[128.6378538765491, 37.18331899751263], [128.69417238168495, 37.182764698581295]], [[129.02078623726985, 37.17902211997287], [129.04330900469182, 37.17873084047629]], [[126.64365794296695, 37.19470213433364], [126.65492447627726, 37.194783040463186]], [[127.00420622948371, 37.196759718867], [127.0605448222069, 37.196982101012765]], [[127.15068774879018, 37.197282186959406], [127.16195570405502, 37.197314875171436]], [[127.35351319397446, 37.19770660210097], [127.36478138000692, 37.197719999193765]], [[127.52253646449356, 37.197795023083344], [127.53380469524954, 37.19779234365374]], [[127.72536385780293, 37.19758281339836], [127.73663196512284, 37.19756084232536]], [[128.05213170736184, 37.196510546700594], [128.09720153453358, 37.19629192083817]], [[128.31127565791587, 37.195019331145026], [128.3225423235684, 37.194941638881936]], [[128.69431431190895, 37.191776879635384], [128.71684395192972, 37.19154759247997]], [[128.7956956333966, 37.190711360043935], [128.81822407743329, 37.19046280074182]], [[129.00970411221363, 37.18817716775367], [129.02096695377, 37.18803308595973]], [[126.99311932461627, 37.16967063722462], [127.02691028176278, 37.16981036003358]], [[127.12828443933044, 37.17017171676477], [127.15081226132924, 37.17024024146258]], [[127.5225284311606, 37.170752578273074], [127.53379264525219, 37.17074990145228]], [[127.56758527442635, 37.17073544662633], [127.57884947779927, 37.17072848689912]], [[127.70275530878482, 37.17058126248228], [127.71401942283623, 37.17056145419096]], [[127.90550714480618, 37.1700608999892], [127.91677096410717, 37.170021819827134]], [[128.2659354823623, 37.168279352411396], [128.29972381570263, 37.16805613510899]], [[128.8402744932686, 37.16317489874712], [128.85153445907378, 37.16304699679857]], [[128.88531392570601, 37.16265687427612], [128.89657360234227, 37.162524694614326]], [[129.07671799098677, 37.16026440042721], [129.08797633264905, 37.16011404450042]], [[127.09458914368531, 37.15203298385111], [127.10585030997157, 37.152070968718]], [[127.25224714989372, 37.15246740674269], [127.26350855354507, 37.1524904121655]], [[127.40990772135005, 37.152692112034146], [127.42116924577006, 37.152700137271]], [[127.62387682097389, 37.15266161616423], [127.64639981746055, 37.15263593546864]], [[127.69144571286667, 37.152571733877565], [127.70270716292141, 37.1525530084533]], [[127.77027561754987, 37.15241818592915], [127.78153698015235, 37.152391970546525]], [[127.81532097634421, 37.15230690454761], [127.84910482262073, 37.15221220887186]], [[127.89414969002844, 37.152070968718], [127.9054108563147, 37.15203298385111]], [[128.26575362502186, 37.15025259306413], [128.277013770579, 37.150179305218494]], [[128.31079395863702, 37.14995302404563], [128.33331387088688, 37.14979682202491]], [[128.35583360709123, 37.1496363417993], [128.37835316249502, 37.14947158347442]], [[128.38961287091087, 37.1493876000585], [128.40087253234353, 37.149302547158634]], [[128.88498509727336, 37.144633765352275], [128.90749903569235, 37.144368508972036]], [[129.08759944487167, 37.14209258634632], [129.09885503341133, 37.14194125974105]], [[129.32394829473782, 37.13869042749674], [129.33520198669638, 37.13851667293453]], [[127.07201606859715, 37.160967743613384], [127.09454101015251, 37.16104694881878]], [[127.61262868359536, 37.16168702430288], [127.62389152903957, 37.1616757853382]], [[127.75904499346409, 37.16145742959471], [127.7703077073703, 37.161432276026304]], [[127.84914627142054, 37.16122623205903], [127.8941964866335, 37.16108494602467]], [[127.91672147163567, 37.1610078813462], [127.97303353836111, 37.160796490214324]], [[128.33341279774518, 37.15881006062012], [128.35593520659503, 37.15864952826734]], [[128.3784574345601, 37.15848471642591], [128.38971847922426, 37.15840070573071]], [[128.9076660832785, 37.153379984464664], [128.9189242762522, 37.15324570968095]], [[129.33541973440944, 37.14752624804522], [129.36918422699483, 37.14699840694702]], [[126.99305910564121, 37.17868444784753], [127.0043240700416, 37.17873210815161]], [[127.15077077562003, 37.179254237081295], [127.1620360527696, 37.17928690407347]], [[127.37607903518442, 37.17970408243645], [127.40987561667464, 37.17973460803261]], [[127.5337966601304, 37.17976406260047], [127.57885884583551, 37.17974264109217]], [[127.60138991604919, 37.179725503902446], [127.61265544341117, 37.17971532870317]], [[127.71404485008881, 37.179575554134225], [127.72531029106663, 37.17955466836504]], [[127.7478411366817, 37.17950968370734], [127.75910654012752, 37.17948558482621]], [[128.8179108560363, 37.17243927733759], [128.84043367219624, 37.1721865998818]], [[128.85169497431323, 37.172058656400736], [128.88547844968022, 37.17166840719798]], [[128.9080004014952, 37.17140289231092], [128.91926126609104, 37.171268530307074]], [[129.04312569593324, 37.1697199545398], [129.07690522510742, 37.16927515649494]], [[127.19615660794899, 37.0982516596195], [127.207409930663, 37.09827995973314]], [[127.62378870990077, 37.09857631244791], [127.63504220169241, 37.098564031074744]], [[128.05141138881217, 37.097358892223696], [128.06266419305447, 37.097306032278624]], [[128.25395684342251, 37.09624405830041], [128.26520902307348, 37.09617198071559]], [[128.28771326078663, 37.09602462292727], [128.29896531766317, 37.09594934274799]], [[128.5577498037554, 37.09392329395591], [128.56900068640954, 37.09382239742684]], [[128.77150636738585, 37.09182379288686], [128.79400572191952, 37.09158038710415]], [[128.91774717028883, 37.09016538430717], [128.9514933027484, 37.089757075554466]], [[129.12021332330116, 37.08757156826901], [129.13146066408225, 37.08741733781955]], [[129.2326827935732, 37.08598129212683], [129.2439292485092, 37.08581640179157]], [[127.34222625468347, 37.20670622061572], [127.35349577301979, 37.20672069416362]], [[127.36476529911175, 37.20673409560642], [127.37603483236279, 37.20674642494192]], [[128.09727255193684, 37.205305553566184], [128.1085412709033, 37.205248199651344]], [[128.32264013146175, 37.20395483320107], [128.33390809292578, 37.20387604406369]], [[128.6155912362784, 37.201558070547456], [128.63812441723098, 37.20134370539426]], [[128.71698862230232, 37.20055968489015], [128.7395206817385, 37.200326038935145]], [[128.7620524788485, 37.20008810877154], [128.7958496722329, 37.19972318097843]], [[128.90850243695098, 37.19843714620967], [128.91976731343726, 37.198302653299116]], [[128.9986193125818, 37.19733122405008], [129.00988357156905, 37.19718816602068]], [[127.08298124286168, 37.21509130518615], [127.150604648021, 37.21531008168372]], [[127.33093663468802, 37.215704743524135], [127.34220748532066, 37.21572029422191]], [[127.73668826020553, 37.215588918026775], [127.74795903563354, 37.21556586025513]], [[128.10861366020055, 37.21426179989413], [128.1198836872204, 37.21420335514848]], [[128.15369356895846, 37.21402158774539], [128.17623331805035, 37.213895048605124]], [[128.25512128069008, 37.21341838945873], [128.3114686379449, 37.2130457562709]], [[128.3227379828937, 37.21296801355257], [128.3340072842836, 37.212889198836756]], [[128.5931878226076, 37.21078062115837], [128.60445589971818, 37.21067608280309]], [[128.6157239183662, 37.210570472827754], [128.62699187795582, 37.210463791249765]], [[128.7396680945508, 37.20933804127482], [128.76220256958743, 37.20910003387608]], [[126.90939994357826, 37.791219363355175], [126.92075709848612, 37.7912757474397]], [[126.93211428476017, 37.79133103684413], [126.94347150178568, 37.791385231559275]], [[127.82937864686113, 37.79223922854706], [127.840736349782, 37.792206929270336]], [[126.93163065862984, 37.85442013173908], [126.94299754652373, 37.85447444901165]], [[127.54547056928548, 37.855783046643566], [127.568205841585, 37.855772072717976]], [[127.89786312880751, 37.85511968379908], [127.90923038387386, 37.855080727699466]], [[128.37526163110314, 37.85253887113592], [128.38662742194705, 37.8524538373429]], [[126.78255200320464, 37.98879887904428], [126.80532656307955, 37.988935600868665]], [[126.83948868565196, 37.989132415798416], [126.85087613276063, 37.989195815982484]], [[126.90781388723252, 37.989496280486215], [126.91920153756375, 37.98955306603336]], [[126.94197693269271, 37.989663329697], [126.96475244963491, 37.98976918339201]], [[126.99891594257463, 37.98991969508939], [127.01030382907615, 37.98996766059608]], [[127.10140783099685, 37.99031169246471], [127.11279593565425, 37.990349734817364]], [[127.13557220774467, 37.99042251169575], [127.14696037393477, 37.99045724620931]], [[127.39750380421792, 37.99094243308879], [127.4088922563268, 37.99095180613424]], [[127.7847102460494, 37.99064249797783], [127.79609851852494, 37.990614379294215]], [[127.9783082576972, 37.99001452355972], [128.00108405742537, 37.98991969508939]], [[128.4907290792466, 37.98681431375603], [128.5021151748388, 37.98671784690398]], [[126.9204049006892, 37.83633936703534], [126.93176899157328, 37.836394745727524]], [[127.27270328081094, 37.83754621907718], [127.28406804062426, 37.8375676042175]], [[127.52272975330636, 37.8377633615784], [127.53409462841813, 37.83776061986528]], [[127.82957892862034, 37.8373044041026], [127.87503725020673, 37.83716841875142]], [[127.92049524626132, 37.83701488802909], [127.94322410988514, 37.836931543279846]], [[128.23868879001125, 37.835448942859784], [128.26141585846153, 37.835304197897194]], [[128.31823279605467, 37.83492315089218], [128.3295960528963, 37.83484365280406]], [[128.3523224309742, 37.834681368045594], [128.3636855509785, 37.834598581402275]], [[126.8963524120734, 37.99845080047206], [126.9077414233488, 37.99850870713754]], [[127.40888110699393, 37.99996470182942], [127.42027095773686, 37.9999729748325]], [[127.48861013184454, 37.9999994484656], [127.5455594664031, 37.999991175451456]], [[127.79613475307085, 37.999627166251784], [127.83030365172132, 37.99953616499772]], [[127.9897560947972, 37.998980239147855], [128.02392385176947, 37.998832987594675]], [[128.5022377841275, 37.99572937825476], [128.51362521755436, 37.995631777964086]], [[126.9646214257073, 38.007794198634464], [126.9987932806896, 38.00794480734748]], [[127.4658262151475, 38.00900792780916], [127.48860873755295, 38.00901234150557]], [[127.83034408497363, 38.00854890875431], [127.84173507678162, 38.008516358528304]], [[127.97842534475578, 38.00803969694179], [127.98981604540843, 38.00799280377148]], [[126.81696450509415, 37.961965421804905], [126.83973093908398, 37.96209540365554]], [[127.37477286729849, 37.963881639065136], [127.38615713036532, 37.963893206332486]], [[127.54553718261266, 37.96393947546954], [127.59107432550097, 37.963913035949396]], [[127.97813282285667, 37.96297665906378], [127.98951655960407, 37.96292984138286]], [[128.46760174848208, 37.95996898584769], [128.49036575321006, 37.959779541426066]], [[126.90896892466911, 37.845295555775024], [126.92033436686728, 37.84535204913915]], [[127.53409877784584, 37.846773760607675], [127.54546503424906, 37.846769920971255]], [[127.81825302891626, 37.84634866253822], [127.82961903857779, 37.84631739762218]], [[127.90918057079605, 37.84606782857592], [127.92054642008148, 37.84602778812149]], [[128.17058823816754, 37.84486939259626], [128.18195340652414, 37.844804125173916]], [[128.30696768052616, 37.84401380317531], [128.31833236414306, 37.84393537600011]], [[128.3637906484328, 37.843610701777976], [128.3751551038793, 37.843526791909746]], [[128.57970658527117, 37.84182892766066], [128.5910700331825, 37.841724186941036]], [[127.38763760876657, 36.98140095717764], [127.3988738310836, 36.981411059873594]], [[127.65730721563538, 36.98134991205732], [127.67977958066106, 36.981318008925136]], [[128.08427112674875, 36.98001640575258], [128.09550656306118, 36.979960579133255]], [[128.25279912210635, 36.97906737501594], [128.26403402779792, 36.97899560146559]], [[127.11364522270253, 37.82811872927399], [127.12500837141364, 37.82815545523872]], [[127.81817559231291, 37.828322641464155], [127.82953883654271, 37.82829139671771]], [[128.18178748742528, 37.826779100490924], [128.19314985417887, 37.82671277916934]], [[128.227236726464, 37.82650723929894], [128.23859893918095, 37.82643653407831]], [[128.32949514743055, 37.825831439293054], [128.3522187620572, 37.82566920688814]], [[127.11373916782095, 37.810092784322], [127.12509955365573, 37.81012948659028]], [[127.27278619425682, 37.8105069213396], [127.28414680850614, 37.81052828578658]], [[128.20434088789196, 37.808620367536356], [128.21570041679598, 37.80855189844702]], [[128.5451073879518, 37.80608990786579], [128.56782352653883, 37.80588617068378]], [[127.16888424537589, 38.17978840056216], [127.18030186301476, 38.17982004037323]], [[127.27164338423643, 38.18003319409865], [127.29447890266485, 38.18007538104474]], [[128.09371466475332, 38.17875430606994], [128.10513167218488, 38.178696025374954]], [[127.1691693062422, 38.11670075041571], [127.1805770947546, 38.11673231904339]], [[127.28324790469391, 38.11696659306095], [127.31747174453416, 38.117024746614554]], [[127.37451166949518, 38.11709951571975], [127.40873571207601, 38.11713108498213]], [[127.43155176653606, 38.117146592708366], [127.45436783601404, 38.1171576696631]], [[127.87646166009215, 38.1165633997784], [127.88786935161872, 38.116526293116195]], [[128.41259002178347, 38.1136222198445], [128.42399603729217, 38.11353306642776]], [[128.43540200213423, 38.11344280592344], [128.45821377731826, 38.11325896371262]], [[127.16884344963762, 38.18880086639505], [127.1916815158419, 38.188863055896896]], [[127.50000000000001, 38.18926784768193], [127.51141927933162, 38.18926729240635]], [[128.09378781087509, 38.187766439226316], [128.10520622468383, 38.18770813978224]], [[127.16912863776841, 38.125713313570266], [127.18053782856235, 38.125744892359606]], [[127.27181193336085, 38.12595763498738], [127.28322125937676, 38.125979241788144]], [[127.45436222640477, 38.126170379896735], [127.48859055503608, 38.12617869029105]], [[128.458331549616, 38.12227041903872], [128.48114591727744, 38.12208208806456]], [[127.13517012825764, 38.07153653761305], [127.14657085856112, 38.07157137296346]], [[128.10423963276142, 38.07054956146099], [128.11563977944977, 38.07049039974606]], [[127.18069478824361, 38.089694515720595], [127.19209839115922, 38.0897249473236]], [[127.32894276334214, 38.09000381364283], [127.34034653683793, 38.09001985964167]], [[127.88772643998661, 38.08948868865031], [127.8991299073167, 38.0894505112835]], [[127.34030731360951, 38.108045285278955], [127.37452708897992, 38.108086810337774]], [[127.42015354954044, 38.10812667447607], [127.44296680859131, 38.108139962539965]], [[128.42388251981498, 38.10452150873258], [128.4352870838728, 38.10443127727273]], [[127.11241628045313, 38.062450959001154], [127.13521488352933, 38.06252392365803]], [[127.14661421532755, 38.062558747793524], [127.19221172969831, 38.06268698958202]], [[127.56839782579772, 38.063070061590594], [127.57979745396733, 38.06306287546744]], [[127.6025966965795, 38.063045186560025], [127.61399630977414, 38.06303468377871]], [[128.41191807155857, 38.05955248950303], [128.4233156915819, 38.05946350811207]], [[128.43471326108363, 38.059373421769244], [128.4575082460292, 38.05918993428855]], [[127.16904724634848, 38.14373839817854], [127.18045924358368, 38.14376999729859]], [[127.20328329006361, 38.14382986945354], [127.2146953380552, 38.143858142478386]], [[127.22610740171243, 38.1438853067951], [127.23751948040875, 38.143911362399145]], [[127.27175580046611, 38.14398287689245], [127.28316793305274, 38.14400449760396]], [[128.44715718434753, 38.140385851132336], [128.4699772669096, 38.140199615126306]], [[128.50420698986554, 38.139911950445125], [128.53843621673684, 38.139614313344104]], [[127.16908795114007, 38.134725862824894], [127.1804985448415, 38.13475745177836]], [[127.21473042866256, 38.134845568598585], [127.22614108875425, 38.134872724175544]], [[127.48858915200695, 38.135191389335276], [127.50000000000001, 38.135191943540015]], [[128.09334942347877, 38.13369343050481], [128.1047594084317, 38.13363524348705]], [[128.4812665460367, 38.131093468610906], [128.50408350222037, 38.130900646134734]], [[127.11255880997425, 38.035413104197765], [127.1353490295895, 38.03548599839518]], [[127.42023189149899, 38.0360244297532], [127.44302276718086, 38.03603768363274]], [[127.56837267252928, 38.03603160893685], [127.57976810850104, 38.0360244297532]], [[127.67093138692617, 38.035927234907554], [127.70511747926277, 38.03587256301647]], [[127.72790815245072, 38.035830592778204], [127.76209406721743, 38.03575935402477]], [[127.9444163574633, 38.035211542093755], [127.9672062587167, 38.03512318674958]], [[128.08115413273262, 38.034615151169035], [128.09254875566683, 38.0345582740836]], [[128.10394334620665, 38.03450029275686], [128.1153379037293, 38.0344412071985]], [[127.1918333437298, 38.15281302915821], [127.20324677960598, 38.15284242034193]], [[127.48858634406936, 38.15321674582868], [127.50000000000001, 38.153217300390196]], [[128.4358621883421, 38.14948877898603], [128.44727371118452, 38.149397293735376]], [[128.53856396874556, 38.14862550768042], [128.56138597540615, 38.148421477302946]], [[127.26025517252157, 38.17099788423522], [127.27167150711388, 38.1710206356252]], [[127.2830878542569, 38.17104227721548], [127.29450421332308, 38.17106280900243]], [[128.42467820700358, 38.16760211549542], [128.43609258968723, 38.16751168057634]], [[127.31751659099463, 38.09899937010188], [127.3289217556086, 38.0990165282296]], [[127.40875813545935, 38.09910564003489], [127.4201633575868, 38.0991139423974]], [[128.0930578167243, 38.09764447837886], [128.104462194965, 38.097586366221186]], [[127.1354383605958, 38.01746064539922], [127.14683070921974, 38.017495413500725]], [[127.45442937678138, 38.01801694234907], [127.46582203040738, 38.018020805576974]], [[127.54557062321864, 38.01801694234907], [127.56835592237856, 38.01800590455921]], [[127.77342234499076, 38.01770788655862], [127.78481481561347, 38.01768084440645]], [[127.8417769228608, 38.01752907791115], [127.85316929078027, 38.017495413500725]], [[127.92152307130819, 38.017270249735375], [127.94430748721875, 38.01718636584995]], [[127.9784839274719, 38.01705226274495], [127.98987602277035, 38.01700535446583]], [[128.00126809130538, 38.016957342577584], [128.0582280107501, 38.016700729286654]], [[128.5024831668341, 38.01375239841293], [128.51387338714378, 38.01365473522231]], [[127.16896578224086, 38.16176342717865], [127.18038058842356, 38.16179504663928]], [[127.23745487022623, 38.161936502737746], [127.26028468832155, 38.16198531919393]], [[127.4885849391603, 38.16222940327578], [127.50000000000001, 38.16222995801576]], [[128.5615165917183, 38.15743259176711], [128.61857759526578, 38.15690295018897]], [[127.32931930414459, 37.92777258048466], [127.35207665509158, 37.92780338670966]], [[127.3634553429552, 37.9278171395042], [127.37483403825293, 37.92782979208361]], [[128.03478988602393, 37.92668119091424], [128.04616792344368, 37.926628933348404]], [[128.46712918263523, 37.92392218030666], [128.47850565497225, 37.92382812991303]], [[127.27275856876304, 37.819520034430255], [127.28412056425095, 37.81954140577335]], [[127.52272422443397, 37.81973703683573], [127.53408633511096, 37.819734296891504]], [[128.19306556871715, 37.817700267253315], [128.20442651652797, 37.81763287169134]], [[128.21578742615569, 37.81756438050234], [128.22714829698472, 37.81749479369776]], [[128.56795332776227, 37.81489779235816], [128.60203124014322, 37.814583874209546]], [[127.14574339275936, 38.24280860922441], [127.16859829237703, 38.24287536930229]], [[128.12850786901222, 38.241660370982046], [128.1399346322431, 38.24159862167715]], [[128.3684616525622, 38.24013004610061], [128.37988754289302, 38.24004493879724]], [[128.39131338473348, 38.239958719351705], [128.4027391774543, 38.23987138777851]], [[127.11150914860228, 38.23368779853641], [127.14578711877996, 38.2337962483116]], [[127.15721314871523, 38.23383017374741], [127.16863919753928, 38.233862986928955]], [[127.54570528457732, 38.2343218209907], [127.56855791427283, 38.23431069761541]], [[128.1170049085487, 38.23270899657274], [128.12843029630488, 38.23264837917281]], [[128.57398719472351, 38.22941701646588], [128.58541070674215, 38.22931192675956]], [[127.08840315760531, 38.27867130319388], [127.09983614182875, 38.27871085332919]], [[127.59146700175607, 38.27935759275719], [127.61433371432493, 38.27933753850546]], [[127.72866679748412, 38.27917042052752], [127.76296650499759, 38.279098560228775]], [[127.78583290514263, 38.27904508296566], [127.80869924217284, 38.27898714942622]], [[127.85443170669376, 38.27885791367721], [127.8658647754886, 38.27882281963172]], [[128.1631156295662, 38.277519370380915], [128.17454793158583, 38.2774542001609]], [[127.09988559770298, 38.269698595356616], [127.11131719110932, 38.269737019127284]], [[127.59145569708716, 38.27034512694945], [127.60288764313596, 38.27033565992692]], [[127.61431958350698, 38.270325079142374], [127.62575151756934, 38.27031338459759]], [[127.71720668725486, 38.27017973314562], [127.72863853615125, 38.27015801486953]], [[127.85438790250613, 38.26984560844587], [127.86581955836448, 38.26981052567809]], [[128.32306251676866, 38.267494086245605], [128.35735331129123, 38.26724853721198]], [[127.15729772324994, 38.21580538835933], [127.16872095309498, 38.2158381804457]], [[127.5342705079144, 38.216300610206844], [127.54569400761694, 38.216296719526945]], [[128.5166179182395, 38.211903516505124], [128.5394598310412, 38.21170346966594]], [[127.44300879625517, 38.05406333650577], [127.45440703326217, 38.05406830991536]], [[127.6139823295323, 38.054021891474534], [127.64817693515519, 38.05398376212235]], [[127.85334244724766, 38.05354610872594], [127.87613829512543, 38.053475377771335]], [[127.88753618850683, 38.05343835463795], [127.91033191103696, 38.053360993090024]], [[128.42320247759673, 38.05045186556749], [128.43459865005815, 38.050361808227045]], [[128.45739084099665, 38.05017837981799], [128.4915787330999, 38.04989495311564]], [[127.52271870048948, 37.80171065678247], [127.5340780491957, 37.80170791860628]], [[127.64812246097515, 38.026945338880495], [127.67091044470746, 38.02691442325905]], [[127.70509234868857, 38.02685976897492], [127.72788022966577, 38.026817812253086]], [[127.76206195616173, 38.02674659644186], [127.77345583717752, 38.026720649659566]], [[127.8987874049272, 38.026362366715716], [127.92157470364388, 38.026282871841005]], [[127.96714901960897, 38.02611063404046], [127.98993602689569, 38.026017891229834]], [[128.09247616235996, 38.02554590329821], [128.10386935715027, 38.02548794064353]], [[127.56841461335907, 38.08109562740568], [127.60262187788126, 38.0810707363512]], [[127.89908091288245, 38.080437960930446], [127.91048295863041, 38.08039868969507]], [[128.09291220842633, 38.079619918448955], [128.10431378706127, 38.07956184369415]], [[127.87609218252692, 38.044462747582024], [127.88748867866984, 38.04442573636978]], [[128.058433228665, 38.04373800328994], [128.08122536204613, 38.04362752630605]], [[128.49145719147998, 38.04088347573918], [128.50285165160847, 38.04078682227305]], [[128.53958804001664, 38.22071455016782], [128.5738547025714, 38.220406049396914]], [[127.51142068675149, 38.198279894376164], [127.52284137287451, 38.198278228013606]], [[128.09386098965555, 38.19677855839458], [128.10528081046937, 38.196720240196846]], [[128.42501997749739, 38.19463644898022], [128.43643857755998, 38.194545926758536]], [[128.4478571261095, 38.19445429425498], [128.49353079262275, 38.194076661732204]], [[127.52284418897085, 38.20729081557552], [127.5342662818844, 38.20728803741155]], [[127.85408182023072, 38.20675908207076], [127.87692536600629, 38.206687963099185]], [[128.10535542955745, 38.20573232661769], [128.11677662468588, 38.2056728786579]], [[128.43655400984417, 38.20355731382695], [128.44797396541708, 38.20346565185136]], [[128.49365325977084, 38.20308789787027], [128.5164925813936, 38.20289235745497]], [[127.5685748448131, 38.252335736417955], [127.58000397605632, 38.25232850157684]], [[127.68286588308267, 38.25221330100007], [127.71715302660054, 38.252154866180106]], [[128.1400136503217, 38.25061057962379], [128.15144178899376, 38.250547697704285]], [[128.37999618191552, 38.24905639720691], [128.3914234340433, 38.24897015004088]], [[128.40285063702785, 38.2488827903897], [128.4142777902396, 38.24879431826804]], [[128.42570489304893, 38.24870473369072], [128.43713194482632, 38.24861403667282]], [[127.76299901989704, 38.288110928889665], [127.78586824730336, 38.28805743443698]], [[127.8087374115645, 38.28799948227558], [127.85447553044662, 38.287870204985566]], [[127.86591001280902, 38.287835099659624], [127.87734447496545, 38.28779887994386]], [[128.1631976153506, 38.286531231442176], [128.17463133056944, 38.28646604027495]], [[127.58001385881691, 38.26134099783317], [127.60287493106895, 38.26132318327893]], [[127.62573598062076, 38.261300915108585], [127.6828884720827, 38.26122576021778]], [[128.15152225370318, 38.25955962141987], [128.16295176778223, 38.25949560617606]], [[128.35724739838145, 38.25823705268088], [128.36867615787006, 38.25815300351641]], [[128.41439071045542, 38.257805678287106], [128.42581922411, 38.25771606490984]], [[127.87743783924404, 38.30582337493276], [127.88887510955318, 38.30578601683122]], [[128.1633616967922, 38.304554911476906], [128.174798240303, 38.304489678399925]], [[128.31203367352387, 38.303619924477495], [128.32346968305754, 38.30354019893701]], [[128.09488893053668, 38.3229467573869], [128.16352592484824, 38.322578535387265]], [[128.16327963775342, 38.29554307847454], [128.1747147668025, 38.29547786635501]], [[128.0833770908553, 38.31399228127038], [128.0948152928851, 38.313934834166695]], [[128.22134800950144, 38.38532248642818], [128.23279711805094, 38.38525147410223]], [[128.30089497859987, 38.33073312432634], [128.3123352794688, 38.330654437714486]], [[128.2327062078229, 38.37623989882412], [128.24415385570802, 38.37616779160999]], [[128.25560146235952, 38.37609456672168], [128.26704902714334, 38.37602022417153]], [[128.2440615666684, 38.367156225411264], [128.25550775392855, 38.36708302403313]], [[128.26666877074055, 38.33997406436914], [128.30099418699027, 38.33974462580401]], [[126.3111744466218, 36.84029130565909], [126.32238762042923, 36.84040291852921]], [[127.096213006262, 36.84554997435562], [127.10742906911085, 36.845587541401976]], [[127.16350967907294, 36.845759504162416], [127.19715826054589, 36.84584998364212]], [[127.20837448677294, 36.84587802707528], [127.2308069843179, 36.8459309393237]], [[127.56729857015019, 36.84621666795862], [127.57851498962673, 36.846209789256875]], [[127.6233806206837, 36.84617169187595], [127.6345970138076, 36.84615952189503]], [[128.0383779361851, 36.8450166359665], [128.08324073423006, 36.8448049978116]], [[128.21782605555663, 36.84406851502725], [128.2402564451614, 36.843930956686044]], [[128.28511675599142, 36.84364314546554], [128.29633173270634, 36.843568548033396]], [[128.4421224343999, 36.84250252386703], [128.47576530913386, 36.842231133519974]], [[128.66639914431053, 36.84051347409042], [128.67761237957077, 36.84040291852921]], [[129.10366444249487, 36.835418522318484], [129.114874848144, 36.83526674681292]], [[129.27181141719842, 36.8330309720745], [129.29422948597025, 36.83269467631494]], [[126.62557499800894, 36.80696217663924], [126.63678441244694, 36.807044071773824]], [[126.70404182352436, 36.80751325830904], [126.71525154066137, 36.8075877585669]], [[126.84977116996401, 36.808399354388456], [126.86098137332507, 36.80846011976546]], [[127.1300349039245, 36.80960148744442], [127.15245664439948, 36.80966912615629]], [[127.376677263973, 36.810113011057815], [127.38788840133496, 36.81012410831055]], [[127.54484467219996, 36.810168497385], [127.55605583586593, 36.81016374140787]], [[127.99328316420181, 36.80915391535193], [128.026914857271, 36.809009658779836]], [[128.04933584960833, 36.80890820425108], [128.0605463031114, 36.80885589196712]], [[128.07175672739172, 36.80880252301477], [128.0829671218649, 36.80874809740278]], [[128.09417748594672, 36.80869261514001], [128.10538781905288, 36.80863607623559]], [[128.2062793267045, 36.80807967880207], [128.21748931792155, 36.8080125740177]], [[128.35200612812034, 36.80712491053621], [128.36321558755307, 36.807044071773824]], [[128.766721624324, 36.803430447871044], [128.77792903016112, 36.803310533594455]], [[128.81155084579953, 36.8029444562721], [128.8227579817772, 36.80282031906694]], [[128.84517204638036, 36.80256887763146], [128.8675858306262, 36.802313213633056]], [[129.03567980525634, 36.80026115677009], [129.04688545199394, 36.8001159100108]], [[129.29338826114014, 36.79665354943492], [129.3045919071061, 36.796484038506804]], [[126.47889865775073, 36.87790730571093], [126.49011795915749, 36.87800318196813]], [[126.837939574698, 36.88045004071396], [126.84916027435509, 36.88051202403745]], [[127.25312356407387, 36.88203782977378], [127.2755667121571, 36.88208233424082]], [[127.29800990717533, 36.88212260027508], [127.30923152081839, 36.882141143871586]], [[127.55610850530329, 36.88228101614149], [127.56733019991023, 36.88227518811013]], [[127.69076847918164, 36.882141143871586], [127.70199009282469, 36.88212260027508]], [[127.71321169590735, 36.882102997063754], [127.74687643592614, 36.88203782977378]], [[127.76931953238113, 36.88198908690312], [127.79176257251466, 36.88193610566076]], [[127.91519807678365, 36.881568949623755], [127.92641936775667, 36.8815292145383]], [[128.04985196809278, 36.8810222019866], [128.0610729528405, 36.88096975316797]], [[128.24060432102152, 36.87998649649148], [128.25182472739127, 36.879916038738614]], [[129.13806450274473, 36.871003870702616], [129.14927991395615, 36.870848723884826]], [[129.1941406915225, 36.870217559170484], [129.20535566617139, 36.87005712376013]], [[129.2502146682611, 36.86940480597876], [129.2726436232206, 36.8690723017781]], [[127.08475310865634, 36.8905833153387], [127.0959757405292, 36.8906220034983]], [[127.27554032503168, 36.89109686718845], [127.29798615870057, 36.89113714633929]], [[127.88157893292349, 36.89069620018443], [127.89280160646847, 36.89065963178226]], [[127.90402425947082, 36.8906220034983], [127.91524689134367, 36.8905833153387]], [[127.92646950150018, 36.8905435673098], [127.9489146543169, 36.8904608916703]], [[128.24069138672436, 36.88900034674349], [128.25191311186836, 36.88892986604044]], [[128.6446445348934, 36.8857955881698], [128.65586447519672, 36.885686970534586]], [[129.14947371836524, 36.87985959804206], [129.19433976138825, 36.87922822778868]], [[129.27285190605056, 36.87808259745136], [129.28406756093247, 36.87791470446379]], [[126.33401125150534, 36.81347501263845], [126.34522060439997, 36.813584403890374]], [[126.60305115441403, 36.81580882652778], [126.6254724736626, 36.815975840283215]], [[126.83848344312564, 36.8173516443933], [126.8496949268164, 36.817413486516834]], [[127.35423791827341, 36.81910232842442], [127.37666280246101, 36.819127701818594]], [[127.55606240930204, 36.81917844870654], [127.57848735664834, 36.819165761972094]], [[127.98212907565504, 36.81821428054195], [127.99334100665726, 36.81816829345547]], [[128.03818846753268, 36.817973774571726], [128.0718237705304, 36.81781678656927]], [[128.10545880514053, 36.817650285531094], [128.11667042097432, 36.81759267121905]], [[128.16151655687437, 36.8173516443933], [128.20636214082293, 36.817093706722616]], [[128.31847344044516, 36.816374882136664], [128.35210602468996, 36.816138627226536]], [[128.3745275263374, 36.815975840283215], [128.43058047223732, 36.81555038086156]], [[128.74445248411627, 36.812679698659046], [128.76687011921987, 36.81244296033249]], [[128.77807883800781, 36.812323006971155], [128.80049607513803, 36.812079931950365]], [[128.82291304111718, 36.81183263266484], [128.84532973127725, 36.811581109276204]], [[129.04706676082247, 36.8091273421794], [129.05827363907954, 36.80898099249865]], [[126.51313631668262, 36.83312521910252], [126.52434919177678, 36.83321776762851]], [[126.58041431911627, 36.8336646510102], [126.60284071001031, 36.833836003108324]], [[127.15233432801104, 36.83671272311587], [127.16354917116304, 36.83674498880404]], [[127.61215105672737, 36.83716815033712], [127.62336613986436, 36.83715704222891]], [[128.0943865942875, 36.83573525688681], [128.10560087205383, 36.835678662677346]], [[128.1168151182165, 36.83562101080196], [128.13924351339062, 36.835502534091276]], [[128.29623828134564, 36.83455474645349], [128.3074519007409, 36.834479115841226]], [[128.43079880465197, 36.833577388949315], [128.44201187985468, 36.83348906956616]], [[128.47565080822324, 36.83321776762851], [128.4868636833174, 36.83312521910252]], [[128.71110959516213, 36.8310522478315], [128.7335328735797, 36.83082169634878]], [[129.08105788858958, 36.826707659200665], [129.1034763228158, 36.8264073755326]], [[126.32266390781176, 36.82237736371005], [126.33387451372147, 36.82248784725293]], [[126.5244636417833, 36.82420438773473], [126.58052219465648, 36.82465112552346]], [[127.33179333555, 36.8280873853105], [127.3542208198213, 36.82811699721103]], [[127.56728277635881, 36.82818732565595], [127.57849656354499, 36.82818045143581]], [[127.97097235764608, 36.82727360452243], [127.98218562882161, 36.82722865985978]], [[128.02703845611765, 36.82703830714901], [128.0382515956657, 36.8269880754952]], [[128.10552982280262, 36.82666448101212], [128.1615941487455, 36.82636574253193]], [[128.30735717576084, 36.825465325000486], [128.31856943787508, 36.825388661903844]], [[128.47553635821671, 36.82420438773473], [128.48674791848705, 36.82411186936051]], [[128.71096753920494, 36.822039573432434], [128.72217789602638, 36.82192486351826]], [[128.8006485765817, 36.82109231189222], [128.81185840719826, 36.82096915014657]], [[129.05845634121255, 36.8179923625195], [129.0808724787931, 36.81769640008633]], [[126.31089528179608, 36.85831673117269], [126.3221110872355, 36.85842841678328]], [[127.08489948722756, 36.8635401769097], [127.10733686043109, 36.86361641881602]], [[127.23074375410309, 36.863960040568756], [127.2419626587446, 36.86398492558524]], [[127.57853343210569, 36.864239072261206], [127.58975248211193, 36.86423113012722]], [[127.64584765008145, 36.86417553528024], [127.65706666315998, 36.86416123948818]], [[127.95997499425668, 36.86337498714009], [127.97119355601708, 36.863331042662494]], [[128.03850438912872, 36.86304514126171], [128.04972276626987, 36.862993785345175]], [[128.22921249648, 36.86202810763864], [128.240430305737, 36.86195875434559]], [[128.25164807631677, 36.86188834247717], [128.27408349910166, 36.861744343060465]], [[128.6442411297291, 36.85875712555627], [128.65545711794195, 36.858648613993076]], [[128.67788891276453, 36.85842841678328], [128.7003204615487, 36.858203987582606]], [[128.72275175961383, 36.85797532653792], [128.73396731316416, 36.85785940912071]], [[129.2273795812902, 36.85171201438739], [129.24980364090166, 36.851383954047535]], [[126.49023661709685, 36.86898996369403], [126.51267274223605, 36.86917847796389]], [[127.24193234066578, 36.872999463724625], [127.25315257692114, 36.87302329759688]], [[127.56732228719402, 36.87326057863206], [127.57854265949884, 36.87325369320402]], [[127.70196635491034, 36.873108040490784], [127.71318663925177, 36.87308844366369]], [[127.74684742307888, 36.87302329759688], [127.7692878821021, 36.872974570600405]], [[127.94880913362424, 36.872432226200665], [127.96002903739385, 36.8723893265579]], [[128.2405172940317, 36.8709726323584], [128.25173638221344, 36.87090219755042]], [[128.43123605244662, 36.8696312374109], [128.44245439316373, 36.869542802864444]], [[128.64437553832613, 36.86776996054888], [128.65559284331698, 36.86766141363653]], [[128.70046145375403, 36.86721664238379], [128.7228953850616, 36.86698790685072]], [[129.12665791950786, 36.86214697031793], [129.13787210035872, 36.86199293146375]], [[129.20515536910915, 36.8610464927585], [129.22758241939155, 36.860722554541546]], [[129.27243543296314, 36.86006199140198], [129.28364845649182, 36.85989420771065]], [[127.19712270164565, 36.85486451474686], [127.20834024480683, 36.85489256731852]], [[127.30929874842026, 36.855097405250135], [127.33173409604146, 36.855131280465265]], [[127.5897419412144, 36.855216498064785], [127.61217739136487, 36.85519744316534]], [[127.63461281807997, 36.85517415386917], [127.64583052118459, 36.855160921327]], [[127.65704821667275, 36.85514663019158], [127.69070125157975, 36.855097405250135]], [[128.08330921340513, 36.85381918839216], [128.09452615491708, 36.85376361565598]], [[128.22912686389662, 36.85301419315789], [128.2403433561195, 36.852944862454365]], [[128.27399259849014, 36.85273052100626], [128.28520893256282, 36.85265695745002]], [[128.44223303811802, 36.851515964184635], [128.45344869571187, 36.8514265292363]], [[128.6553214529063, 36.84963580022197], [128.66653606461483, 36.849526266310484]], [[129.11506436571798, 36.844277829637065], [129.12627600133956, 36.84412494787279]], [[126.34549127174067, 36.79555862099696], [126.35669805887677, 36.79566688534443]], [[126.63688557792058, 36.79803036750161], [126.64809372403855, 36.79811117991905]], [[126.69292674657567, 36.79842386904757], [126.70413510880753, 36.79849940113049]], [[126.71534351251088, 36.798573877108794], [126.72655195710196, 36.79864729697028]], [[127.09644974497694, 36.8004776013664], [127.10765923230969, 36.800515107245864]], [[127.38790154232814, 36.801109400230864], [127.39911137144381, 36.80111943733548]], [[127.54483941578756, 36.801153774837985], [127.55604926535246, 36.80114902041093]], [[128.04927146381002, 36.79989389245334], [128.0604806035397, 36.79984159721848]], [[128.08289879478713, 36.7997338377854], [128.09410784513682, 36.79967837360481]], [[128.36311442207943, 36.79803036750161], [128.37432252322344, 36.797948499056204]], [[128.72174816762504, 36.79488686743877], [128.74416081115, 36.7946545052744]], [[129.30438052386125, 36.787473775225855], [129.3155827652589, 36.787303265222135]], [[126.43775525563579, 36.607115337089404], [126.44893506638762, 36.607214474215674]], [[126.6166384280576, 36.60857569414226], [126.62781903932832, 36.608658052336146]], [[126.92971070473577, 36.61048523555741], [126.94089236079401, 36.61053822277689]], [[127.43290565757212, 36.611830946101634], [127.44408804267253, 36.61183671738185]], [[127.48881760621994, 36.61184930927191], [127.50000000000001, 36.61184983393418]], [[127.75719388577396, 36.61157228958596], [127.76837611985036, 36.61154763082915]], [[127.77955834003969, 36.61152192279706], [127.7907405457634, 36.61149516549387]], [[127.81310491149954, 36.61143850309178], [127.85783344392675, 36.611312587237656]], [[128.07028929526425, 36.61048523555741], [128.11501561864577, 36.61026279574637]], [[128.12619712138635, 36.610204563105626], [128.14856002909323, 36.610084950664344]], [[128.2603724617799, 36.6094239478955], [128.2715534982303, 36.609352078322665]], [[128.49516507590923, 36.6076944309886], [128.50634515271622, 36.607600536867544]], [[126.48211934851747, 36.63454633270165], [126.52685537454268, 36.634920177938476]], [[126.5827765365291, 36.635363866008475], [126.59396091373274, 36.63544945434645]], [[126.61632980831598, 36.635617481633766], [126.6275143245379, 36.63569992055573]], [[126.94069700697705, 36.63758193399894], [126.95188259839503, 36.63763392302022]], [[127.07492585023533, 36.63813649076827], [127.08611174409107, 36.63817587750757]], [[127.45525480103967, 36.63888642806786], [127.47762739820205, 36.638892730185255]], [[127.73491143262676, 36.638663229401935], [127.74609759996576, 36.63864064709224]], [[127.84677246285699, 36.63839014277517], [127.86914447190117, 36.63832292204339]], [[127.88033044803218, 36.6382877362848], [127.89151640446337, 36.638251500272006]], [[128.29419282923936, 36.6362475969705], [128.3053776495762, 36.636172507148125]], [[128.52906452767124, 36.63445024724283], [128.56261583421636, 36.63415569315704]], [[129.23351721028533, 36.626281579643916], [129.2446965105806, 36.62611835696523]], [[126.5267419881195, 36.643933851553506], [126.56029844673333, 36.64420330159163]], [[126.61622684357567, 36.64463138296175], [126.62741266260535, 36.644713848805395]], [[126.63859852683747, 36.644795264473835], [126.64978443569294, 36.64487562995379]], [[126.73927324347396, 36.64548074547189], [126.75045952787542, 36.64555165868653]], [[126.98537957809316, 36.646798197887684], [127.00775361387956, 36.64689275534187]], [[127.05250198687057, 36.6470692638271], [127.07487631480248, 36.647151214743026]], [[127.08606351209906, 36.6471906143455], [127.09725073084333, 36.647228963369]], [[127.13081250996613, 36.647337706904146], [127.14199980870511, 36.64737185355102]], [[127.4776247909462, 36.64790770113966], [127.51118760481677, 36.647909277183885]], [[127.71256383065379, 36.64772015279424], [127.73493880840611, 36.64767812540334]], [[128.31665757579248, 36.645110425132586], [128.3502155643071, 36.64487562995379]], [[128.56273964084062, 36.643169117125], [128.57392460283413, 36.64306880049869]], [[129.23371910746528, 36.63529243255754], [129.24489970817257, 36.63512915658888]], [[126.62629139340652, 36.74386614091459], [126.63749162703469, 36.743947849354136]], [[126.8503039237604, 36.74530004229573], [126.86150494376919, 36.7453606691418]], [[127.08553154246894, 36.74635181318936], [127.09673313748225, 36.746390300124844]], [[127.39918222251225, 36.74703088158219], [127.41038418458194, 36.74703984460061]], [[127.42158615131282, 36.74704775314972], [127.43278812212225, 36.74705460722823]], [[127.44399009642758, 36.74706040683501], [127.45519207364616, 36.74706515196913]], [[127.58961581541807, 36.74703984460061], [127.60081777748776, 36.74703088158219]], [[128.3401077717419, 36.74410810432696], [128.36250837296532, 36.743947849354136]], [[128.56410515228671, 36.74231585448847], [128.57530447909892, 36.74221517713832]], [[128.73208891960084, 36.7406950654727], [128.74328734673745, 36.74057858472247]], [[126.64839301425555, 36.771069904520246], [126.67080156600902, 36.77122820631826]], [[126.73802823852729, 36.77167779047668], [126.7492328261759, 36.77174902836057]], [[126.80525633898998, 36.77208939075404], [126.8276660013649, 36.7722181495592]], [[127.39914682060798, 36.774075221088715], [127.4103527162043, 36.77408419288074]], [[127.45517633943153, 36.77410952502183], [127.50000000000001, 36.774117969076215]], [[127.52241183261808, 36.77411585806228], [127.55602957133466, 36.774104775242854]], [[127.56723547918358, 36.77409896995902], [127.57844138353174, 36.77409210917128]], [[128.0378732476156, 36.77290206312791], [128.04907847811398, 36.77285087431674]], [[128.48605440943808, 36.7700314767932], [128.55327541280175, 36.76945530004848]], [[128.73252143192903, 36.76773320356231], [128.7437237877015, 36.76761660881165]], [[128.91175103179538, 36.76574116523046], [128.9341534585288, 36.765473184177665]], [[128.9789574119468, 36.76492457311113], [128.99015820939692, 36.764784785274664]], [[126.63739073109397, 36.75296163719495], [126.64859231938838, 36.75304231797869]], [[126.7606105420771, 36.75379113605679], [126.78301466681742, 36.753928246727604]], [[126.8390256211988, 36.75425257006185], [126.85022791756273, 36.754314271213396]], [[127.0966859578894, 36.75540488468894], [127.10788888430972, 36.75544232947204]], [[127.33195092172441, 36.75596972847238], [127.39917042712456, 36.75604567511115]], [[127.4103736997868, 36.75605464105343], [127.42157697711237, 36.75606255218243]], [[127.43278025851838, 36.75606940849683], [127.44398354342188, 36.75607520999553]], [[127.62323610187822, 36.75602457879273], [127.63443935705295, 36.756012448420044]], [[128.9674131320232, 36.7470396361879], [128.98980956732197, 36.746761296077956]], [[129.26973736430224, 36.742926619370735], [129.28093334088115, 36.742759544877025]], [[126.34576169850267, 36.7775327816342], [126.35696586201313, 36.77764097542192]], [[126.67070447014943, 36.78024203032925], [126.69311581782456, 36.780396162233544]], [[126.82758726994413, 36.781232296391174], [126.83879346579953, 36.781295113482365]], [[127.50000000000001, 36.783132735463326], [127.51120722895256, 36.78313220753771]], [[127.5560361330882, 36.78311953732718], [127.56724335328484, 36.783113730150134]], [[128.47496487092383, 36.77913727828081], [128.4861698658347, 36.77904491056107]], [[128.88951095738605, 36.77501705056273], [128.91191629842984, 36.77475320006378]], [[128.93432134552893, 36.77448513163599], [128.9567260940258, 36.7742128454545]], [[128.97913053926334, 36.77393634169715], [129.00153467658475, 36.77365562054456]], [[129.29275832332206, 36.76962254977481], [129.3151576610927, 36.76928280559224]], [[126.60399584169699, 36.73468584140126], [126.62639355371128, 36.73485236579666]], [[127.32078962761031, 36.737923838327994], [127.34319084262602, 36.73795546206141]], [[127.60080598734389, 36.738016074361454], [127.61200663416224, 36.73800606014227]], [[127.64560853734505, 36.737969692758284], [127.656809157374, 36.73795546206141]], [[127.95922090847323, 36.73717278983727], [127.97042108009045, 36.737129045454466]], [[128.03762157580408, 36.73684444585867], [128.04882156399097, 36.73679332378184]], [[128.32881048198414, 36.73517277119348], [128.34000953914023, 36.735094250301536]], [[128.98946123506295, 36.72873774932114], [129.0006567209812, 36.72859709107768]], [[129.2693236588008, 36.72490557264048], [129.28051702149486, 36.72473860706579]], [[126.74932070117555, 36.76273502063996], [126.76052401673253, 36.762805180522506]], [[126.78293076270776, 36.762942335913934], [126.80533765794608, 36.76307527206612]], [[126.82774469778504, 36.76320398889216], [126.83894827047263, 36.763266765031496]], [[127.10784299474903, 36.76445691250861], [127.11904725259541, 36.764493314448075]], [[127.4103632103283, 36.7650694238139], [127.42156779883148, 36.765077337523365]], [[127.51120460483246, 36.76510266141537], [127.52240920908169, 36.76510107867115]], [[127.57843220116854, 36.765077337523365], [127.58963678967172, 36.7650694238139]], [[128.55315214379937, 36.760442040119926], [128.56435414532538, 36.76034235147077]], [[128.73237719705418, 36.75872050503571], [128.7435782426994, 36.75860394829395]], [[128.95638515534932, 36.75618911367404], [128.96758479662486, 36.756051478750464]], [[129.2811416393888, 36.7517699917483], [129.29233883118098, 36.75160180979049]], [[126.49470674848844, 36.52647728674953], [126.50587514382977, 36.52657090514921]], [[126.75159179208858, 36.52836595585595], [126.76276122089787, 36.528435522663216]], [[126.77393068773151, 36.528504043598325], [126.82977857210956, 36.52883095980731]], [[127.87980012269955, 36.53010938614244], [127.90214082234704, 36.53003615157708]], [[127.93565171479817, 36.529918453750916], [127.94682196810531, 36.529877128906705]], [[128.2260693122685, 36.528504043598325], [128.23723877910214, 36.528435522663216]], [[128.2595775981205, 36.52829534318783], [128.2707469491535, 36.528223684670344]], [[128.33776220040917, 36.527771771393574], [128.3712692505214, 36.52753169677122]], [[128.43828212199278, 36.527023313315766], [128.44945076790586, 36.52693492290936]], [[126.76740943877564, 36.03262278172078], [126.81180589365661, 36.03288580467465]], [[126.8673022419031, 36.03319147066259], [126.87840160988814, 36.033249522066434]], [[127.11149474150031, 36.03423128534455], [127.12259467200182, 36.03426673456949]], [[127.5333007924297, 36.03485602334499], [127.56660156968489, 36.03484215147365]], [[127.62210279017451, 36.034798480833274], [127.63320301797394, 36.034786664088905]], [[127.65540345277826, 36.03475994799815], [127.66650365865915, 36.03474504865606]], [[127.69980422347265, 36.03469418547231], [127.73310469724056, 36.03463407461146]], [[127.82190540011665, 36.034428568822854], [127.84410542409634, 36.03436691751714]], [[127.85520541023456, 36.03433455066125], [127.86630537838917, 36.03430115634356]], [[127.8885052584997, 36.03423128534455], [127.89960516933182, 36.03419480867448]], [[128.16599566762739, 36.03301115282463], [128.199293273725, 36.03282158975234]], [[128.28808529120656, 36.03227089143737], [128.31028290788112, 36.032122945340355]], [[129.27565888111974, 36.02171257383673], [129.2867519121138, 36.021547766732596]], [[129.34221570046637, 36.02070835073579], [129.3644005676058, 36.02036540728704]], [[126.81172744987848, 36.04190104024929], [126.8228279170028, 36.04196424871901]], [[127.12255165057653, 36.043282424188995], [127.13365286542796, 36.04331685728104]], [[127.36678179747939, 36.04380252466348], [127.37788329064702, 36.043814345293264]], [[127.622116709353, 36.043814345293264], [127.63321820252062, 36.04380252466348]], [[127.84414464976949, 36.04338264007706], [127.85524590116667, 36.04335026257886]], [[127.89965072121578, 36.04321047464464], [127.91075187703231, 36.04317295820392]], [[128.199372982392, 36.041836804213716], [128.21047337924665, 36.04177154062262]], [[129.1760085556986, 36.03216172522927], [129.19819863339615, 36.031849442335826]], [[129.36461295165608, 36.02937652691565], [129.3757065058701, 36.02920346049579]], [[126.95522753966344, 36.15984258254316], [126.96634490610926, 36.159892645128046]], [[127.98918536231, 36.16008257447469], [128.000302833944, 36.16003664030248]], [[129.04515331397792, 36.15111201723204], [129.05626584513772, 36.15096808912287]], [[126.83331989122836, 36.11414814975407], [126.844430566109, 36.114209464025016]], [[127.05553907060558, 36.11517866779031], [127.06665030408028, 36.11521937439171]], [[127.28887884452621, 36.11581710154417], [127.29999042164998, 36.11583616728637]], [[127.3111020089312, 36.11585420246537], [127.32221360580559, 36.11587120707829]], [[127.34443682607669, 36.11590212459502], [127.35554844834485, 36.115916037493825]], [[127.60000499486561, 36.115961383308296], [127.61111664309196, 36.11595159272563]], [[128.4777632008729, 36.11201309292993], [128.48887266510292, 36.11192190492725]], [[128.49998207913018, 36.11182968699347], [128.56663747747504, 36.11125475168269]], [[129.0886944025731, 36.10546875231051], [129.09980026919376, 36.1053209445619]], [[126.72664257519506, 36.789633377691715], [126.7378497472027, 36.78970571783881]], [[126.8275085035066, 36.79024642938671], [126.8611311312134, 36.79043177441395]], [[127.10770520356786, 36.79150057917544], [127.13012161226558, 36.79157239820922]], [[127.62329383228965, 36.792083588431225], [127.63450233563411, 36.79207144222621]], [[128.049207106637, 36.79087956686418], [128.06041493317733, 36.79082728867449]], [[128.36301330157974, 36.78901664929786], [128.37422009001347, 36.788934807535455]], [[128.73281009412287, 36.785758558098095], [128.74401507189694, 36.7856418873034]], [[128.8672654237116, 36.78428887413727], [128.88967367584107, 36.784029157093514]], [[129.00171050199089, 36.78266728322793], [129.03532005183948, 36.78223815443094]], [[126.78863353370083, 36.14093775643593], [126.81086226448953, 36.14106772490012]], [[126.88866389597729, 36.14149012850001], [126.91089322168692, 36.14160153319976]], [[126.92200792974134, 36.14165568849622], [126.93312266717571, 36.141708812411984]], [[127.03315653298145, 36.14214051416249], [127.04427153314768, 36.14218332382696]], [[129.0559097985525, 36.132943297366786], [129.06701971080287, 36.13279843373996]], [[126.51259230024287, 35.99473315516522], [126.5236853127709, 35.994823954401056]], [[126.65680515201133, 35.995833547869125], [126.67899241476687, 35.995987454000236]], [[126.70117984353199, 35.996137257158885], [126.74555518115372, 35.996424554175235]], [[127.11167169153136, 35.99816843718282], [127.12276656671436, 35.998203839810756]], [[128.73144035635534, 35.99247613775324], [128.76471533613622, 35.99212991436066]], [[129.10852035994495, 35.98801213251177], [129.11960963398545, 35.987862905875886]], [[126.86945098593044, 35.762725020318626], [126.88051266460286, 35.762782501092985]], [[127.04644125980468, 35.76352264517178], [127.0685654997701, 35.76360403734426]], [[127.13493872087828, 35.76382379795025], [127.14600099166884, 35.763856864002015]], [[127.24556216066331, 35.76410867659017], [127.25662458392947, 35.76413156880899]], [[127.51106256354753, 35.76437728035995], [127.52212512654059, 35.76437575419145]], [[127.6770006397162, 35.76424755647467], [127.68806312785512, 35.76423076874242]], [[128.16373385827035, 35.76254647495068], [128.17479540721783, 35.7624849255116]], [[128.86052339973534, 35.75668287810314], [128.87158173650565, 35.7565572748133]], [[128.88264000457562, 35.75643065533266], [128.92687237878994, 35.75591401591092]], [[126.57577836313409, 35.328047186803644], [126.59778117814085, 35.3282133926433]], [[126.60878265264908, 35.32829499423942], [126.61978417110433, 35.328375594935714]], [[126.64178733768695, 35.32853379357751], [126.65278898472995, 35.328611391497844]], [[127.15890111627745, 35.33109869918946], [127.19191023738041, 35.33118732309011]], [[127.2139163950004, 35.33124139889516], [127.23592260906322, 35.331291469223316]], [[127.53300982773195, 35.331575370498385], [127.5440131011098, 35.3315718655183]], [[127.61003267679132, 35.33152980580821], [127.63203916438883, 35.331507774568934]], [[127.64304239868974, 35.33149525683083], [127.66504884558222, 35.33146721712761]], [[127.70906163733376, 35.33139912087911], [127.73106797350938, 35.331359064377246]], [[128.05015252963085, 35.33032813944163], [128.0721576713321, 35.330226001332164]], [[128.10516517088925, 35.330065285133195], [128.1271700222684, 35.329953135076956]], [[128.71024006474084, 35.325522239752964], [128.72124002899625, 35.325411618362345]], [[126.4756293267207, 35.41740414426571], [126.48664251913723, 35.417497062244664]], [[127.24664404992846, 35.42148292051731], [127.25765943606987, 35.421505527027335]], [[127.26867483420435, 35.42152712882887], [127.29070566427194, 35.4215673182928]], [[128.1829408446673, 35.41981764868986], [128.19395530415574, 35.419754858507034]], [[128.39220917534564, 35.41845288831728], [128.425250182509, 35.418204258383355]], [[128.8877743364555, 35.41377467368199], [128.89878550055295, 35.41364762722597]], [[128.90979659547352, 35.41351957731498], [128.92080762067346, 35.41339052396945]], [[126.35198006419249, 34.81217617574821], [126.36291167056689, 34.81227882929094]], [[126.45036645777054, 34.81306471244579], [126.46129854026962, 34.813158529459095]], [[126.53782449544477, 34.81378775418531], [126.54875696522362, 34.81387371549486]], [[127.35785175083038, 34.81750901336099], [127.36878620507117, 34.817521295973215]], [[127.43439304537205, 34.81757435695092], [127.44532753295817, 34.81757976131823]], [[128.49497263241884, 34.81352397823906], [128.50590491278683, 34.813434088964065]], [[126.40628107592633, 34.83972778348811], [126.43908758135878, 34.84001836219988]], [[126.83279763072747, 34.84281522918983], [126.85467186760845, 34.84293324966871]], [[126.90935799765776, 34.84321109249177], [126.92029531163209, 34.84326371097883]], [[126.9531074199484, 34.843415666133815], [126.96404484308572, 34.84346435105673]], [[126.97498229218928, 34.84351205256899], [126.98591976672935, 34.84355877066305]], [[127.0077947899997, 34.843649256567204], [127.06248275622657, 34.843858261011356]], [[127.37968132093683, 34.84458561471684], [127.41249546585686, 34.844613647171165]], [[128.4515541408119, 34.840923069385454], [128.46249018474052, 34.84083702197838]], [[126.30903208763634, 34.75766090619147], [126.31995633747592, 34.757767273382825]], [[126.36365390137286, 34.75818294454211], [126.37457843084665, 34.758284412848454]], [[126.69141128563288, 34.760800709446514], [126.70233721613941, 34.760872776714535]], [[126.71326318517302, 34.7609438637485], [126.75696743602812, 34.76121840932194]], [[126.81159855315366, 34.761539534722495], [126.82252487844407, 34.76160081882459]], [[127.00827698460408, 34.76249264788115], [127.0192038181959, 34.76253628437262]], [[128.54894837067354, 34.758967254997934], [128.5707981171401, 34.758777056680806]], [[126.41792403739987, 34.78572899064945], [126.43978080890626, 34.78592134138527]], [[126.46163778541292, 34.78610976851968], [126.48349496269688, 34.786294271933734]], [[126.76765461626721, 34.78833570813863], [126.77858437114284, 34.78840097889644]], [[126.78951416089848, 34.78846526836243], [126.8004439850059, 34.78852857652643]], [[127.24858982979396, 34.79027920601476], [127.2813822333953, 34.79034252033705]], [[127.39069085239933, 34.79048976377824], [127.40162175209433, 34.79049908923533]], [[126.43966539923747, 34.79493754581926], [126.46152475392203, 34.79512603587026]], [[126.51617401017536, 34.79558008873622], [126.52710400626518, 34.79566795537814]], [[126.78943681156264, 34.79748232224787], [126.80036782534224, 34.797545651552]], [[127.379746866366, 34.79949718318618], [127.3906789509146, 34.79950749370685]], [[126.33024443091615, 34.80295208077991], [126.35210509667706, 34.80316026362708]], [[126.52699806277931, 34.804684389954176], [126.53792929569323, 34.80477130426129]], [[127.2813346173416, 34.80837786845231], [127.3250674907153, 34.80844859236744]], [[127.36880049952718, 34.80850360004235], [127.37973376892454, 34.80851489628138]], [[128.5057953514417, 34.804417757064115], [128.52765738520432, 34.80423509363752]], [[126.39522519294206, 34.84864495043338], [126.40616178167278, 34.848743808639135]], [[126.96398637452057, 34.85248162301095], [126.97492501668033, 34.85252934044077]], [[127.36872896370456, 34.853591945727764], [127.37966819437166, 34.85360326083166]], [[127.54375705734383, 34.853654916827836], [127.55469631770312, 34.853650489165425]], [[126.29797720399938, 34.766569364248085], [126.30890258351793, 34.766676747022046]], [[126.4946424076204, 34.76835229262544], [126.51649512453177, 34.76853079099593]], [[126.70225046566743, 34.769889690396425], [126.71317762266291, 34.76996080117632]], [[126.75688662552906, 34.77023543845936], [126.7678139673279, 34.7703016462668]], [[126.81152368301905, 34.77055667112985], [126.82245119642678, 34.77061797570361]], [[127.00822350257818, 34.77151010267489], [127.0191515245091, 34.77155375374324]], [[127.23771614039885, 34.77222079401947], [127.24864453939738, 34.772243846573346]], [[127.40164316050995, 34.77246358298587], [127.41257168625994, 34.77247192124896]], [[128.53813630216644, 34.76807719271478], [128.5490624391642, 34.767983532174306]], [[126.37433361551973, 34.77631649727904], [126.41804177285137, 34.77671283671287]], [[126.48360556678365, 34.77727792928779], [126.49453304076022, 34.77736867925751]], [[126.77866287525586, 34.77938393294045], [126.82237748167115, 34.779635119065524]], [[126.31905692113915, 34.820878118228116], [126.32998954969665, 34.82098375224065]], [[126.36278777301425, 34.82129476189838], [126.37372062490638, 34.82139646760307]], [[126.43931886250684, 34.82198607681239], [126.45025208488008, 34.82208090736595]], [[126.80013914326261, 34.82459679543731], [126.81107376311338, 34.82465920556587]], [[126.93135666636604, 34.825280861153246], [126.95322666369161, 34.825381114269994]], [[127.01883727407969, 34.825658287454374], [127.02977246043788, 34.82570104325886]], [[127.32502936383541, 34.826483934100224], [127.35783625830146, 34.82652669179631]], [[128.4622803513635, 34.82280419044729], [128.49508105166683, 34.822540326455616]], [[126.53698441559591, 34.88591886160233], [126.5479264270313, 34.88600505262831]], [[126.63546413687074, 34.88665913234168], [126.64640654493627, 34.88673646105011]], [[126.72300453135026, 34.88725018791957], [126.73394725589172, 34.887319638177416]], [[126.77771852046232, 34.88758759052752], [126.78866142555226, 34.887652116391756]], [[126.84337645814543, 34.88795997186496], [126.87620586430582, 34.88813286572276]], [[127.2373441588879, 34.88944957142725], [127.24828805657387, 34.88947272420943]], [[127.25923196647592, 34.88949489179373], [127.28111982080391, 34.889536271354785]], [[127.31395168063877, 34.88959095162957], [127.33583963322752, 34.88962247906794]], [[127.54377617181247, 34.88972543622932], [127.56566424709573, 34.88971558384484]], [[127.57660828022259, 34.88970917979771], [127.5984963347911, 34.88969341599874]], [[127.60944035517045, 34.88968405624939], [127.63132837946361, 34.88966238105838]], [[126.36167021531998, 34.902437535436725], [126.37261380553961, 34.90253954689105]], [[126.56960727343146, 34.9042072913531], [126.58055181268702, 34.90429058391097]], [[126.71188961376085, 34.90521323399316], [126.72283469190678, 34.905283716080085]], [[127.70798169272028, 34.90759054924202], [127.71892802849126, 34.90757132445605]], [[128.0363649827987, 34.9065849715822], [128.04731076838826, 34.906536172866105]], [[128.28811038623917, 34.90521323399316], [128.29905542611888, 34.90514176641413]], [[128.47417042657315, 34.90386426792583], [128.49605899493073, 34.90368684448517]], [[126.52593603579216, 34.89484798377487], [126.53687919557626, 34.89493518850729]], [[126.5697089532655, 34.89519089286513], [126.58065229683827, 34.89527415765969]], [[126.64631327671921, 34.89575306060374], [126.66820060715587, 34.89590481430279]], [[126.7338635504335, 34.896336432209054], [126.77763959678155, 34.89660447391687]], [[127.22637037499986, 34.89844292974613], [127.237315455851, 34.89846707577256]], [[127.28109590147004, 34.898553804614515], [127.31393134913182, 34.898608503125196]], [[127.59850709860264, 34.89871100166635], [127.60945231495369, 34.89870163879551]], [[127.71890409852998, 34.898553804614515], [127.75173945054506, 34.8984902362762]], [[128.04725094755824, 34.89751899808756], [128.05819551035364, 34.8974692302653]], [[126.54803040576653, 34.87698868331173], [126.55897126881256, 34.87707386128031]], [[126.6683823220633, 34.877871500409945], [126.67932365799885, 34.87794584998985]], [[126.7887391192324, 34.878635197932496], [126.79968086387207, 34.87869871770134]], [[126.83250629949852, 34.878883369418574], [126.84344817684115, 34.87894295076211]], [[126.86533202654337, 34.87905915954911], [126.8872159993973, 34.87917142974169]], [[127.24831555147668, 34.88045519872148], [127.25925826598655, 34.880477358914476]], [[127.53282854436625, 34.880711273665824], [127.54377139001075, 34.8807078264798]], [[127.56565707439779, 34.8806979773804], [127.57659991207852, 34.880691575468575]], [[127.63131403411795, 34.88064479233335], [127.6422568415366, 34.88063248100143]], [[127.06238727366218, 34.86189305435671], [127.07332731944639, 34.86193193078362]], [[127.54376183277735, 34.86267256677753], [127.55470228699328, 34.86266813763778]], [[128.46270020460074, 34.858869798841056], [128.47363858728073, 34.85878271035344]], [[126.81099865981037, 34.83367624728874], [126.83287038269125, 34.83379816031433]], [[126.92035852422056, 34.83424649248258], [126.93129467380074, 34.83429811036428]], [[126.98597582426436, 34.834541453729265], [127.00784846242733, 34.834631909445456]], [[127.02972119593674, 34.834718432714595], [127.04065759712236, 34.83476021966434]], [[127.41250500822746, 34.83559597830476], [127.42344187292831, 34.83560335281226]], [[127.52187375853828, 34.83562547635223], [127.54374751283848, 34.83561957673899]], [[126.37310627149168, 34.866476093820374], [126.38404513845511, 34.86657698555651]], [[126.54813433832963, 34.86797230032747], [126.57001372194077, 34.868141615454505]], [[126.79975732861298, 34.86968176451131], [126.86540132435816, 34.87004208616785]], [[126.88728290812651, 34.870154318923134], [126.90916461074931, 34.87026261432626]], [[127.07328074055268, 34.87094932024541], [127.08422200124035, 34.87098722517828]], [[127.33587548853393, 34.871587314817916], [127.36870030485682, 34.87162719020221]], [[127.53282495960688, 34.871693649365184], [127.54376661033268, 34.8716902033287]], [[126.52540325081074, 34.93992926766173], [126.53635239391872, 34.9400166178406]], [[126.67869532365512, 34.94106238414031], [126.70059486413028, 34.941208470353665]], [[126.8648460790223, 34.942178294581105], [126.87579642694516, 34.94223505429941]], [[127.10575992443178, 34.94319900868269], [127.11671081708727, 34.94323405353097]], [[127.55475613009574, 34.94382637075756], [127.57665856722274, 34.94381452422924]], [[127.85043639524815, 34.94333326535886], [127.88328918291275, 34.94323405353097]], [[128.34320405710133, 34.940912350838424], [128.36510327388245, 34.940758370542994]], [[126.32871174203817, 34.91114128163836], [126.36154576627614, 34.911453330250296]], [[126.51477755956255, 34.912792289892295], [126.52572306376682, 34.9128805383917]], [[126.56950554842665, 34.9132236761805], [126.59139706402479, 34.913389331160204]], [[126.62423466705357, 34.91363042094068], [126.63518062050636, 34.913708812766075]], [[126.86505452727008, 34.91512731786263], [126.87600128202196, 34.91518402085948]], [[127.22631053724318, 34.916477882056824], [127.2372580115133, 34.91650204418844]], [[127.57663340696952, 34.91676191235332], [127.58758102589967, 34.91675451567631]], [[127.82842662403533, 34.916342278836304], [127.85032138058638, 34.91628113443311]], [[128.09115827398688, 34.91534821398552], [128.10210511807495, 34.91529446892965]], [[128.29914279531798, 34.9141584627936], [128.31008899281645, 34.91408598557784]], [[126.29521923556527, 34.95589807682727], [126.3061696681426, 34.95600621433901]], [[126.52518980531927, 34.9579616853854], [126.53614134547857, 34.958049093786606]], [[127.11662685960034, 34.96126867411056], [127.12758016949644, 34.96130275454554]], [[127.13853349751398, 34.9613358472012], [127.14948684312002, 34.96136795207233]], [[127.20425381632501, 34.96151365948736], [127.21520725627035, 34.961539837549935]], [[127.5438145027899, 34.96186583158523], [127.55476812448974, 34.96186138617383]], [[127.76288582279825, 34.96158923022057], [127.77383928992641, 34.961565027795665]], [[128.12434029483487, 34.960269008962214], [128.13529304086603, 34.960212211409285]], [[126.49178302233838, 35.00277389448395], [126.50274042027584, 35.00286441519428]], [[126.86435861825815, 35.0052967666095], [126.88627614995993, 35.00540956176968]], [[127.55479815713393, 35.006948689914736], [127.56575778268468, 35.006943247580196]], [[126.49189361032984, 34.99375785037325], [126.5028498068746, 34.99384834095054]], [[126.59050108292489, 34.994536677032265], [126.60145769739262, 34.994618270270955]], [[126.88634347604933, 34.99639264025669], [126.89730108501865, 34.99644753565466]], [[127.55479214526794, 34.997931256006865], [127.56575056844807, 34.99792581548419]], [[128.1574866555261, 34.996163169344314], [128.16844410967605, 34.99610332933153]], [[126.50295914490415, 34.98483225299217], [126.52486928138534, 34.98501020925285]], [[126.54677960779347, 34.985184212565386], [126.5686901198638, 34.9853542628196]], [[126.57964544418951, 34.98543780551605], [126.5906008133314, 34.98552035990771]], [[127.19319952839874, 34.988538541309474], [127.204156556007, 34.98856573434424]], [[127.77392934608069, 34.98861715400886], [127.78488640197492, 34.98859193857876]], [[128.13550195255425, 34.98726298514364], [128.16837080628827, 34.98708649061084]], [[127.54385778826584, 35.043022750052515], [127.55482223131885, 35.04301829129927]], [[126.6676544929096, 34.95000442934148], [126.67860540202716, 34.95007897744656]], [[127.21523844796154, 34.952522443660946], [127.226190702134, 34.952547625515514]], [[127.88333115233313, 34.952251370549064], [127.90523531651887, 34.9521802700551]], [[128.36519798943675, 34.94977486253929], [128.38709943483948, 34.949616882720186]], [[126.51456200445615, 34.93082473092003], [126.52550990247948, 34.930913038261316]], [[126.864915592636, 34.933161315870194], [126.87586474230322, 34.93321805667727]], [[127.08390374340455, 34.93410866320385], [127.10580307370854, 34.93418168988612]], [[127.22625064630343, 34.93451278065071], [127.23720051611974, 34.934536958894434]], [[128.11318607769272, 34.93327381085539], [128.1241352576968, 34.93321805667727]], [[128.31026624210165, 34.932119289221745], [128.34311177946813, 34.931895793908204]], [[126.28413568826493, 34.96480441687388], [126.29508726105911, 34.9649135776628]], [[126.87559129871654, 34.96928596599973], [126.88654527499101, 34.96934179453144]], [[127.12753936287612, 34.970320056003914], [127.1384938910022, 34.97035315968545]], [[127.14944843672447, 34.97038527525334], [127.17135757882502, 34.97044654202801]], [[127.18231217413698, 34.970475693225076], [127.19326678491244, 34.970503856289085]], [[127.5438193037465, 34.97088332065185], [127.55477412568376, 34.9708788737593]], [[128.38729378909662, 34.96764972051973], [128.42015282737955, 34.967405185248026]], [[128.44205862990498, 34.96723722347794], [128.4530114626707, 34.967151761155854]], [[126.30669219043156, 34.919943928562084], [126.32858364887112, 34.92015695864491]], [[126.52561650679127, 34.921896795170746], [126.53656325497559, 34.92198408715229]], [[126.59129768733929, 34.922405757547345], [126.62413888077725, 34.922646927696796]], [[126.66792773195121, 34.92295468307938], [126.6788750471395, 34.923029156697524]], [[126.70076979666854, 34.92317514557776], [126.71171722994599, 34.923246660816766]], [[126.86498507538073, 34.92414432363017], [126.87593302732436, 34.92420104553011]], [[127.81751395034867, 34.925388792311914], [127.82846255029773, 34.92535968964118]], [[128.01458587319487, 34.924714016612775], [128.03648231015111, 34.92461931319993]], [[128.10217097834936, 34.924311530420454], [128.11311899040837, 34.92425678112981]], [[126.59030148918491, 35.012569270283926], [126.60126050733874, 35.01265091787001]], [[126.86428885720494, 35.01431363703056], [126.87524881035445, 35.0143705481852]], [[126.52497617015062, 34.97599404832834], [126.54688409575898, 34.97616799370366]], [[126.5687922069481, 34.976337987336635], [126.57974633080326, 34.976421502215985]], [[126.88647803855174, 34.978358756636], [126.89743324509595, 34.97841361548355]], [[127.17132155668749, 34.9794638721671], [127.18227735267061, 34.97949303307569]], [[127.76294344602738, 34.97962401059823], [127.7738993140279, 34.97959979204387]], [[128.42025366919677, 34.976421502215985], [128.4421618715776, 34.97625348449472]], [[126.46964224235013, 35.020621811024625], [126.50252150128549, 35.020896522531146]], [[126.87518022136469, 35.02338742401083], [126.8861414080391, 35.023443364193106]], [[127.77404960777524, 35.0246864674391], [127.78501147392986, 35.024661218404525]], [[126.60917815223816, 35.29223145254138], [126.62017479004433, 35.292311946391926]], [[127.37901779758818, 35.29545147484797], [127.39001616066348, 35.295461975821]], [[127.57698871977124, 35.295487478208415], [127.58798709747447, 35.295479977502644]], [[127.99491945536246, 35.294499410948575], [128.01691509477013, 35.294407407322744]], [[128.29185059316598, 35.29291991105481], [128.30284756244018, 35.29284741423825]], [[128.69870791814193, 35.289571849167466], [128.70970306405738, 35.28946237354081]], [[128.99555437139998, 35.286265365964624], [129.00654771948268, 35.28612892039706]], [[126.40782708916254, 34.72251820623681], [126.44058724283691, 34.72280752641661]], [[126.65899933295499, 34.724511228787826], [126.68084150391367, 34.724660065362954]], [[126.98664657591839, 34.726332600239424], [127.00849067527633, 34.7264226942033]], [[126.50664789056192, 34.67827711424047], [126.51756242049574, 34.678365577162076]], [[126.56122100804592, 34.67870965793947], [126.64854031940435, 34.67935091636782]], [[126.69220097597257, 34.67964809240193], [126.70311623868245, 34.67971994324112]], [[126.97600891245446, 34.68119856803305], [127.0196734174324, 34.681378455032934]], [[126.86719230491182, 34.63559343814381], [126.8781022092349, 34.63564955714784]], [[127.0417540687428, 34.6363742395059], [127.05266438857646, 34.636414744471324]], [[126.52868752434881, 34.660419797907075], [126.56142444169653, 34.66067622128703]], [[126.69237603436059, 34.66161402832638], [126.70328893223443, 34.6616858311266]], [[127.03069133783343, 34.663385733478734], [127.04160518018016, 34.663427256025905]], [[126.38586627121148, 34.7313365708951], [126.40770848174668, 34.73153440995522]], [[126.65890799324724, 34.733528098555844], [126.66983024449168, 34.73360303132282]], [[126.83366852499302, 34.73460951044729], [126.84459135393175, 34.73466877441711]], [[127.00843728820226, 34.73544020279503], [127.0193605599423, 34.73548379557448]], [[126.51766888956502, 34.669348980681285], [126.52858228442312, 34.66943643727726]], [[126.85600351382598, 34.671605883318854], [126.86691811409845, 34.6716630545751]], [[127.01972547931666, 34.67236085124611], [127.03064048163047, 34.672403364914395]], [[126.46265281271037, 34.70496274598908], [126.47357069814909, 34.705055209762016]], [[126.6701005861589, 34.70655230618889], [126.68101932163277, 34.70662618563298]], [[126.84480479654714, 34.707616981342746], [126.85572410054215, 34.70767520752118]], [[126.97583837865717, 34.70825111827068], [126.98675802063553, 34.70829760292296]], [[126.66974005051176, 34.74261991254685], [126.6806635281423, 34.74269389080834]], [[126.82267214432075, 34.74356646452165], [126.83359612765459, 34.74362672799928]], [[126.84629095587546, 34.5182510309823], [126.85718549614259, 34.51830884936382]], [[126.28980906622064, 34.5771269586822], [126.30070956764068, 34.577234563277564]], [[126.86760267857021, 34.58148860924889], [126.87850550897713, 34.58154461566712]], [[126.68375538750128, 34.42709411814893], [126.69463769449864, 34.42716626645206]], [[126.85787662062708, 34.428132306059894], [126.87964236998901, 34.42824465078072]], [[126.85635208290032, 34.62651892462967], [126.86726077651329, 34.62657600034184]], [[126.67180440841575, 34.53522821209608], [126.68270073334459, 34.535301623304115]], [[126.86794382191839, 34.536400881500526], [126.87884077178188, 34.536456794206664]], [[126.86732921770044, 34.6175585490655], [126.87823676195615, 34.617614630525]], [[126.85711621463562, 34.52732642969833], [126.86801195968772, 34.52738329557024]], [[126.67117835709503, 34.59834818452615], [126.68208291654408, 34.59842176802246]], [[126.85656085297515, 34.599466587661745], [126.86746600888472, 34.599523606096184]], [[126.68331663159051, 34.472180815322524], [126.71598121164782, 34.47239471417316]], [[126.8466427641604, 34.47316302428867], [126.85753144227618, 34.47322074584297]], [[126.71606552885771, 34.4633773300644], [126.72695262716242, 34.46344666683093]], [[126.84671303206837, 34.46414538257958], [126.85760053931584, 34.46420308478071]], [[126.84692364853751, 34.43709237674141], [126.85780764629983, 34.437150020907545]], [[126.814198162256, 34.44593125461746], [126.84685347424342, 34.446110058804294]], [[126.4956245263307, 34.687204197598156], [126.50654019129887, 34.68729366749099]], [[126.64844799921377, 34.68836782869378], [126.69211338843446, 34.688665104104075]], [[126.72703573674215, 34.45442924596481], [126.7379217017983, 34.454497590315505]], [[126.68057448094397, 34.75171078317014], [126.6914991849954, 34.751783806265344]], [[126.27877673415247, 34.586034389256135], [126.28967835415887, 34.586143003371234]], [[126.67126791224958, 34.58933108625309], [126.68217129377035, 34.589404645121135]], [[126.30083904550416, 34.56821846879144], [126.31173842828767, 34.568325064509224]], [[126.68234793047151, 34.5713703586819], [126.693248996927, 34.57144289495694]], [[126.6819945000446, 34.60743887737601], [126.6929002772355, 34.60751151084957]], [[126.67171509167818, 34.54424539165176], [126.68261259139994, 34.54431882745677]], [[126.34468629631114, 34.550606502521504], [126.35558355293571, 34.550709137884176]], [[126.68252441028422, 34.55333601807174], [126.69342312450902, 34.55340850577844]], [[126.67305068457878, 34.40898627726207], [126.68393061708827, 34.40905934465806]], [[126.61874618203777, 34.39958917319971], [126.65138199571524, 34.399819907541094]], [[126.58708894032135, 34.309177242895935], [126.59795573596375, 34.309257751882676]], [[126.4407022431303, 34.713791212308905], [126.46254023218145, 34.71397913659406]], [[126.47368204482686, 34.69603877456965], [126.49551559582328, 34.69622070727737]], [[128.5699844595561, 34.69566317718557], [128.58090095808393, 34.69556683376552]], [[126.60872727396271, 34.3183546610017], [126.61959531652559, 34.31843326871775]], [[126.31186667299741, 34.559308920568704], [126.32276493709479, 34.559414508051034]], [[128.09885405857193, 35.96123891148294], [128.15430039752445, 35.96094941721842]], [[128.3538998778186, 35.959695163589544], [128.3649883584488, 35.959615750795265]], [[128.85283034103531, 35.95510769526588], [128.86391630308708, 35.95498220213608]], [[129.11887330427444, 35.95181338995824], [129.12995746039942, 35.95166333642031]], [[128.15777538388485, 35.03223046841901], [128.17969988153112, 35.03210963870818]], [[126.27545094646163, 33.30541424796928], [126.29693010674552, 33.30562408552437]], [[126.7040045293609, 33.42615231463123], [126.73627206581634, 33.42635519577373]], [[126.75778393347139, 33.42648578713657], [126.77929593785285, 33.42661264821921]], [[126.33941095965794, 33.342104835665005], [126.43611154369923, 33.342970944865776]], [[126.65048950330653, 33.3987391745039], [126.67199411702752, 33.39888453758961]], [[126.54326525822853, 33.37090079506485], [126.59700841691402, 33.37130337871999]], [[126.82210994287128, 33.45391249642601], [126.8328694617545, 33.4539708571979]], [[126.4358920970825, 33.36100755936454], [126.54336397006503, 33.3618822099006]], [[126.78990507988094, 33.44471278168647], [126.8221801067963, 33.44489340396341]], [[126.29668230693635, 33.323659938730366], [126.32890809236737, 33.32396794581536]], [[126.5969152066748, 33.380322087682984], [126.62916493142674, 33.380552550459285]], [[126.77922138671008, 33.43563168464145], [126.78997855133441, 33.43569373742357]], [[126.17893352802085, 33.29540651418784], [126.2111474824163, 33.295744814140164]], [[126.25410024631672, 33.29618289647132], [126.2755769728634, 33.296396372644494]], [[126.62907500870082, 33.38957132458649], [126.65057724565922, 33.38972036294691]], [[126.68257754528665, 33.4169935525509], [126.70408683023805, 33.417133421627796]], [[126.73635103124211, 33.4173362337082], [126.75786067518872, 33.41746678061671]], [[126.32878742814104, 33.33298595716031], [126.33953057093997, 33.33308680343986]], [[126.67190855707456, 33.407903385326115], [126.68266203208984, 33.407974693853994]], [[126.87571387746155, 33.48125245052819], [126.92952921154865, 33.48151184245964]], [[126.83280038051937, 33.46298995625207], [126.86508246160541, 33.463159494680255]], [[126.168332673835, 33.286274380546665], [126.17906943431842, 33.286388962911786]], [[126.21128007692852, 33.28672714749258], [126.23275413472143, 33.28694796827761]], [[126.24349125095961, 33.28705698793823], [126.25422842477029, 33.28716508042181]], [[126.15773402688852, 33.277141384733966], [126.16846962299847, 33.2772568547578]], [[126.23288446318892, 33.277930212740614], [126.24362047589159, 33.27803919521636]], [[126.86501669298748, 33.472178638158674], [126.87577856038793, 33.47223330170935]]]}}